id,trigger_words
521cd2e8-dd9f-42c4-98ba-c0c8890ff1ba,"[(0, 253)]"
9b2a61e4-d14e-4ff7-b304-e73d720319bf,"[(20, 26), (32, 52), (53, 74), (172, 188), (324, 326), (374, 387), (388, 425)]"
f0f1c236-80a8-4d25-b30c-a420a39be632,"[(0, 0), (20, 127), (142, 143)]"
31ea05ba-2c2b-4b84-aba7-f3cf6841b204,[]
a79e13ec-6d9a-40b5-b54c-7f4f743a7525,"[(0, 0), (24, 25), (87, 103), (127, 309)]"
d7395991-9bea-42c8-a999-4634b917f0eb,"[(0, 156)]"
b8941fdc-bbd6-4199-802a-f87bef2244c2,[]
f5a1fbe5-43d6-4f07-ab6f-93b8d6984e57,"[(89, 113), (232, 252)]"
6f6f382b-8b90-4b18-951f-109a8c5b0406,"[(0, 0), (49, 50), (98, 99), (119, 240)]"
b0a8c454-62cf-4a0d-a42b-176d7664b78b,"[(817, 900), (901, 1015)]"
37bf798a-3156-4eae-9d8e-cbd957e19ae8,"[(30, 173), (176, 200), (201, 290), (291, 311), (347, 355), (358, 368), (393, 396), (401, 405), (455, 477), (519, 524), (533, 596), (613, 628), (630, 644), (660, 663), (676, 748), (749, 854), (860, 906), (909, 910), (921, 922), (927, 989), (991, 1038), (1039, 1068)]"
d6a29c71-5ff8-4ecf-a22a-64621911ed5b,[]
a39e00bb-702c-4acd-8bd8-124b9a4661f0,"[(47, 94)]"
e0b3564d-3ffb-4f7a-ac51-bb13a22342a8,"[(0, 1), (3, 78), (118, 232)]"
098e1c91-22c4-4f49-8e6e-a471bc108ab3,"[(0, 0), (9, 93), (120, 301), (320, 338), (350, 355), (366, 370), (376, 805)]"
508e7f83-84a4-4940-b7e1-49a4284577d4,"[(94, 141), (143, 144), (208, 229), (269, 369), (371, 540), (546, 565), (566, 572), (589, 594), (670, 862)]"
4ebe44ea-0432-406e-bbb8-ec83c146ba0b,"[(5, 13), (14, 20), (22, 80)]"
c7f6d9b4-9e8c-4cfc-a8f5-f5111c1704f0,"[(0, 0), (12, 0)]"
a12faf39-d870-4819-9911-bea33f2ee158,"[(0, 9), (18, 30), (37, 38), (48, 53), (131, 135), (138, 141), (170, 180), (181, 187), (193, 197), (497, 505), (507, 523), (628, 633), (644, 648), (674, 696), (703, 737), (773, 826), (839, 849), (869, 873), (874, 879)]"
d22586a5-48ba-4f43-b729-8a029e374732,"[(0, 0), (33, 34), (135, 142), (146, 164), (208, 344), (347, 371), (382, 405), (473, 480), (521, 522), (535, 540), (543, 1201), (1202, 1209), (1222, 1344), (1345, 1346)]"
83b1f511-296e-4cb9-a759-cf3076098a32,"[(0, 1), (15, 17), (22, 24), (26, 49), (74, 75), (146, 325), (329, 488)]"
4aafdaf9-8d2c-42ef-a493-38a50306c42a,"[(170, 203)]"
272b5cb6-4706-4787-ba4c-fd856cc12373,[]
deede68d-63a5-4268-b58d-4af22642af5c,"[(0, 2), (6, 8), (15, 57), (65, 82), (93, 834), (848, 849)]"
3222ff30-f14b-4cc0-a787-0f14d1b72480,[]
ae5bb90f-5bb9-4e03-8f6f-af31f62e0831,"[(0, 154)]"
74c55250-3e42-4c95-b7dc-18964228fcd5,[]
27374035-9952-4dab-890e-32692bda37db,[]
3a36cb9c-90f2-46ee-8262-b512e2f5bec8,"[(2, 52)]"
1b625af8-0e46-4b32-b330-d00b98bf0804,"[(0, 0), (38, 163), (177, 178), (203, 209), (269, 270), (279, 836), (852, 865), (921, 1321), (1391, 1504), (1530, 1548), (1583, 1645), (1687, 1740), (1761, 1776), (1779, 1784)]"
4a7db063-7779-411e-b77a-f93567a40e12,"[(0, 0), (41, 202)]"
b23d31fd-0c3f-4b96-919a-e9f897110a1a,"[(6, 10), (13, 18), (101, 132), (240, 304), (305, 310)]"
0cef6099-5f35-4508-9fba-901fcc29e97f,"[(237, 274), (293, 304), (320, 325), (327, 389), (456, 505), (506, 569), (570, 694)]"
a03db8f6-7272-4cad-a974-3bd0fcaf2978,"[(0, 1), (3, 4), (8, 9), (25, 773)]"
6a500038-f060-42c2-bd8c-b73a5d976589,"[(0, 0), (24, 121)]"
346fc1f7-7b3e-47ab-8cae-8c36603573ce,"[(29, 30), (451, 490)]"
81ae6f4f-ae8a-4c21-abb4-00d442daef32,"[(0, 72), (76, 148), (157, 162), (169, 170), (203, 241), (252, 314), (316, 605), (606, 607)]"
0fdfd17b-7b45-4666-8eac-3cdf965cb073,"[(67, 207), (208, 220)]"
08609599-9deb-4a38-a414-c5abe7274dd4,"[(163, 165), (175, 183), (187, 188)]"
734b11af-2fcc-45d3-8929-1027672545a4,"[(7, 36), (39, 85), (523, 539), (551, 557), (657, 734)]"
47365de2-5b4f-4d3b-a978-3793ca9cd9d9,"[(2, 54), (133, 139), (140, 162)]"
20ed6781-226a-4a5a-8d1a-6eb8ae28228c,[]
1485eb75-decd-4f7a-a141-3e3c3e2ba990,"[(0, 37), (47, 48), (97, 557), (577, 674), (675, 676)]"
769db323-937b-418a-9547-a8b72232b049,"[(243, 248), (251, 263), (335, 340), (358, 371), (378, 448), (450, 487), (489, 593), (2140, 2219), (2222, 2278)]"
9730548e-b4fd-4ac2-8d33-9238313abccc,"[(0, 8), (11, 46), (96, 105), (108, 170), (172, 218), (223, 230), (261, 380), (382, 435), (441, 486)]"
ea909b96-a835-4b11-a9e1-88ddf665a6a3,[]
eee09e83-1252-4cd1-8e46-120e74093add,"[(69, 114), (118, 134), (143, 144), (154, 161), (169, 177), (185, 190)]"
c5350503-77c1-4c0c-be46-091940887b89,"[(40, 56), (63, 128), (196, 229), (233, 247)]"
270c95e0-691d-4fb6-84a5-ab3fab6f6369,"[(0, 17), (20, 30), (68, 82), (88, 97), (99, 169)]"
becfc8a8-8415-4f96-bea8-0ccd00798692,"[(129, 176)]"
b90b389e-9ca1-4d72-850d-3752a7e971d6,[]
17de20fd-a181-4aa4-92d7-3fd5a7ebd24b,"[(0, 412)]"
aabd6409-3ef9-44dd-9f99-2165edfe9fd8,[]
1c32a9ab-6954-4c32-8519-ee4edacef030,[]
e00756d1-8986-479b-adc7-0b70cc0d146f,[]
a503facd-4251-4e2a-ad97-2ae58f83b922,[]
51f903ee-320a-47bb-911f-21646d128bec,"[(22, 71), (78, 84), (92, 96), (101, 111), (119, 136), (143, 171), (175, 181), (469, 475), (480, 506), (510, 518), (539, 540), (551, 557), (575, 630), (693, 706), (715, 723), (734, 738), (742, 751), (902, 919), (934, 943), (953, 955), (964, 984), (985, 1013), (1015, 1080), (1081, 1106), (1108, 1278), (1280, 1657), (1659, 1775), (1781, 1787), (1791, 1803), (1811, 1846), (1848, 1858), (1861, 1879), (1884, 1893), (1952, 1962), (1978, 1982), (2010, 2025), (2047, 2053), (2066, 2069), (2116, 2135)]"
6dd9ee74-38f7-4f98-83bc-2685c7dc8f03,[]
2fc5ace5-d3a5-40e4-8983-8b0c5b42fe4b,[]
acd588d2-e240-43d7-859f-b3971316323f,"[(162, 171)]"
eaa33011-46d2-4ebc-8937-acaebe3cecaf,[]
77bb4115-3fa2-4fd4-a1b1-f4a8cc01d83b,"[(0, 0), (35, 40), (55, 56), (60, 61), (111, 442), (448, 491), (496, 508), (532, 853)]"
e07f78bb-bf84-4cee-8a8e-6dc3fb4eabc6,[]
753ed054-f374-4fdc-a291-599527c2da92,"[(42, 64), (70, 74), (117, 181)]"
11f60f92-d9c6-4f8f-bc3d-5e1e481f9b55,[]
ea1d3ed0-11b1-4545-a055-1a39c6c67e83,"[(85, 180), (360, 393)]"
e41bfa54-0ba5-41e1-9912-ed1c2246a550,"[(71, 89), (102, 108)]"
37ddf227-b1b0-4519-9c10-ab957928e1ec,"[(0, 62), (64, 91), (113, 114), (121, 174)]"
d77d1803-fb2a-436a-9bb4-8eed0e4b3fbe,"[(157, 208), (209, 319), (320, 328)]"
64118fb0-82b5-43a9-9dab-5ee116530d40,"[(0, 0), (10, 11), (34, 37), (76, 77), (79, 80), (117, 209), (215, 242), (244, 299), (390, 483)]"
c7e96c72-31f3-4afe-87db-d9d76f04522f,"[(0, 16), (73, 139), (142, 995), (1005, 1006)]"
1344f2fd-b7de-4000-abcc-2c3713fae469,[]
ecb7f623-f8f1-4b23-945e-6508cd703580,"[(51, 140), (142, 282)]"
9143bb42-e001-4c05-a3b6-02d3bc75102b,"[(0, 71), (72, 89)]"
e9245f03-818f-4da1-af84-ea54a45d2202,[]
37bf929d-9235-4cd0-8a7a-6f454299e615,[]
1c50e7ec-4d62-42cd-a103-4f37d10da350,"[(0, 1), (7, 8), (28, 29), (42, 286)]"
4a6dcffd-0cee-4f16-9e82-985fa5c0ce1e,"[(40, 63)]"
caee9579-ac3d-4c8f-b554-e5d1e359fce9,[]
f4da2413-e371-46d3-9909-677117f29947,"[(0, 6), (14, 92), (93, 102), (134, 151), (153, 176), (182, 189), (194, 246), (248, 253), (254, 292), (473, 520), (522, 584), (632, 784)]"
46349c59-a7c5-4edb-9b4c-4018ebc48365,"[(8, 16), (29, 34), (39, 42), (75, 111), (121, 203), (204, 211), (403, 405), (453, 455), (557, 563), (583, 640), (642, 816), (864, 869), (1494, 1497), (1504, 1516), (1518, 1529), (1539, 1540), (1555, 1563), (1564, 1768), (1770, 1779), (1785, 1804), (1819, 1824), (1826, 1841), (1844, 1852), (1875, 1992), (2283, 2284), (2292, 2307), (2329, 2346), (2352, 2372)]"
f5678ed7-31f1-460d-bbff-4c3330fa4a7b,"[(0, 1), (4, 517), (520, 791), (795, 796), (807, 918), (944, 978), (997, 1007), (1040, 1061), (1069, 1072), (1084, 1326)]"
02a7526e-7e92-4228-926c-e310dc485b35,"[(0, 451), (462, 463)]"
f9d773e1-b35d-4b59-8b7e-226a73e304a7,[]
e0a0dff9-06dc-4e3b-8c93-a8bb72dce66b,"[(329, 357)]"
74dca9db-33e5-49b7-95ee-da49906f1b17,"[(33, 76)]"
d066e887-ac48-4c15-ad6d-39e55abe2717,"[(0, 27), (30, 45), (73, 74), (78, 110), (282, 309), (376, 388), (402, 414), (419, 426), (440, 444), (459, 534), (555, 563), (579, 586), (588, 591)]"
1af14d5c-c861-489e-9ca0-cb25cd5e15fb,"[(0, 71), (72, 94), (122, 135), (136, 190), (198, 201), (231, 240), (313, 329), (335, 349), (351, 366), (367, 529), (531, 739), (776, 806), (824, 847), (860, 899), (910, 940), (950, 1033), (1067, 1111), (1121, 1125), (1137, 1143), (1148, 1169), (1182, 1200), (1214, 1241), (1242, 1255), (1279, 1288), (1302, 1348)]"
93899c2c-7b7d-4675-824a-e406559a6068,[]
20cb9269-874e-4f6d-bb23-fa0e6a91b922,"[(0, 90), (121, 145), (165, 173), (186, 223), (265, 401)]"
4eff4d00-2d62-4661-9389-da8b3ec4f9d2,[]
c3f4271f-6e7c-4746-b18d-7d07ba32502e,"[(87, 99), (784, 881), (899, 912), (1169, 1182), (1193, 1198), (1204, 1212), (1514, 1518), (1555, 1563), (1661, 1665), (1666, 1677), (1708, 1713), (1719, 1720), (1815, 1825)]"
4e8c5f78-788e-4b7f-8e72-ad50c500e5c7,"[(56, 61), (85, 119), (121, 133), (158, 165), (180, 195), (724, 849), (895, 901), (902, 1133)]"
3a5b4382-b9fa-4b1b-bb94-1d6023058e8b,"[(24, 82), (157, 175)]"
c837548b-b0a3-4cfd-94ae-1bd960b540c9,"[(0, 10), (11, 122), (124, 345), (347, 420), (424, 426), (428, 436), (528, 530), (542, 545), (550, 553), (556, 559), (606, 619), (628, 629), (636, 637), (644, 660), (695, 751), (752, 781), (783, 815)]"
40a33723-8993-4876-87c2-2eb16286e127,"[(766, 795), (796, 864), (866, 897), (901, 935), (1090, 1114), (1392, 1401), (1495, 1499), (1509, 1537)]"
1c5cb00e-6742-499d-a5bf-fd55956d402c,"[(147, 160)]"
83ef9b11-b88e-453f-a230-f5103788b046,"[(0, 0), (52, 139)]"
cc420f83-8fc7-46d9-85d3-d9d277b43358,"[(147, 155)]"
be00f20b-b9f2-4a71-b33b-74f032d81fdc,"[(78, 89)]"
45f8bb01-d338-4fa9-882e-72ff8a5d7f04,"[(0, 275), (295, 301)]"
e4e1862b-a7fa-42a7-a004-7e134321448d,"[(0, 0), (16, 172), (195, 197), (204, 286), (290, 316), (323, 324), (326, 381), (390, 396), (401, 482), (502, 503)]"
59bdfb32-472b-4d55-a76d-d851b6b3fb46,"[(154, 257), (740, 818)]"
e7fb3e28-86f7-4301-8460-418e80da4ffd,"[(21, 89)]"
c5d57b61-26fc-4b8c-9836-5cd6143dc083,"[(0, 0), (48, 158)]"
b9a67e84-0b8e-41b4-88d5-e2b18055d714,"[(145, 181)]"
b783871d-4c1f-4457-9f33-218c4342b52d,[]
47bafd18-32f5-43ab-90c0-4e475bd86acd,"[(0, 0), (5, 6), (42, 110)]"
41180d92-dd89-4c83-be93-263f1529750d,"[(16, 63), (68, 152), (335, 352), (529, 649)]"
8e409398-d40b-4e91-b4d3-6de3d1ae541d,"[(16, 43), (46, 88), (151, 163), (251, 257), (269, 335), (340, 527)]"
98c1f324-4e11-4625-aaeb-fb367645368b,"[(160, 178)]"
efd74e0d-6a6b-44a0-a309-c43beffa6fd2,"[(71, 78), (82, 122)]"
65471c70-acd0-438c-b12e-62fc6c9f38ac,"[(0, 54), (129, 142), (154, 159), (209, 224), (229, 235), (252, 288), (291, 589), (592, 593), (597, 600), (613, 671), (702, 778), (821, 848), (875, 878), (880, 1333), (1401, 1402), (1661, 1818)]"
6091d8d9-68ed-4ec4-a4df-d645ad4922ad,"[(0, 1), (11, 202), (266, 399)]"
273e07ff-022f-46c4-921d-e6c8297ffce0,"[(0, 0), (14, 42), (44, 136)]"
0cd62a6c-7f8c-44a4-bdba-a05685853d09,"[(66, 132), (138, 156)]"
43ab378f-fc13-4abd-b1b0-bb1e19cbee81,"[(0, 11), (14, 15), (32, 195), (199, 229), (234, 320), (325, 396)]"
dc6e64e7-9cb7-4071-b92a-3bf8f401c094,"[(0, 72), (110, 141), (146, 182), (184, 219), (241, 269), (275, 277), (281, 299), (300, 322), (323, 359)]"
c3e21168-07a1-4a92-86fc-57dd3d3dc95c,[]
50b8001f-e6cb-49ee-90b2-5bc24c455f32,"[(0, 126)]"
c5a12dae-d3ff-4b23-bc39-b815a3767be3,"[(946, 972), (973, 996), (1002, 1003)]"
e3b03d4b-43bf-4ec6-9ffb-3c03a460682c,"[(0, 0), (5, 16), (25, 349)]"
c4421bd7-afff-4b3e-8b0b-92fedc2d6e4b,"[(284, 367), (369, 377), (380, 382), (383, 391)]"
352432f5-4022-4520-9d13-1f0805febf7b,"[(0, 0), (19, 61), (130, 167), (171, 304), (310, 334), (449, 480), (520, 680), (706, 711), (818, 819), (846, 899)]"
b37555dd-d520-4259-a62f-2c2fc7a4d79c,"[(0, 510)]"
7ffebc5c-620b-4585-bfe3-eeea7fe9c21c,"[(207, 248)]"
94b8f624-bb3c-4f59-bf2d-5a2dabeeed97,"[(0, 137), (137, 189), (195, 206)]"
cabea841-7e22-41c9-b484-fb2bf64340a3,[]
45e80e57-ea07-4e78-8196-b1e4032caf3d,[]
ed713f22-2a52-4bae-89f7-070b2a85155d,"[(0, 0), (50, 53), (59, 122)]"
996d342d-c5b0-41b0-a5a4-3a3591395a8a,"[(0, 7), (9, 15), (25, 195)]"
3dc9058b-26e3-4ec1-87d8-5753516e7cfd,"[(0, 0), (7, 11), (105, 181), (184, 227), (262, 327), (353, 354), (522, 523), (649, 1021)]"
04638986-04a1-4596-81b8-e746645ebe22,"[(396, 421), (432, 579), (923, 942)]"
655e9c76-0eff-4c8a-bafd-9c5ff59c1574,[]
b01e4315-6c12-4ad0-9222-ce0604144f55,"[(57, 73), (206, 310), (314, 334), (339, 359)]"
c07b8cc5-c1ab-42f1-bad1-14c438065f8b,"[(0, 137)]"
eb9e1d23-d43c-4446-8617-cb7c72cad053,"[(0, 328)]"
0dafa625-80f8-4c8a-bc02-a1d7b3197af7,"[(2, 220), (221, 315), (337, 372), (410, 419), (446, 452), (462, 479), (505, 543), (1602, 1620), (1635, 1653), (1663, 1669), (1679, 1715), (1721, 1722), (1747, 1778), (1814, 1888)]"
4995a393-ebad-423b-aba6-e060b9d7e86e,"[(0, 1), (6, 42), (52, 64), (72, 91), (134, 135), (140, 149), (174, 177), (203, 223), (233, 415)]"
457eea94-7805-4f77-8fc0-41d741d674d5,"[(0, 0), (2, 171)]"
ae9d92a5-a0a6-40ee-a572-e345955e38d3,[]
4f98218a-bdb0-4228-ba79-dbed4d573159,[]
37f7ce68-46b4-4f30-80f0-3a76f0446432,"[(5, 45), (55, 96), (131, 222), (229, 240), (261, 262), (291, 359), (365, 484), (488, 524), (531, 541), (555, 571), (576, 580), (590, 591), (596, 623), (624, 627), (648, 653), (669, 778)]"
3c21fdc6-d2cd-4264-a728-097f61a7af9d,"[(39, 89)]"
57eeacc2-2340-4add-9a36-dd4deb4ad81e,"[(0, 1), (69, 98), (203, 215), (217, 451)]"
8d4b87db-7b1f-41d7-a317-6c21b3df2fb2,"[(0, 23), (49, 53), (61, 63), (68, 127)]"
47124535-2c19-4a38-bef6-3b2e23483395,"[(0, 0), (13, 110), (114, 627), (631, 861), (866, 968), (973, 1129), (1134, 1204)]"
ec8b880f-d490-44bc-95dc-4604fd391a1e,"[(0, 71), (72, 137)]"
85d6f61f-1ee3-4766-b616-593801e38dd9,"[(2, 184), (185, 189), (193, 196), (207, 209), (223, 226)]"
b8f677f5-b5d7-4bbd-8dc0-fad1fad9d5b2,"[(0, 42), (49, 95)]"
7be90951-d232-4ce1-b75c-197589afe7be,"[(0, 103)]"
44064145-afa3-4efe-89a2-e01ac80d168a,"[(55, 60), (62, 69), (129, 163), (248, 295)]"
cd0a202d-1bc6-4ae3-9722-25e75e686d5e,"[(0, 387)]"
4862bd86-367e-451b-9a4a-61e2e9d59a81,"[(0, 0), (19, 444)]"
b1ff796f-ee88-445d-ae41-9c6b6b7240cb,"[(160, 173), (951, 1089), (1090, 1117), (1118, 1157)]"
c8855d3c-ce5d-4643-81f8-82b66612a2b9,"[(517, 522), (528, 546)]"
65adcdae-3e13-499e-b68c-3846f52b9835,"[(0, 293), (408, 517), (565, 600), (616, 734), (736, 840)]"
d5041e79-6d14-4614-962c-211f897205fa,"[(93, 100), (127, 171), (172, 582), (584, 607), (612, 626), (643, 816), (817, 936), (966, 996), (997, 1009)]"
0093a2f8-03cd-4168-a215-3c280305c1b6,"[(0, 33), (45, 372)]"
0feb8de3-2b95-4a51-a57c-06a1c0f5dce8,[]
4fa01450-b596-4878-b742-156896ba059a,"[(9, 10), (11, 14), (23, 57), (63, 155), (263, 274), (292, 294), (304, 306), (314, 321), (324, 389), (394, 397), (404, 405), (447, 654)]"
0c75eaae-34ec-4e7c-aa0f-aa88140f6c26,"[(0, 67), (104, 168)]"
061d2a7c-ee64-4dad-8a9f-47e26681b020,[]
78c76fd7-8a21-4b5e-bcac-083858c26778,"[(3, 41), (64, 72), (107, 118), (121, 126), (127, 173)]"
675e4ce4-b709-47bf-bf11-f5a9af418b1a,"[(0, 23), (26, 65), (66, 94), (97, 137), (138, 167), (168, 191)]"
87b47648-bf7b-478a-b4e2-3b03c4f10add,[]
41ea9756-5049-48c4-9fbd-829750a31b87,"[(64, 123), (124, 139), (140, 155), (176, 268), (272, 274), (277, 280), (653, 831), (856, 861), (864, 902)]"
4d6849c7-9847-4023-b6bc-46aaf5592470,"[(0, 0)]"
3e3c76eb-cffe-4ec3-8944-8ab4a3583350,"[(0, 18), (24, 25), (108, 148), (149, 150)]"
31d08c99-91f6-4ff3-a8f3-a889fdd1ee0d,"[(0, 1), (140, 377), (380, 494), (498, 499)]"
8b27e605-8bb8-4769-8c09-b22390568c43,[]
0bafc89a-e800-43ea-8800-8f0e5961eead,"[(84, 114), (115, 138)]"
161165f2-1bba-413f-8e2a-ac8836e751a2,"[(0, 0), (2, 372), (378, 598)]"
2e659923-280e-4772-a2b8-acfe5b8b808c,"[(0, 51), (53, 316), (395, 396), (411, 415), (424, 435), (438, 444), (484, 504), (521, 528), (530, 873)]"
62072807-55f1-4a3e-aaaa-8c32ee85ab86,[]
01498942-e696-46a4-8b34-179aeeb09022,"[(0, 0), (2, 7), (17, 22), (28, 33), (94, 310)]"
ed034379-94d1-422d-a020-035c63655fe7,[]
5c8ab71c-05f2-4e89-9175-ed6f9a04d92c,"[(414, 415), (422, 429), (683, 762), (763, 801), (803, 865), (867, 885), (898, 902), (926, 1037), (1040, 1049), (1060, 1116)]"
3314ab48-a196-4a33-a1de-91613e1d4723,"[(0, 11), (12, 36), (104, 146), (148, 219), (393, 439), (448, 457), (585, 757), (813, 818), (819, 824), (825, 828)]"
d19f96f4-4642-4094-bac7-9ac1ce43b61b,"[(0, 28), (37, 39), (123, 125), (161, 162), (288, 302), (309, 314)]"
f535847f-93df-4872-b09a-7e5568cd3f4b,"[(0, 181)]"
37e94dca-e282-4c42-a0ea-17c0c12e627c,"[(0, 261)]"
e224291d-a3f5-48ba-8c1b-6dca8004cd14,"[(98, 217)]"
76f3ac48-7e38-4136-9d72-fce75e15100b,"[(0, 120), (131, 132), (152, 501)]"
eeb54e07-c7bb-4c9a-ba96-9d1503974e0d,"[(41, 45), (49, 59), (78, 85), (257, 266)]"
c64927a5-c8af-449e-9eab-de33d11d22ac,[]
1dd16866-1beb-4491-bb31-26d29aac9160,"[(0, 11), (18, 34), (277, 639), (685, 702), (757, 768), (771, 780), (1272, 1287), (1316, 1328), (1329, 1354), (1361, 1364), (1386, 1397)]"
2d7615f8-a7bb-4677-81c6-2f0abefd65a2,[]
bd33b91c-23d7-4f95-9882-ae1120fd6851,"[(0, 154)]"
5f61ad0d-67e9-4c46-b360-550425ef61fc,"[(0, 0), (34, 35), (53, 54), (170, 654)]"
bdc9ae20-a649-4ab0-951a-500086bb0f8d,"[(0, 166)]"
de7753b3-b7a4-47ae-a793-98556f04ce0d,"[(0, 0), (3, 4), (6, 62), (63, 198), (200, 294)]"
41a3a022-7fc5-4e3d-b920-8b8d1d7c54d8,"[(0, 47)]"
5c154b3b-6260-4cbc-a111-d1d2146032c3,"[(0, 99)]"
040a239f-8201-400a-b3aa-0304030ac28c,"[(27, 79)]"
f075d4c4-818b-473c-8e5a-37ea497c3202,"[(0, 0), (51, 52), (64, 79), (82, 178), (253, 351), (404, 540), (541, 577), (592, 593), (648, 656), (658, 681), (683, 932), (946, 947)]"
06e13898-efb1-4177-8dba-65418c80a317,"[(0, 0), (32, 34), (46, 62), (65, 71), (72, 150), (153, 167), (170, 175), (181, 193), (306, 354), (363, 389), (401, 564)]"
6c41d02a-f0e4-442a-a6ed-18364e831884,"[(0, 30)]"
ffe02213-0a69-4ff5-9f24-6f668c3e6744,[]
42c8da31-584b-4b3a-9c98-80eb76eb2d66,[]
8a2d1173-29fe-4125-8026-e9213794c726,[]
14882274-8f21-47cd-ad76-48a24616fb3a,"[(0, 37), (255, 261), (277, 283), (459, 519), (520, 593), (594, 611)]"
8b7d8ec7-745e-492e-a960-f3804bbf1d6b,"[(60, 103), (120, 125)]"
0147ffad-ec85-4011-9db5-726932aef342,"[(3, 54)]"
ef2e2078-c6cf-4a39-b1a0-318b1c7e9e01,[]
a45075b3-351e-4600-a16c-300e5b51c716,[]
87f427e1-ff51-4fd8-a316-7e48632510b9,"[(0, 426), (445, 599)]"
a648dbae-eef4-4a36-acf1-6a6332bff527,"[(554, 578), (579, 679), (680, 720), (725, 857), (861, 872)]"
91cfb30d-6352-45bb-a94c-9dbfbce19f24,[]
fbd92837-4c1d-41ae-94fa-e26b9f7d0f53,"[(57, 120), (121, 237), (238, 281), (328, 346), (351, 357), (358, 398), (402, 428), (429, 437), (524, 578)]"
91c8cd75-2375-4d3f-a555-7d33de629f10,"[(0, 208), (265, 269), (300, 526), (543, 577)]"
6fa24294-df1f-4c23-8e95-a432015479a9,"[(0, 112), (125, 135), (147, 588)]"
8e6b5d6c-43ca-4723-9cff-57e5a4588b82,"[(254, 271), (273, 274)]"
24e7c6fa-15c0-4d6f-9064-e211d2d8ddc8,"[(51, 95)]"
d596f69c-aeaa-4e5d-baf7-d57cc8ded6ee,[]
9f39848d-2c71-4b51-87a4-8503f578f0b4,"[(4, 42), (138, 163), (170, 182), (183, 227), (228, 334), (338, 370)]"
33b6e73b-9e71-4f87-a959-727d93d6c16a,"[(0, 864), (876, 1227), (1240, 1241), (1262, 1263), (1300, 1425), (1439, 1453), (1455, 1848)]"
b6476254-17d4-46af-b19d-baf0a230b3d1,"[(0, 45), (47, 93), (96, 238)]"
c43de457-214a-443d-9dff-9e96354301d3,[]
57c43a10-aed6-49e5-893a-95c61e4e765f,"[(253, 303), (306, 348), (452, 453), (489, 498)]"
453f47c1-dc71-4613-b07f-d6e37739148f,[]
babe68f9-6593-49d6-bf3b-630f085c5454,[]
9a11f953-8acc-4f1a-af48-8a9045804aac,"[(0, 0), (1, 7), (59, 135)]"
8963d39c-0b87-45f7-8008-895b98f4b44b,"[(62, 69), (74, 84)]"
01910520-cdb7-4808-adea-ea4f7ede4b6c,"[(34, 44), (117, 118), (123, 138)]"
9f87eac6-810e-43f8-9de2-71cbeb74f8cb,"[(73, 105)]"
951599db-e775-41d9-abaa-2d48aec45b21,"[(4, 6), (13, 154), (225, 243), (263, 309)]"
8500d319-bc63-4010-b2a1-486a68f7edda,"[(54, 58), (77, 101), (103, 114), (116, 150)]"
0974efdb-22cf-41ed-b9f1-edbf6e4593ea,"[(27, 106), (263, 371), (374, 406), (438, 450), (554, 641)]"
0709fc70-50a4-4909-a917-b25ce109e40f,"[(0, 58), (217, 287), (343, 412), (414, 501)]"
c8b461e3-b7a6-479c-9798-f64b08bd13fa,"[(0, 0), (75, 104), (108, 114), (119, 187)]"
2562e91a-a3b4-41fc-825b-580772144bf5,"[(3, 4), (8, 33), (42, 59), (77, 102), (111, 144), (157, 188), (196, 337), (340, 392), (398, 420), (421, 444), (449, 461), (462, 476), (477, 511)]"
e0f8b10f-afee-4a78-b2c6-db3a3535fc2e,"[(2, 41), (42, 123), (240, 321)]"
447f1f8d-27ad-4825-b0fd-83e501547777,"[(0, 57), (89, 259), (262, 266), (272, 274), (281, 292), (294, 479), (488, 499), (522, 525), (529, 535), (627, 814)]"
8d045444-a76f-4fea-ba3a-32578278d2d1,"[(115, 170), (308, 310), (475, 596), (599, 646), (1005, 1010), (1056, 1136), (1179, 1180), (1228, 1248), (1253, 1300), (1310, 1316), (1564, 1582)]"
db2740e3-6a18-4462-a94e-5efc4235e99b,"[(0, 0), (20, 21), (38, 107), (109, 941)]"
abc9132d-5463-4c0e-a7fb-4b697a6e9b89,"[(0, 0), (5, 6), (21, 156), (223, 244), (260, 270), (272, 415)]"
f6f0aad7-eb56-4460-bb46-cbfc923a2e1d,"[(0, 0), (14, 49), (59, 70), (76, 89), (111, 235)]"
287f86cd-4766-412a-9259-33216b98cbf2,[]
03aadfa7-b456-4b89-9997-59c28d86f1fd,"[(26, 37)]"
c49b70c7-93c0-4271-a6a8-f68067c16d73,"[(58, 62), (84, 194), (217, 226), (245, 247), (273, 391), (406, 411), (413, 422), (430, 480)]"
5d0253d3-f63b-4615-937b-67103f05c596,"[(0, 441)]"
a267a1c6-301e-4848-bc64-8585e3c2db49,"[(265, 277)]"
5d08bf51-e8db-4399-8395-b8b4697a0f39,[]
6fae0906-6be0-481f-98f3-848f5fae999b,[]
da154715-1e70-44c4-a565-93c7d26294e9,"[(0, 134), (180, 192), (203, 923)]"
667d8e4b-0f33-4e2a-9cbe-57a3d6360bc7,"[(22, 27), (51, 67), (105, 120), (212, 252), (253, 309), (362, 388), (405, 435), (437, 535), (554, 623), (624, 631)]"
4014117c-34b6-45ef-92c3-d16ff3f8a1e5,[]
d7bd5853-068d-402a-a51f-523f24ff1fc6,"[(75, 87), (94, 115), (180, 184), (185, 194), (196, 344), (345, 363), (365, 675), (681, 801), (805, 899), (982, 1017), (1018, 1122), (1123, 1212), (1466, 1489), (1579, 1658)]"
1693404a-e46d-4199-b90b-a135ed98587f,"[(0, 0), (28, 56), (58, 773)]"
b29a97f5-a919-4619-82f3-6d6d9f21ef10,"[(6, 117), (227, 241), (253, 260), (263, 302), (342, 347), (350, 359), (367, 373), (378, 389), (416, 436), (437, 497)]"
73922412-4249-4328-a6e7-890faec42a5d,"[(6, 16)]"
0bb35c1b-c149-4d3e-bd0f-5e2e0d82dfce,"[(0, 13), (17, 19), (279, 329), (330, 352)]"
a606ad8c-b237-48fe-ae04-09ce1792c483,[]
bb7873d1-cf46-443a-8e39-04c2b89f0826,[]
d66ff58f-0c7d-4601-b7a8-db65cd4675f5,[]
b32b835f-d1cc-4717-89bd-71f14edac3e9,[]
4aa67879-d5ad-42f6-89ed-b8ff07ab112c,"[(0, 0), (50, 155), (171, 172)]"
fa98980b-dd15-4e5f-9ccd-3c219953ed79,"[(0, 131), (228, 340)]"
d5b81def-b193-46a8-98cf-92247c39fc43,"[(121, 125), (160, 184), (217, 236), (243, 244), (257, 261), (262, 289), (290, 307), (417, 441), (442, 460), (592, 613), (751, 757), (810, 812), (864, 921), (928, 934), (973, 1004), (1006, 1132), (1148, 1153), (1156, 1169)]"
42beb76f-0157-415d-bfbe-e1e2630c6d6f,"[(0, 1), (3, 623), (626, 862), (865, 1203)]"
fee85b48-19d1-42fe-8528-3ba337b7c784,"[(0, 0), (12, 79), (87, 89), (93, 97), (99, 199)]"
2012ba24-fb61-4b33-b333-d5eaea6326a7,[]
ab20ad29-aaa4-48ca-bdd4-a89fb17480e9,"[(0, 82), (102, 107), (110, 120), (130, 131), (137, 138), (140, 147), (155, 156), (158, 814)]"
9cbba9fe-12a2-4a60-b9b1-e6238de8307e,"[(0, 23), (149, 152), (183, 194), (227, 244), (258, 269), (290, 298)]"
ab53ce51-8945-482f-9fe5-53d836fb643e,[]
04a35269-93cf-411d-8a8d-060b5b96b571,"[(3, 24), (31, 156), (157, 160), (211, 216), (218, 367), (368, 465)]"
fbacc8b2-eb97-4f88-ab20-f69a0479bb02,[]
8f590793-b754-407a-90a5-112a20548cc6,[]
68ada82d-2efc-402e-bde3-4665d34e01bd,[]
47ef63eb-66f2-4d5d-9428-42c8bd90e153,"[(68, 71), (310, 404), (407, 603)]"
e940917d-d754-4e89-a67f-0d78e7754cf1,"[(29, 31), (94, 96), (247, 248), (412, 429), (430, 452), (456, 461), (466, 470), (544, 836), (843, 874), (875, 881), (892, 925)]"
9c401b99-5c99-410f-9b46-eee8a27b76c9,[]
a0929ae7-c2e8-47ca-a9fb-8e3e85b64352,"[(265, 329)]"
4dda824b-4561-4600-9012-5698cb71a7f1,[]
41369550-fc8e-4fdf-9f1d-8f8243bed9cc,"[(9, 64)]"
929a6dfa-2420-4a07-b96a-4a056d9e0522,"[(0, 1), (46, 165)]"
1b0f8b9f-4363-408b-a6c1-d6b50cf4c24d,"[(0, 39), (41, 52), (61, 134)]"
463cd56e-88d2-4551-a135-ea6f3beab412,"[(0, 87), (105, 111), (271, 303), (304, 315)]"
0675c253-aa85-44a0-a45d-258e05b3516a,"[(0, 133), (137, 254), (256, 439), (441, 442), (444, 445)]"
1361a093-e5f1-447a-acab-c188f302b9b8,"[(88, 90), (114, 143)]"
b9816390-8562-447d-a899-f0f0ee8d82b1,"[(0, 15), (17, 34)]"
8bc80382-5cff-4452-a75d-e4474bc5bc87,[]
085f1682-7737-4110-8933-7d2218dc94fe,"[(2, 5), (7, 54), (159, 273)]"
d2be7fd9-3388-4174-80a9-4a4856536f31,"[(24, 34), (35, 76), (176, 183)]"
46e854b5-b575-4b03-9082-bef558e3e10a,"[(0, 48), (51, 131), (149, 212), (225, 258), (260, 263), (370, 384), (389, 391), (407, 408), (423, 488)]"
ec295050-a624-42c7-8502-33e47b1f0a35,"[(0, 104), (107, 172)]"
c7b6c7f5-c704-4cd5-8dbc-b0c1bc2cd272,[]
aa58a216-5a26-4107-a238-1d0824bca248,"[(0, 95), (166, 423)]"
a56ce2c6-7cc3-4504-88d8-c6d2180a4dfe,"[(20, 25), (331, 406), (409, 458), (1151, 1166), (1168, 1216), (1302, 1308)]"
081640f6-34ae-449e-b7e0-3ce7fdf823e3,[]
fa57ae5f-9d89-4b1c-9d74-cd772f231ca8,"[(0, 7), (12, 18), (23, 25), (37, 69), (70, 112)]"
32ae8b2c-6fb2-433d-96f4-7bb09022eedf,"[(0, 0), (20, 25), (43, 45), (59, 60), (79, 112), (123, 192)]"
2619edfc-8f33-491d-aac2-015e8ae54e7a,"[(66, 74), (75, 105), (160, 166), (169, 181)]"
34157a83-cf71-4b53-a005-42391b3fe6b8,"[(0, 80), (154, 195)]"
c0d837b2-5935-4474-adfc-a1cf206909e9,"[(0, 86), (96, 109), (220, 227), (429, 431), (457, 464), (490, 496), (499, 802), (815, 816), (829, 830), (843, 844)]"
5fac66e1-25e7-401e-ba2f-31803e0aee79,"[(0, 0), (25, 29), (32, 35), (55, 137)]"
50340ccf-5340-4c6c-9d40-8b12dda9ac9a,"[(0, 15), (26, 105), (110, 123), (146, 152), (164, 180)]"
ed6d7adc-69b8-4ff4-b856-21c8f75b84e5,"[(0, 290)]"
755309aa-d85d-4aa8-b3f9-18b1ade8bff0,"[(0, 24), (111, 132)]"
c2edd435-4370-4aed-bd51-73cbab2b21d8,"[(0, 338)]"
290066d3-745d-423b-99e2-47beacda3b23,"[(0, 18), (104, 132)]"
efeec4c4-bea1-4c3c-a455-7675130dcdbe,"[(38, 51), (53, 66), (67, 106), (328, 333), (609, 622), (626, 631), (688, 705), (708, 710), (712, 731), (828, 846), (848, 903), (996, 1008)]"
3775ba4f-b86f-46af-a4d1-40eba157e421,[]
36688e79-b5cd-48be-8cf5-f0e799a2b38e,"[(0, 1), (3, 5), (8, 12), (13, 16), (50, 54), (60, 62), (110, 115), (126, 134), (150, 172), (173, 191), (204, 291), (292, 300), (302, 313), (314, 391), (604, 621)]"
3d9e8924-bdcd-4b96-8d08-14337eb620eb,"[(209, 282)]"
aa27ee72-2827-417f-89b3-79cd9cef853d,[]
200797b5-7e51-4367-8ae8-1d899633bad0,"[(0, 0), (24, 40), (54, 55), (90, 92), (108, 114), (136, 229), (258, 259), (323, 980)]"
730daf40-f21f-41ec-b1fc-dd64c9977dd1,"[(36, 184), (844, 850), (877, 883), (885, 942), (943, 1038), (1055, 1139)]"
52c070af-6031-4ea6-a904-f057d60db8a2,"[(0, 57), (86, 292), (297, 298), (385, 549)]"
fe3db4ec-dc41-40f9-9729-bdb95656f6c5,[]
0df156d8-1ebd-4783-8fa2-0e3726eda9fd,"[(0, 71)]"
d0a00ac3-3b4d-44f3-ac24-dc9c6e5f57d1,[]
bfed15a4-b0ef-45b5-aba5-0cd9949a71e3,"[(72, 78), (569, 592), (646, 666), (729, 746)]"
d142d88a-fff0-4293-b2c6-b87646e5dbb1,"[(0, 0), (5, 175), (178, 293), (296, 302), (306, 308), (310, 321)]"
17c7f4c7-07d4-4cbc-a3c9-63d48f14bae2,"[(0, 13), (21, 22), (25, 41), (45, 104), (120, 355)]"
a3f66f68-7c86-4644-82ad-c8f68a5a9c65,"[(123, 133), (136, 153), (154, 157), (158, 188)]"
609e3bcd-2a10-45c7-b58c-c66cb65ea51f,"[(0, 173), (174, 185), (192, 193), (213, 214)]"
cdb402ef-3de9-4d5a-baf9-c29ff36e6092,[]
6d649d93-10d8-4f8a-9988-c7f45b87a29b,"[(204, 208), (439, 498)]"
a5285d65-7f7f-4e04-9c2d-4566841fa4f2,"[(53, 65), (85, 91), (94, 119), (122, 137), (158, 164), (167, 195), (260, 276), (287, 304), (387, 450), (528, 598), (599, 605)]"
d06a3d71-90d9-4ab0-9b2e-b4a0f24ab001,"[(243, 262), (265, 317), (362, 371), (373, 434), (436, 443), (452, 455), (676, 997), (999, 1015), (1016, 1057), (1118, 1139), (1169, 1170), (1173, 1213), (1303, 1315)]"
f36f7d5a-016c-4fb8-a80a-3aaacc600efa,[]
5d8d7967-3572-4374-b634-5af587afdbda,"[(92, 97), (477, 479), (505, 528), (675, 697), (706, 756)]"
87c64e69-4fc9-4f35-b9bd-f31809f2f3f3,"[(0, 145)]"
6d9f0868-d55d-4a97-90a5-e1e05cff29c9,"[(21, 76), (81, 157), (163, 230), (235, 297), (322, 328), (381, 384), (392, 431), (457, 458), (478, 479), (501, 558), (616, 622), (760, 800), (812, 818), (822, 861), (870, 908), (1048, 1053), (1098, 1099), (1108, 1118), (1122, 1125), (1138, 1193)]"
db933bca-3066-4182-9f5c-2dbd6e8153a8,"[(0, 98), (584, 688)]"
079d4d6b-6747-4d58-a825-abfc072a40f2,"[(32, 38), (237, 240)]"
68b5c805-1ddd-49f9-927f-6477e0a05004,"[(30, 36), (52, 68), (70, 134)]"
1bae8c41-9b3f-4ceb-970d-dabeef1c4a84,"[(0, 0), (31, 480), (500, 501)]"
b1414e7b-14eb-44d6-a7fc-14ff28ff5561,[]
76832f89-68b5-4cb5-bc32-6a4e82e1f5a6,[]
0747b1cf-bf56-496e-a412-718aaa1933d2,[]
45ff1567-71f3-47ae-a414-61f63e4e496d,"[(4, 25), (26, 56), (87, 89), (101, 181), (183, 189), (194, 205), (236, 245), (253, 258), (263, 273), (289, 290), (291, 348), (353, 366), (481, 485), (488, 536), (657, 665), (678, 698), (739, 966), (969, 1010), (1012, 1036), (1037, 1219), (1331, 1371), (1443, 1461), (1485, 1491), (1494, 1497), (1524, 1529)]"
ee68db9d-6952-4b32-b25e-b846f84131fc,[]
440cbb55-e5c6-49ae-b17e-ad0c543496ee,"[(0, 107), (112, 307), (309, 388), (397, 402), (722, 734), (736, 751), (764, 768), (783, 788), (803, 808), (828, 865), (871, 875), (880, 886), (891, 902), (956, 965), (966, 1024)]"
984d69ea-c7ae-4e55-8e4e-654c17891067,[]
811a8718-dfc6-4a97-9f4e-6a6996cba287,"[(1373, 1374), (1379, 1419), (1534, 1644)]"
9d3c8e17-b01e-47b4-9aed-443583e2725d,[]
e8b67991-e1f7-4443-bbba-6e97435164a2,[]
c249b9b4-c61c-4dd3-970a-a984d8f38a67,"[(0, 0), (18, 23), (57, 136), (153, 390), (392, 423), (446, 497), (525, 526), (535, 539), (588, 727), (732, 825)]"
c4a7c0db-6de7-4d29-867d-e1fcbbe50d95,"[(6, 15), (18, 25), (74, 109), (124, 135), (166, 195)]"
ffd4d25c-f6b7-4682-bf9b-996de811c566,"[(0, 0), (24, 289)]"
974f6714-98c1-45ce-a233-35b4c1648930,"[(0, 27), (67, 116), (119, 185)]"
35303fc5-472a-4abf-b88a-2a0ba91f0169,[]
501d2cda-5293-4eb0-91fd-73f153a84de6,"[(0, 0), (119, 152), (176, 204), (206, 230), (235, 329)]"
eee6be9b-67c2-4ce4-bf5b-ac3df2087b00,[]
15de6f91-8498-4968-ac0b-92aacd9e5ca7,"[(0, 0), (10, 14), (46, 127)]"
288102f2-5ce0-48bd-a0c0-e110340b2333,"[(0, 0), (20, 117)]"
33823dab-10fb-4481-961b-c0390e522a96,"[(575, 600)]"
288d1bfa-54d5-4e63-801d-68e33847c6a7,[]
6b04710c-04fc-442f-aea4-b1b5d89edee2,"[(0, 0), (43, 44), (48, 52), (58, 60), (63, 111), (145, 147), (173, 316), (383, 389), (391, 410), (413, 441), (455, 463), (517, 552), (558, 566), (576, 601), (604, 605), (698, 699), (722, 847), (850, 985)]"
b338bd89-1cdf-450a-8374-c6db894e28fb,"[(24, 38), (96, 189), (224, 272), (274, 279), (285, 291)]"
ceafd790-16d7-49d6-9392-c8ca5854d9be,[]
d230a1e2-4736-4bc9-8fb0-2b9c900c2d46,"[(29, 81), (82, 90), (219, 271), (272, 284), (285, 393), (458, 548), (553, 662), (667, 753), (758, 773), (774, 814), (819, 834), (835, 841), (842, 863), (864, 887), (892, 920), (921, 927)]"
089a8a7a-a600-4605-bd6f-e155e359193b,"[(104, 148), (156, 176)]"
9ac22ed6-6869-422e-8c95-6b8390ce4d3d,"[(363, 376)]"
09640446-c1da-4608-838c-bb2bcc07d2c7,"[(81, 116)]"
3478dfd2-d20c-462d-a504-e88519b94465,"[(0, 0), (12, 29), (90, 94), (111, 138), (144, 145), (222, 231), (242, 274), (315, 366), (368, 410)]"
39d4a998-36dd-4545-a166-18741f406d4e,"[(0, 0), (29, 30), (33, 334), (336, 388), (390, 621), (624, 638), (647, 655), (658, 669), (678, 710), (712, 816), (822, 858), (861, 1003), (1047, 1090), (1106, 1108), (1118, 1124), (1128, 1134), (1137, 1150), (1152, 1222), (1223, 1224), (1226, 1697)]"
5bf517bd-4d2c-423b-9103-f818e9cbf38e,"[(0, 220), (235, 537)]"
1ec509ee-3739-4b43-9c00-3062bcd111fc,[]
1f8fc0fd-55d0-42a8-9a96-279d432c46e9,"[(3, 43)]"
5ae898f3-1ffd-4caf-91e6-bbffaef11454,"[(0, 348)]"
65ee3f92-7749-452f-be38-d121a9ec7f4b,"[(103, 112), (113, 150)]"
44a7e246-5c3e-4da9-b178-e1c5903c1816,"[(404, 438)]"
3ed8eec9-f998-4fb7-948f-35f1ea8bb493,"[(834, 866)]"
fd12274a-e74a-44af-b8ff-8abfbf29d10c,"[(79, 87), (88, 97), (99, 221), (229, 234), (238, 243), (291, 329), (1016, 1019), (1646, 1647)]"
d802d7a1-21cb-43b3-9832-78aa892b0b46,"[(0, 51), (55, 230), (236, 239), (248, 251)]"
dd80eefd-c1d3-4f12-805c-924f8584ac3d,"[(6, 21), (49, 53)]"
2a28d1a3-8825-4977-9933-f16486f76910,"[(0, 1), (11, 39), (40, 67)]"
a8b8db38-c26e-4c21-9213-f2d07fa2f4fe,"[(2, 37), (474, 481), (516, 522), (573, 579), (588, 611)]"
de49b5a6-db64-4505-862e-0610da4ca0ad,"[(0, 153), (162, 172), (196, 205), (209, 222), (226, 235), (239, 245), (279, 281), (292, 301)]"
d75ac47a-46bc-4c10-8b95-91605b126fc8,[]
1f1741cf-9906-4ef3-a768-ac20f60a6992,"[(61, 104), (288, 300), (301, 311), (744, 765), (766, 771)]"
0b3e32ca-0766-4e49-be4b-0ff215d8098f,"[(0, 0), (10, 21), (68, 80), (103, 255), (260, 298), (300, 540), (545, 622), (627, 682), (684, 744), (757, 782), (785, 1014)]"
ef69fe5b-5dc5-4f25-9641-4c35a915c057,"[(0, 3), (13, 15), (89, 91), (99, 100), (114, 115), (127, 640)]"
fad5f4db-f271-498f-a693-eb1e08a94245,"[(0, 267)]"
f1e236c8-8979-42ed-8508-140ac7bb00bf,"[(0, 74), (143, 229), (231, 256), (262, 263), (274, 473), (476, 586)]"
f3ff724d-7187-4f44-a101-d4c7e30a03a8,"[(11, 60), (63, 65), (68, 70)]"
f79b0697-db18-4f23-8af2-796dc1f14e43,"[(262, 267), (810, 918)]"
71c0d0be-7e45-4ab0-9379-9364905f4254,[]
50f487de-f884-4bc3-9c7f-2af0e7565024,"[(0, 0), (38, 75), (78, 628)]"
fe32c9b6-383d-4000-b052-d410a12479b2,"[(20, 26), (28, 38), (71, 157), (159, 238), (248, 253), (272, 505), (521, 547), (548, 554), (569, 579), (585, 633), (856, 868)]"
bbc19afe-7a67-4065-8346-60709ed0ba86,[]
c9fb86f0-d7e1-48cb-b2c4-dae7a03d546d,"[(56, 95)]"
5d7897ef-4a36-47b9-a942-54433749e835,"[(1138, 1141)]"
e2fc93cd-b468-472d-891c-75565c0c2b3a,"[(0, 1), (3, 40), (42, 151), (162, 163), (164, 253), (257, 327), (329, 330), (353, 354), (360, 418), (420, 421), (422, 510), (513, 514), (515, 964), (965, 981), (989, 1007), (1008, 1100), (1103, 1193), (1199, 1241), (1243, 1299), (1301, 1302), (1314, 1315), (1318, 1319), (1344, 1345), (1355, 1357), (1387, 1426), (1428, 1626)]"
6390ea40-5811-4511-94ac-583f72938a6e,[]
25bcc288-b512-4e55-82d0-7a6d52ba6849,"[(22, 63), (177, 204), (248, 267), (319, 320), (327, 335), (354, 366), (374, 376), (379, 393), (403, 599), (603, 686), (688, 714), (715, 749)]"
b1cccefe-77a3-40f3-ad56-2f6fdcba1d4c,"[(340, 357), (408, 413), (419, 551), (552, 561)]"
e1ffdcc8-7720-4e62-a838-9cc2a9852807,"[(0, 272)]"
46b0aff3-9a26-4c9b-b77a-c7735e9bbcaf,"[(35, 107), (144, 148), (209, 226)]"
9b000c36-a801-4596-8b58-03a54d7fef89,[]
58ae35ad-964a-4ad5-aabf-a76e70e99660,"[(0, 112), (116, 121)]"
0bcc305b-a4c4-4d0d-b52a-f1c7c8ff80a1,"[(0, 1), (3, 4), (6, 7), (9, 207), (248, 250), (258, 337), (339, 352), (371, 372), (421, 572), (584, 585)]"
81dc26e9-3961-4590-8c09-bc8a62a100f7,"[(58, 171), (172, 188), (277, 282), (284, 362), (366, 451), (452, 454), (460, 579)]"
11790b12-fe3a-4e04-bafa-6a1bc63131ee,[]
dea8b156-5ad4-4890-a616-4f2b2360e72c,"[(903, 924)]"
b947cea6-dbb2-4b57-b41f-7f843191e493,"[(214, 298)]"
608f4cff-14e9-4ad2-9f0d-3cef1697ce18,"[(3, 11), (148, 151), (156, 162), (171, 179), (180, 215), (323, 326), (331, 336), (352, 358), (367, 404), (557, 559), (574, 577), (595, 601), (603, 619), (691, 692), (695, 718), (808, 913), (920, 1045), (1053, 1198), (1288, 1292), (1497, 1510), (1542, 1550), (1648, 1649), (1742, 1767)]"
7668adf1-8068-46e1-95ee-35a53d4d2e98,[]
1ed3212a-730a-4006-9864-0fcf6e546400,"[(11, 54)]"
a01162a4-1dc1-49be-b16f-6a0cc1a99ed2,"[(0, 15), (18, 21), (33, 35), (72, 156), (371, 389), (456, 698)]"
cd7c6cce-4a95-4943-8117-f6b2a9007010,[]
1401d10d-b246-42a0-95f4-71be66974605,"[(0, 99), (210, 245)]"
eadd1084-480c-4592-afa9-96c1d2960424,"[(0, 0), (15, 22), (66, 231)]"
9fb4c491-7831-42cf-a575-f60395ff99d3,[]
3b02f737-ce9a-4938-9fb6-0f731d2a7851,"[(891, 944), (946, 1016)]"
82c17ab7-e3d2-483f-9fe8-388a0cad0a2e,[]
c1101b34-fef1-4d43-9335-a3ea2181af31,"[(0, 1), (36, 688)]"
a4396722-6682-455c-a0d2-ce0bc7115a6e,"[(171, 173)]"
8db1a6cd-22aa-47e7-bb25-ec096c862d66,"[(50, 57), (331, 397)]"
a5381fb5-3c28-419b-a4d7-3a27a824a6e9,[]
7c6d98bb-7bc1-469d-8791-22955d715928,"[(0, 21), (23, 42)]"
4953787e-93a2-4969-b459-2517a0238a7c,[]
2013af11-fcc1-4d61-bf3a-4916cf284464,"[(0, 0), (29, 449)]"
18b43c55-9b00-402f-9fce-b58f9e5062c7,"[(523, 554)]"
3ef72c7d-553b-483f-9a92-6cbebf43cabc,[]
584f65a6-0385-4fb5-81d9-a1b345a2a314,"[(6, 7), (9, 18), (40, 76), (77, 82), (88, 95), (97, 102)]"
9aa03619-9a72-447b-8b6e-0f0eec3ae2db,"[(37, 55), (604, 634), (638, 748), (751, 769), (771, 860), (861, 1156), (1303, 1348), (1356, 1381)]"
00b56b8b-de84-4c03-834b-b5c420064eeb,"[(0, 83), (85, 165), (235, 237), (246, 271), (273, 386), (406, 432)]"
79b903d5-a497-4d37-9e51-4cfc6d79073d,"[(0, 188)]"
c92c449a-2f79-4371-a543-930d0794a59d,"[(0, 167), (172, 263), (277, 283), (307, 333), (348, 354), (375, 521), (532, 655), (672, 673), (675, 683), (689, 694), (700, 708), (712, 717), (720, 721), (770, 775), (778, 940)]"
593baed0-f1ca-41e2-88bb-063d7c1df6b7,"[(77, 86), (87, 89), (226, 247)]"
febf02b3-3547-453e-ad9e-ba6b9554bea1,"[(0, 0), (79, 260)]"
00c9b915-a8e0-404a-9d4b-56b411605028,"[(154, 179)]"
d9c8f020-a431-468b-b733-ee5941424dbb,[]
65b380f7-df16-48f1-af23-910285cc5748,[]
8941ac52-a76e-414d-90cb-f7844ad39a2b,[]
0e379cd6-4c50-4def-ab38-3a37e983a599,"[(0, 681)]"
e8c1490c-0cf8-41f8-bff6-6b04df242b14,[]
5ec5344c-edd1-400c-8017-e47b650c0bef,"[(0, 24), (28, 130)]"
6990da20-98cb-465a-8976-96a3eb896187,"[(3, 79)]"
b0ed9df0-18c6-49f9-92e6-d2b0ae04de73,"[(17, 20), (73, 80), (123, 167), (168, 214), (220, 272), (273, 294), (297, 395), (398, 415), (421, 470), (536, 557), (563, 587)]"
d19daef1-7abc-49dd-b057-e5534e28d6ce,"[(0, 45), (47, 88), (97, 124), (127, 166), (199, 219), (283, 453), (458, 554)]"
aa7dec35-b868-4180-b174-68d7db84c754,[]
05e96d11-a11b-40d3-94c3-8c573a09b8fe,"[(109, 190), (191, 324), (396, 401), (494, 604), (790, 798), (808, 810), (817, 828), (864, 888), (1055, 1110), (1111, 1134), (1138, 1145), (1147, 1169), (1170, 1329)]"
c64a5401-d6d0-4774-aa1b-d2f159cbcf39,[]
2c22faf3-1a1f-4066-92b3-18b126192d59,"[(3, 223)]"
6c1aa9b5-d455-4288-9d75-de71a373f477,"[(0, 0), (12, 13), (87, 260)]"
d7957992-beb4-4837-aff2-46d3ab601cec,[]
8bece928-ca32-4952-a897-f46a4c2473e8,"[(0, 289)]"
b699923b-aa2f-43e7-b1bc-b88e7518cd13,"[(0, 0), (15, 245), (292, 336), (365, 390), (392, 393), (417, 519), (523, 538), (542, 581), (583, 684), (688, 808), (810, 815), (820, 823), (827, 843), (852, 853), (859, 957), (970, 1014), (1040, 1132), (1150, 1151), (1155, 1234), (1257, 1388), (1402, 1428), (1454, 1503), (1524, 1557), (1562, 1622), (1634, 1703)]"
6f79a2fd-67b0-4026-8030-bd1d588596fe,"[(0, 7), (9, 126), (129, 141), (380, 438)]"
fa20bc3b-1ff9-44ca-9a20-fcdf81ab388d,[]
2ebf1ead-3340-416d-b897-4e5d11f32ff3,"[(0, 138), (139, 140), (142, 166)]"
f5d0fe5b-1fd7-442a-9291-1567a8eba650,"[(96, 188), (190, 192), (194, 199), (221, 242), (245, 267), (268, 275), (278, 324), (326, 456), (733, 737), (842, 961), (962, 979)]"
4b02a40b-80e2-4219-a668-94904af76fa9,[]
fe2472cd-f32f-445a-8f2f-073df2a703ad,"[(0, 0), (2, 159)]"
2b39c1e7-5f8c-43eb-8f18-3007f386c390,[]
e00b0450-b875-4202-b06a-b253a81b5ca2,"[(0, 0), (11, 57), (58, 459)]"
615f4e82-6bd3-4a63-a74d-c6009b5f7dd7,"[(98, 102), (107, 116)]"
095ba174-ac30-4f3a-a6f9-f18e0ca42d67,"[(0, 80), (127, 221), (433, 466), (475, 547), (554, 560), (565, 566), (581, 590), (596, 602), (612, 781)]"
e2f33677-1f59-4875-bcfc-4052606f022f,"[(0, 377), (405, 412), (417, 427), (429, 767), (778, 785), (787, 1229), (1231, 1251), (1254, 1360), (1362, 1365), (1367, 1412), (1420, 1471), (1473, 2039)]"
764c4f82-d963-4cc8-829e-a1bcdcee30fc,"[(0, 52)]"
cb3c272c-97c3-4f49-a15b-88c6e6ba02ad,[]
09226918-d3a3-4273-b382-6bff5b615656,"[(223, 234), (351, 432), (434, 556), (561, 572), (601, 661), (857, 1216)]"
a83d314f-40b8-417a-ad8f-8f7d44f7e684,"[(23, 36), (42, 58)]"
0a3134fe-abd9-4873-b222-0003cbdc73fd,"[(0, 0), (66, 69), (79, 81), (83, 92), (109, 492), (518, 519), (549, 680)]"
7fbd16ef-b5a8-437e-acd7-8c05174db194,[]
7f778e22-d4c7-435b-b870-da3f991677c1,[]
e40a5627-a334-4cab-b990-7f6d487638a2,[]
fdd0a058-3134-4b01-8968-c02887667439,"[(32, 43), (207, 217)]"
700086e6-29be-4102-9e21-84e9092551b9,[]
55444083-d5e9-418e-a218-011446572a52,"[(79, 210)]"
2fd6d58f-a4b0-460f-b485-a7931d8bfbfa,"[(0, 177)]"
6a5fbbc5-d929-46cf-b13b-73534706243b,[]
74a89547-2f64-4f0b-84ec-1a09b4962adc,"[(29, 154)]"
e622cea9-3035-46bb-88db-c6a832752cb7,[]
377c3533-c1be-4acf-b134-a89129b741cd,"[(3, 41), (56, 67), (69, 90), (92, 97), (102, 104), (112, 137), (142, 148), (210, 224), (228, 236)]"
077b9bcc-a3e3-4a22-869b-b7100e8f03a2,"[(0, 0), (7, 8), (106, 108), (112, 132), (137, 214), (215, 217), (220, 530)]"
aa40243c-d056-41df-8834-9c233588c19b,"[(0, 0), (37, 38), (100, 102), (112, 270), (286, 288), (299, 305), (310, 343), (345, 447), (451, 484), (661, 976)]"
bc66bbd3-a288-41d4-8555-85def6ad05f2,[]
41924663-458a-46b2-b18d-0bd634cd9979,"[(10, 77), (154, 182)]"
98e4793c-f84a-46a9-a648-c759326a0532,"[(387, 406), (415, 426), (436, 447), (451, 463), (551, 558), (801, 811), (820, 831), (839, 866), (868, 883), (884, 926), (1271, 1293), (1295, 1302), (1325, 1398)]"
74fb762b-b434-41f3-8b04-17ffb594943a,"[(0, 0), (12, 151), (160, 185), (209, 269)]"
51a01a71-5d65-49cf-905b-0ecebc76dca5,[]
cba7477c-bb87-45bd-ab1b-aca36fff7896,[]
94adfe50-4186-4946-89d4-2f1632615981,"[(42, 52), (56, 61), (238, 268), (272, 373), (418, 428), (492, 560), (597, 600), (606, 676), (745, 748), (758, 806)]"
45cb9d12-4769-45ab-92b3-ebf6e1fbdafc,[]
0f2e0749-bb73-44cb-aaac-f64e219c98c0,"[(20, 30)]"
0bcdf873-dc79-4fdb-8bb7-4dbc114925bc,"[(0, 65), (68, 500), (522, 523), (538, 547), (549, 678), (682, 910), (912, 913), (915, 916), (919, 929), (949, 953)]"
c7612423-51d0-4166-998a-32c00b5c52e2,"[(0, 126), (135, 137), (139, 275), (282, 283), (293, 294)]"
d7dea72d-6eda-42dc-9921-ff497f8b1056,"[(4, 62), (298, 299), (437, 442), (650, 658)]"
d0759034-0940-4e91-9832-e2a1ce0e14e4,"[(512, 533)]"
746a7026-75af-49e6-87d1-41062d324a4a,"[(17, 19), (604, 653)]"
575b495c-1ecf-490e-b271-a52c37a88a91,"[(95, 118), (120, 138), (775, 862)]"
4d902657-e6d7-425e-87a3-ee6098486168,"[(100, 127)]"
a8ed0517-f25b-48e8-b8ff-2b33e850c7ee,"[(124, 130), (433, 450), (616, 620), (1195, 1220)]"
15ce1338-29eb-4ac6-9c4e-0fd064f74a52,"[(24, 44)]"
ab640568-4d8c-4bac-9cca-077b1dc89e27,"[(0, 276), (313, 420), (431, 432)]"
5ccf86b3-9a6e-4669-bb07-ef58a6e3e9ba,"[(6, 31), (130, 161), (199, 202)]"
90db0512-3ba0-4705-918c-9869e0c34ca4,"[(0, 286)]"
7b394db4-f34d-4cb3-ba55-d1f7925e6408,"[(0, 971), (973, 1379), (1382, 1383), (1391, 1411), (1424, 1457), (1466, 1483), (1489, 1491), (1496, 1512), (1514, 1599), (1609, 1820), (1822, 2077)]"
08d6aa32-d13c-47aa-a3f4-5a4c44481dc1,"[(113, 158), (179, 196), (204, 205), (210, 219), (247, 255), (259, 278), (281, 371), (373, 443)]"
3046dd16-7001-4b92-94db-72e7f7c56514,[]
4d27badb-f0c8-48dd-b8c4-6b96fd330107,"[(0, 49)]"
c172c4c3-6753-4a7f-818b-505c156eb3f1,"[(0, 0), (13, 14), (23, 42), (45, 104), (152, 263), (272, 273), (278, 322)]"
e34b83cf-4388-44fb-a9ca-30ba36a410d8,[]
1e692e3a-d71e-43e1-8177-c1707395bafe,"[(0, 0), (2, 8), (10, 11), (16, 19), (22, 273)]"
c53342d5-7af9-4430-8194-2d49cdf8d636,[]
73b0d411-88db-413b-bd9b-4620bda742dc,"[(0, 1), (2, 3), (6, 57), (60, 71), (84, 197)]"
8c9b9f8d-37de-420b-8b2f-a9bd50fb6dfb,"[(72, 79), (83, 123), (129, 130)]"
042e9ee4-7a21-4fc2-beae-1341a10ab1d2,"[(0, 435)]"
9ff1e4a4-72d1-45cd-b476-41721416d8b2,[]
320d3b38-a74d-4664-bfbd-c29a3db131b1,"[(0, 0), (115, 667)]"
d1b9ba2b-0674-44c8-b555-f4e0deb2a31e,"[(0, 107)]"
d8cc6030-4086-49b4-93f2-ee4b20c44bf5,"[(0, 3), (23, 31), (46, 142), (187, 193), (229, 371), (373, 585), (587, 656)]"
d97f4f1d-886d-467d-8a19-b5f890b1e595,[]
ea923cbd-bdb1-4f0a-b150-01576fd09cd5,[]
592c2b8c-cf9f-4b43-8d22-e15e07b6fc50,[]
b01f2f1f-3416-4d06-bc47-d31f7d052949,"[(0, 23), (48, 65), (66, 70), (93, 110), (253, 368)]"
71ebb424-63eb-4fe4-aa51-7df72d1e38fd,"[(0, 23), (482, 485)]"
fc1f71ac-0190-4043-b58e-c84a914dbd39,[]
023421e7-4d21-44e4-b4e3-4f054f08c491,"[(422, 431), (433, 480)]"
7480a006-1c8a-4217-9e2b-a9d352d2d305,"[(0, 9), (16, 94), (99, 106), (111, 119), (164, 431), (455, 456), (487, 523), (525, 576), (578, 773), (776, 824), (853, 908), (911, 1215)]"
7828b89e-7620-4081-8fba-e75e6e304eb5,"[(0, 0), (26, 137), (172, 186), (205, 210), (217, 237), (241, 244), (251, 255), (259, 267), (290, 298), (310, 316), (338, 684), (690, 698), (745, 751), (770, 776), (780, 1010), (1041, 1042), (1086, 1122), (1207, 1208), (1358, 1359), (1388, 0)]"
581758aa-d8b1-4c5d-b25e-d8ede4ede162,"[(0, 41), (56, 57), (59, 69), (70, 75), (90, 107), (526, 591), (704, 808), (812, 813), (818, 840), (855, 871), (916, 952), (1054, 1077)]"
7db5b796-15ad-4c42-83dd-7bdf1fa7d4d0,[]
f93faa8c-f712-46f1-bf3d-f2decccabc07,"[(5, 92), (438, 445), (453, 483), (491, 493), (497, 506), (507, 572), (573, 594), (722, 729), (745, 749), (751, 755), (760, 796)]"
01e61a5b-cc9b-4a88-9ffc-6e96c8480e23,"[(0, 520), (529, 620), (634, 652), (654, 710)]"
16562efd-3ecc-4f7a-b9cf-2f8353c2dc4f,[]
8b534467-cdbe-48d6-9e54-cb873ea9ef03,[]
32311487-91f2-44e0-be1d-cc8430a33006,"[(418, 430), (431, 535)]"
e2f28636-3937-454b-9b93-cbf722420f92,"[(532, 537), (539, 563), (568, 586), (587, 614), (721, 728), (819, 843), (844, 895), (1040, 1243), (1245, 1342), (1343, 1364), (1369, 1522), (1523, 1566)]"
c285ff22-6f6e-4b5a-ac9f-0280372d2b78,"[(275, 337)]"
9a88eb43-1507-486b-b50b-9f45263fe7e8,"[(0, 0), (16, 17), (23, 28), (33, 37), (43, 105)]"
ab2209a2-5087-4b93-a721-12117175e846,"[(295, 303), (330, 440), (442, 477)]"
fcaebda4-8ec9-4952-b85b-83170642f9de,"[(399, 481), (528, 595), (597, 628), (629, 671), (751, 752), (753, 769), (778, 920), (950, 955), (962, 980), (1005, 1026), (1027, 1054), (1066, 1073), (1077, 1103), (1121, 1134), (1214, 1218), (1422, 1572), (1573, 1585)]"
1a42925d-55b6-42e9-badd-2ccc61b20d13,"[(3, 33)]"
95cf1765-a9e6-46e4-9bde-ca1a74757cbc,"[(35, 115), (416, 423), (424, 471), (472, 636), (687, 742), (752, 792), (793, 969), (971, 1010), (1017, 1025), (1032, 1041), (1044, 1080), (1083, 1103), (1148, 1194), (1196, 1288), (1295, 1362), (1364, 1371), (1414, 1432)]"
2818462a-bc23-469e-b7b1-2285c45ed871,"[(0, 6), (8, 98)]"
6979ae3c-0050-4893-9e15-813b1c89b149,[]
ae475554-4c56-4289-b452-7d457f771ad4,"[(0, 342)]"
29c8ad46-f82f-4531-b0c2-dc75b224857c,[]
c0e0a9ac-1278-4fce-a58b-0bde473fe0db,"[(0, 187), (189, 407), (414, 415), (447, 453), (467, 473), (545, 1350)]"
da63d92f-e31d-467e-898f-e8cf73900e69,[]
758d85c5-9a7d-4e29-86e8-464fc6304cbd,"[(13, 78), (79, 211), (262, 269), (273, 284), (349, 351), (419, 464), (474, 484)]"
d395eace-46a7-4215-9637-febfce8d2908,"[(19, 61), (69, 101), (185, 188)]"
91768d9e-91eb-43ea-a483-0c280dd87f6c,"[(22, 45), (46, 79), (80, 83), (84, 114), (115, 276), (282, 284), (285, 500), (505, 582), (587, 687), (692, 822), (827, 856), (858, 953), (954, 982)]"
ade56598-0ba6-43af-9872-c226c06c2fc3,"[(3, 16), (18, 22), (23, 118)]"
488a4328-9b89-4fd5-9d19-cf5581c2664d,"[(0, 0), (51, 52), (67, 69), (91, 94), (101, 340)]"
3d17084d-6350-4f68-bca3-8bb81bbe8bdc,[]
7426447b-a51e-4d01-9943-b03931faab10,[]
6f8eb125-b6e2-4e77-9233-f6fb73db06b8,"[(26, 38), (40, 90), (108, 113), (219, 249), (254, 260), (321, 329), (342, 352), (372, 378)]"
dae88cc9-3874-46b7-bfc7-75e7220ac48b,"[(78, 148), (150, 178), (183, 273), (295, 306), (310, 318), (332, 372), (377, 378), (379, 400), (417, 437), (545, 555), (642, 713), (718, 745)]"
c35743d6-3dcd-4c25-9205-7105b18c943c,"[(78, 80), (87, 90), (347, 431)]"
198c983d-a804-4bbd-add7-dab9880e6d1f,"[(0, 57), (166, 175), (181, 190), (218, 289), (304, 312)]"
d2687c1b-7bfd-422f-8e8f-54dada6204a0,"[(0, 36), (37, 70)]"
faeae635-b1d9-40c0-8174-b65a0db5ccb0,[]
1e48f1bb-96d3-42e5-ba1a-6a5290a45874,"[(144, 147)]"
beb927e1-a187-4aba-a94e-15f1257a5e9b,"[(0, 0)]"
c17ddfef-08bc-4539-9dff-4bfa594d7226,"[(4, 47), (205, 300), (432, 441), (442, 454), (505, 533), (547, 556), (565, 590), (597, 639), (843, 899), (905, 922), (929, 933), (943, 964), (966, 970), (989, 994), (1009, 1020), (1026, 1040), (1042, 1118), (1170, 1175), (1187, 1191), (1213, 1219), (1395, 1434), (1566, 1632), (1636, 1638), (1664, 1689), (1691, 1695), (1701, 1702), (1728, 1758), (1803, 1811), (1841, 1860)]"
be11dd54-0b58-4a8d-b80e-714d11ff5275,"[(20, 21), (382, 385), (390, 405), (493, 515), (516, 551)]"
ab793c34-3781-43e8-962f-581001bcc99f,"[(62, 66), (304, 310), (311, 340)]"
9403a01c-3792-486a-ab06-9d0fbb935e56,"[(8, 42), (44, 50), (57, 60), (70, 78)]"
7518583d-3b5e-4699-bc63-5295aff3a62e,"[(0, 112), (192, 231), (238, 360)]"
800806b2-e65d-44b1-9367-4d39db9e3d00,"[(1183, 1184), (1187, 1229), (1697, 1716)]"
8f846512-c6be-4ddf-9321-8a96279f3dfa,[]
1c612220-544c-4fd2-92fb-77ea22076e1a,"[(3, 44), (62, 69), (252, 257), (298, 306), (358, 486), (661, 664), (775, 776)]"
ca7b9353-3320-4b15-b717-9ef38fa9eacc,"[(930, 983), (985, 1055)]"
6901357c-9c91-4fb0-b129-54b7486cb0fb,"[(17, 22), (115, 126), (170, 197)]"
098de383-2b4c-4e60-b5f8-65f83ca770f9,[]
40a0b8f0-af2c-4daf-9c4c-d0012fff1eb9,"[(0, 249)]"
10c5807e-4f0a-4b2a-aaf5-b6c1784eab3f,"[(77, 90), (149, 155), (322, 406), (407, 515), (516, 549), (553, 554), (557, 589)]"
eaea7f5a-0e1a-4b43-875b-e61dd6460e5c,"[(0, 0), (43, 110), (130, 660)]"
b42ac71b-b52e-427f-9bd6-f060f7fb56c5,"[(14, 38), (53, 74), (88, 93), (269, 279)]"
f7ffd571-b097-4dae-853e-c6a2dc4f6016,"[(0, 0), (36, 233)]"
f66ecde3-4c78-43cf-b0a1-0414bff7be8b,[]
98784f55-1267-49c6-8c57-dd1361e6cb86,"[(0, 0), (8, 16), (21, 25), (36, 207), (213, 578), (584, 617), (622, 855), (873, 875), (879, 881), (911, 924), (929, 1120), (1123, 1242), (1252, 1279), (1302, 1303), (1431, 0)]"
324a8a6c-b9bf-4ea2-ba80-3720f720d505,"[(0, 14), (212, 266), (267, 321), (323, 373), (376, 438)]"
0891aabb-e27e-451a-bd73-023896dbdcc2,[]
07d77943-1d94-43cf-99d7-fffa0ccf91f9,[]
4d2e9ac7-06a2-457e-9748-e4cdcd028b80,"[(0, 3), (7, 49), (142, 237), (245, 247), (253, 259), (261, 275), (433, 446), (447, 532)]"
552a0d31-9e58-4b20-a61e-e57ab8bbffc0,"[(0, 60), (62, 91), (617, 657)]"
301b39c6-b073-48fa-9ed4-82b62eef49ff,[]
bec989e4-2a66-4e14-bcf6-394496c9460b,"[(522, 526), (536, 589), (640, 693), (787, 797)]"
e5a73ed8-d563-44b6-a898-0914a8f5bd7a,"[(61, 65), (399, 420), (421, 477), (478, 492)]"
673f4e99-5ccc-4ca6-b462-f62eb240c7b1,"[(0, 147)]"
bda29e8d-9031-45a6-ab52-49adbe5e016a,"[(0, 138)]"
29da8cfc-6633-46b9-b38e-88f8f2128c15,"[(0, 17), (22, 39), (42, 44), (51, 54), (75, 80), (90, 91), (100, 195)]"
22f33a6c-f1c9-408f-a5b4-8ece896c02ef,"[(178, 181), (395, 407)]"
404c0222-1188-4fb3-8bbe-2c40e16b3843,"[(32, 52), (57, 62), (73, 90), (99, 101), (114, 117), (121, 169), (174, 182), (242, 265)]"
807cbc73-4620-423f-b7b9-b22a529e73ee,"[(0, 43), (59, 60), (85, 275)]"
eb44b030-3419-4a0d-9883-90f84e50b447,[]
70ad7ebc-8636-4c18-b3fe-08f5ae7d1bce,"[(0, 0), (16, 190), (192, 0)]"
c6fbc5dd-7148-4874-b2c4-7d3f08461a68,"[(4, 10), (18, 19)]"
65bfb1df-994f-44e5-a396-58b22f758434,"[(345, 392), (399, 405), (416, 443), (444, 446), (610, 654), (686, 703), (708, 713), (717, 753), (757, 788), (792, 844)]"
0c6d784e-5fee-485b-8e50-5ab021986855,"[(0, 0), (8, 9), (41, 42), (105, 430), (728, 745), (753, 880), (882, 1082), (1133, 1135), (1141, 1143), (1153, 1205)]"
d546c2ab-e099-4c5f-b060-a0c471db6a1b,"[(0, 0), (46, 241)]"
71ab2007-e992-4472-9e51-ec086bc37a16,"[(0, 0), (15, 315)]"
f35b7fdd-8b4c-4d35-ae9e-23410001e643,"[(0, 44)]"
9ace8b5a-a4ad-4974-abe0-be256698d6f5,"[(59, 70), (72, 100), (101, 128)]"
0ce06502-49f0-48bd-9582-8516a96152a0,"[(0, 0), (78, 85), (103, 532)]"
08375607-7739-43ee-a28a-bd1d02b9fe3b,"[(0, 193), (216, 217), (224, 302), (331, 332)]"
6fea9378-8655-4906-bdbf-b06c9c26395c,"[(290, 292), (299, 308)]"
44ce1b14-0c47-4254-b56e-ceea92419930,[]
813ccb4d-91bd-4c75-ad18-8e2e517cb99d,"[(0, 755)]"
7685b9b0-0730-4997-a2b1-3fab449ed546,"[(11, 14), (33, 74), (75, 137), (138, 191)]"
ad8ad8b9-bf3b-4f87-95b6-59d3a6e3dc11,"[(3, 18), (19, 33), (142, 154), (157, 170), (180, 208), (210, 221), (305, 306), (330, 332), (337, 363), (364, 412), (436, 478), (481, 493), (554, 558), (561, 587)]"
14961073-bc8d-49e7-af06-e22bc53afb7f,"[(0, 1), (25, 27), (34, 36), (51, 53), (55, 56), (58, 250)]"
e3de56fd-de47-4011-bf47-1cd9bb02e3db,"[(56, 99)]"
00ad6bcc-ddfb-4aa6-ba59-9e50571f1747,"[(6, 59), (220, 313), (531, 553), (582, 715), (739, 881), (882, 949)]"
f9bf3cee-47bf-4a10-9965-8b284af715b2,"[(3, 20), (21, 123)]"
04fa41da-4b45-467c-b1ab-2c7211fb2e53,[]
02c56e70-6426-4ddc-9c45-aa9d48a12d1f,[]
390358e5-1534-4a00-8753-a439d0ab3b70,"[(146, 187), (253, 320)]"
1531751d-eda5-4ea9-b3d9-602f2e891962,[]
3d3e634f-c238-43d9-bfa3-8cd4452f80c8,[]
4a8e612e-ba33-4990-94ce-791617cb777b,"[(194, 195), (199, 202), (204, 251)]"
7b868df4-0351-4379-b1b9-0d128cad4f52,"[(2, 120), (128, 136), (137, 149), (150, 291), (292, 296), (350, 353), (361, 389)]"
95117293-1a98-4177-91cd-110f37e1e3c2,"[(70, 112), (123, 128), (129, 168), (213, 235), (236, 237)]"
954ef3e0-ff9a-41ea-ac16-6af6f165632f,"[(287, 428), (429, 434), (435, 466), (472, 514)]"
585efbba-4b93-4598-a0b0-95869a47e36a,"[(0, 347)]"
c18a09c7-cff8-4b1c-8016-bf1893f76f0c,"[(0, 339)]"
7e7162fb-2792-4077-b6c0-40a1356d9a3d,[]
b65ff490-4157-4adc-86d7-0c909e75a020,[]
6d71e17a-af04-4553-aa39-bf8c9b7c08e6,"[(0, 168), (407, 413), (422, 426), (834, 857), (858, 872), (877, 957), (958, 974), (975, 976)]"
f3c113da-fe53-4352-bc3e-b1deeb8dfe58,"[(40, 46), (59, 65), (77, 92), (139, 143), (146, 248), (252, 259), (293, 309), (359, 498), (499, 558), (559, 575), (576, 636)]"
0e6ff00c-828f-4a28-bb0d-488f30dc4fe9,"[(267, 274), (281, 283)]"
e12db71b-4a38-4685-a5dc-ddb43236e8aa,"[(20, 51), (55, 60), (61, 100), (102, 139), (210, 301), (304, 451), (456, 460), (465, 555), (613, 655), (656, 677), (700, 710), (722, 723), (806, 882), (884, 940), (942, 981), (987, 1077), (1125, 1227), (1311, 1361), (1366, 1375), (1569, 1573), (1578, 1636), (1641, 1724), (1728, 1731), (1734, 1747), (1770, 1773), (1801, 1821), (1826, 1842), (1844, 1867)]"
422f5de2-1d28-4763-b389-234b83c7f407,"[(0, 1), (4, 92), (95, 190), (194, 313), (317, 422), (436, 446), (448, 449), (467, 537), (568, 573), (605, 668), (721, 722), (725, 728), (736, 737), (750, 751), (756, 805), (807, 880), (883, 910), (915, 1010), (1017, 1063)]"
ce0e744a-494b-4c3b-b53e-f442a5c9c812,[]
8ffb3f85-df1f-410c-971d-28e156cf3d4e,"[(833, 865), (878, 884), (908, 925), (928, 945), (948, 953), (958, 1000)]"
733c353e-3128-42b2-9ee2-369b44251f43,"[(0, 801), (807, 810), (819, 820), (828, 844), (848, 855), (873, 1090)]"
ea556f6a-924e-4d89-926a-44e4318f3f27,"[(0, 23), (24, 29), (38, 64), (65, 235)]"
35ea5d99-41a3-49e3-b1de-6df0ada1fad0,"[(0, 676), (685, 686)]"
f638fee4-a563-47a8-ab10-697b58901d23,"[(0, 0), (12, 18), (26, 53), (57, 62), (95, 128)]"
4d5927b8-0a46-4358-84d7-599fb2e70427,"[(0, 1305), (1320, 0)]"
b8298faf-b568-43d5-aa6e-8527062fa933,"[(97, 102), (108, 137)]"
5271527d-1b76-4431-9c9b-e970737a1e94,"[(0, 0), (40, 45), (144, 633)]"
83042c6d-f5b5-4dda-ab54-0880540c7bc0,[]
ba219544-c648-4049-af38-a91ad31ea9bc,"[(0, 71), (448, 472), (777, 781), (787, 843)]"
be311240-f424-475d-a32d-e820c19d0566,"[(0, 0), (22, 38), (48, 223)]"
7b30c464-2f36-4f46-bc83-bfedb1c2a2f4,"[(173, 185), (186, 257), (327, 330), (335, 342), (361, 362), (366, 414)]"
27f2aa6f-7afd-4a40-9859-b153654a26b6,"[(2, 14), (15, 30), (162, 172)]"
e4514d7f-869a-4d5e-b5f1-d39fac441f93,"[(406, 416), (492, 541), (563, 566)]"
b2292b28-3900-427b-b008-98ac22fa689d,"[(0, 0), (60, 61), (95, 308)]"
21d3eece-f9fb-4339-afc6-7bb078c854d1,"[(136, 139), (141, 143)]"
c0a9c841-c0f8-4366-807a-0747a0ce2774,"[(0, 0), (26, 30), (87, 128), (130, 360)]"
016eb78e-3e5e-4e1b-a2fb-fe0045c58db8,"[(324, 343), (344, 408)]"
7eb97c4d-9086-46a3-9c4c-e303e62ca729,"[(0, 0), (16, 17), (21, 22), (133, 238), (242, 264), (612, 808), (818, 1368)]"
9cbc6cd9-0711-4e6c-9997-2537f89e22fe,"[(1, 30), (57, 159), (189, 218)]"
55a48d96-54ab-4e78-9ccc-452b6cb12d46,"[(0, 99), (105, 211), (246, 445), (466, 561), (705, 810), (812, 821), (827, 877), (882, 885), (925, 995), (1025, 1029), (1040, 1072), (1076, 1077), (1084, 1153), (1155, 1271), (1272, 1388), (1389, 1558), (1559, 1567)]"
3bbdbd29-5ad9-4360-bce6-ffc68ef42bc6,"[(0, 160), (339, 346), (350, 354), (363, 587), (606, 607), (613, 614), (615, 619), (626, 633), (635, 643), (649, 0)]"
3cdfb235-4014-4bbe-80c5-2d0a16ea156a,[]
afc09b23-19fd-449b-9f4b-6eb1a58ee1a0,"[(3, 42), (610, 645), (655, 677), (684, 692)]"
99c16a4d-5fc2-467b-892a-6ed044e91c74,"[(0, 0), (9, 10), (31, 32), (85, 87), (98, 260), (264, 317), (320, 380), (382, 479), (495, 496), (499, 623)]"
b542e6af-40c0-4a28-8d64-f9ee328f25ed,[]
d3d5b13f-c1d2-43dc-ad05-89620ef2f162,"[(52, 55), (199, 200), (207, 259)]"
186e8eff-82cd-4208-aa54-926744ce090d,"[(0, 63), (67, 68), (118, 119), (139, 213), (274, 351)]"
6d674d1a-1564-4231-bf7e-1ea806957d2b,"[(1, 3), (29, 30)]"
152e23c1-931d-4ee0-b5f4-3444e926b127,"[(0, 0)]"
70786492-4dfc-4ba7-bbbb-7a6a059c33cd,"[(60, 78), (211, 243), (454, 461), (463, 471), (478, 488), (554, 570), (1002, 1022)]"
c8778daa-ba3e-414d-a403-921bfe1f186f,[]
6b4b039b-1a1b-468a-a3d7-5ecab4591583,"[(0, 94), (97, 116), (152, 159), (160, 182), (214, 215), (222, 223), (238, 366), (367, 383), (407, 441), (444, 481), (486, 489), (679, 691), (704, 707), (710, 794)]"
034bda53-379f-4a33-a6e1-552102ace18f,"[(0, 15), (16, 30), (31, 45), (60, 66), (81, 152)]"
75f21c2b-8aae-4fd4-80f2-31c795fe9e8e,"[(159, 193), (319, 355)]"
1e16f884-2059-4f50-8fac-971c800da9fb,"[(0, 73)]"
ae74e4ec-1c8b-4dd6-8356-adb40bc44826,"[(757, 761)]"
4d931809-3a36-4957-898e-9337e3d0fbfa,"[(0, 51), (59, 176), (182, 234), (295, 446), (609, 667), (689, 690)]"
0980e13a-2452-4609-9ad2-ab38d129e7a4,"[(785, 791), (793, 807), (809, 832), (834, 840), (851, 852), (1128, 1155), (1203, 1219), (1220, 1257), (1267, 1319)]"
194d1eb8-4313-4f99-9794-0922026d1975,"[(0, 508), (521, 522), (556, 837)]"
29db982c-7873-44d0-a80d-8ff594a2990c,[]
6b18ffc6-0aa9-435d-8eb0-5f995a40f471,"[(666, 700), (788, 813)]"
cb1da6c7-cdac-4762-a2a4-50765a658d35,[]
ffbc15aa-cf84-466b-80cc-5b89297ab0af,[]
22de4ad6-82d3-4174-b7f6-7b8455e08483,"[(0, 69), (70, 84), (511, 517), (534, 576), (596, 701), (703, 764)]"
1238d10e-aab7-4f9a-9cc8-5aa7cfee22d2,[]
00c54873-ae86-477e-9ac4-61c0bad514e3,[]
2f396545-8fe5-4ced-a98e-c808add821d0,"[(0, 0), (21, 22), (27, 185)]"
60e104a6-04a9-406e-9fe4-93d8d8cc22e7,"[(0, 12), (13, 23), (24, 90)]"
87418955-87af-4236-989c-be5269278801,"[(126, 139), (150, 158), (166, 243)]"
439491f2-7e2c-41b9-b067-00979f26231b,"[(862, 871)]"
deee230e-410f-49ab-93f4-fe55aa90ecee,"[(0, 1), (5, 179)]"
6ddfb880-e43c-4713-ae34-d5e042c20b69,"[(812, 922)]"
7bd951d3-70de-4373-a651-370c44d953d0,[]
4fe0ed1b-c591-4041-bb1c-6423b9b2b46a,"[(0, 0), (45, 47), (59, 61), (79, 694)]"
deff8944-6324-42cd-8aa3-f635e6dbb868,"[(105, 148), (322, 356), (357, 378), (379, 425), (426, 438), (497, 664), (991, 1082)]"
97fa11b5-6c01-4380-9712-0a620e6ca541,"[(551, 609), (610, 707)]"
a97092be-ba62-4ca9-9e9e-539492b4ee7d,"[(197, 223), (224, 262), (264, 265)]"
e5994733-3323-43d3-b178-4695b03d19f5,"[(0, 1), (2, 72), (85, 109), (126, 311), (316, 373)]"
0310bbe0-8c26-4f8e-82af-e013755ff459,[]
9e129b8c-bfa7-4d71-8ffc-57fbd39f8bc8,"[(0, 12), (13, 28), (44, 47), (55, 58), (195, 282), (284, 355), (579, 584), (586, 604)]"
eb24ec94-4c7f-421c-8093-8433324fea7a,"[(0, 355), (364, 516)]"
b4d37686-6fdf-4cd8-9fb5-b9ac7e19e82f,"[(252, 340)]"
d4346498-e55a-417f-9499-701a728d31df,"[(50, 56), (67, 93), (103, 105), (304, 314), (315, 319), (325, 352), (354, 374), (513, 518), (542, 544), (551, 558), (560, 641)]"
9a2436a8-81d3-4524-9e29-3fcdc3e7ecfc,"[(352, 358), (362, 384), (392, 399), (441, 443), (450, 490), (733, 784), (786, 854), (856, 893), (937, 975), (976, 1074)]"
4e2808f4-e608-46e6-9d1e-68dd93429d52,[]
ae50d9c9-2019-40a8-8868-72834d7212e5,"[(0, 275)]"
3407f731-4aab-4df4-b3a7-ac8bd75d19fe,"[(92, 163), (317, 450)]"
499414b1-e38c-4567-bfd3-90433aa52357,"[(30, 31), (49, 251)]"
be574264-7e65-4975-bd87-fd4f027fc382,"[(0, 8), (88, 98), (230, 354), (365, 375), (383, 468), (473, 567), (572, 663), (668, 681), (693, 752), (1185, 1242)]"
3dcf9057-0eb5-45a2-9818-9ba266a85783,"[(335, 396), (400, 419), (420, 440)]"
396c0a90-820a-427f-b7fa-7bc1925e323d,[]
cdf87ca8-707a-4937-8c22-c8cd610ac377,"[(0, 43), (66, 81), (109, 185)]"
0bab016c-3227-4889-96df-d0735748bb43,"[(35, 40), (47, 50), (813, 833)]"
ed0e97d0-3d90-43a7-b713-a5534cbb3f5f,"[(39, 52), (82, 90), (101, 107), (109, 147), (330, 332), (337, 341), (346, 355)]"
a5f78d1c-bd5d-42ac-80c0-0d2caea0491d,[]
887b1720-6eb1-4235-a5fb-28f93f1ceaf0,[]
a7b2243c-aeec-4cdd-a848-baf7deefc6be,"[(140, 227), (257, 317), (333, 334), (431, 550), (551, 568)]"
74e1b058-a4e0-4cee-a5b4-dfbc18b206f4,"[(103, 104), (119, 126), (131, 139)]"
0afc5e36-9e99-40a5-ad42-7b717d160544,[]
5dcbd694-8d42-43ba-97f3-92ed2c10c2ae,[]
28060c65-d6d0-4654-bede-81d396ace115,"[(5, 7), (201, 221), (222, 251)]"
69839e24-3a8a-46e5-aae2-0ab37d803eb1,"[(0, 0), (59, 61), (103, 480), (486, 488), (630, 635), (644, 646), (649, 669), (671, 672), (676, 678), (730, 832), (836, 853), (856, 866), (871, 875), (891, 892), (915, 916), (919, 988), (1005, 1088), (1100, 1260), (1266, 1275), (1285, 1305), (1356, 1365), (1370, 1380), (1394, 1397), (1425, 1426), (1476, 1549), (1551, 1570)]"
7c29f8be-e652-4d59-b611-ca3e37373573,"[(0, 0), (89, 90), (197, 198), (220, 548)]"
c7d09e84-e8b0-48ec-81b7-af6ca9fe7686,[]
17c17e9e-7299-49c0-9b58-3421bf489f11,"[(0, 1), (13, 136), (198, 315), (317, 498)]"
0e4a76e6-1f8a-4588-8bd5-b9aa69ca1312,"[(2, 23), (30, 37), (216, 230), (258, 297)]"
df49cc5c-2e3c-4620-82f6-932c6b7b0765,[]
c1cc25f8-7625-4953-b730-983e0860a7ba,"[(158, 332), (333, 469)]"
fd6a858e-80c1-478d-930e-cab6da1495ed,[]
581bfb33-bc69-4b95-8f7b-f27eb0a32863,"[(135, 137)]"
c11c5126-4102-4ba7-93e1-a0c5cca6006f,"[(0, 1), (3, 4), (98, 131), (133, 478)]"
ee0aaee9-5562-4f1e-a2e7-fa2e9c931203,"[(61, 94), (124, 221)]"
6942c1fc-a5c5-4ae3-a963-8b2781a71614,"[(2, 80)]"
0a6ad142-78db-4cae-8097-1c896d477b0b,"[(24, 29), (46, 73), (140, 174), (232, 236), (245, 250), (252, 255), (265, 325), (327, 355), (356, 381)]"
03c3c9c6-d541-4648-86e8-6530c3a6bfa6,[]
5f9c63f8-f1d2-4afe-af45-3d2f5589f94f,"[(44, 111)]"
e5d0dd9f-4886-48ef-905d-b778cc91d94e,"[(0, 0), (29, 171), (173, 207)]"
8c140e9a-34bd-4aa3-a09f-070ec2130ee7,[]
2631ff21-b8f8-47d2-bbb6-d19e8cb48847,[]
573015ff-d209-48e6-ab78-99cf8c37cc3e,"[(0, 39), (89, 103), (247, 373), (374, 631), (642, 674), (676, 681), (685, 783), (801, 804), (841, 846)]"
d6b34709-ab88-48c0-a30b-1011a75975b9,"[(67, 156), (158, 163), (172, 194), (206, 225), (228, 233), (236, 252), (253, 330), (345, 348), (360, 387), (787, 810), (865, 891), (1028, 1034), (1111, 1113), (1330, 1333), (1586, 1595)]"
72d34916-6f66-4522-884b-f425a215b2c3,"[(328, 355), (361, 388), (389, 408), (415, 440), (626, 674)]"
8c1e3011-87d6-4389-8cb9-3a68a2c0255c,"[(4, 58), (66, 105), (232, 237), (251, 265), (429, 432), (440, 468)]"
e893893b-1511-4ff0-8cd7-c11fea5fe005,[]
77f61ebb-ab3b-452d-8f2b-06ba34823c6a,"[(478, 485)]"
7810d84a-a504-4fb4-a3f0-e7e911e90f7e,"[(373, 390), (396, 699), (701, 762), (960, 963), (1268, 1363), (1364, 1422)]"
610f5ad9-8cb4-4134-86bc-0890d57833b8,"[(54, 80), (91, 94), (192, 325)]"
8b4cb63a-0114-425b-a1e4-5fb2b9110050,"[(588, 593), (1321, 1329), (1330, 1341), (1342, 1349), (1776, 1791)]"
0cd5be56-a1d6-4c87-8a02-6c98c4196bdc,[]
c4b3dc57-4073-44a4-aa41-169e35ef159c,"[(0, 3), (54, 55), (99, 232)]"
3b19defe-67cf-4e86-a681-74413cb09cd5,"[(228, 231), (235, 239)]"
459570cc-717c-44ed-84ee-bb562652c6b8,"[(0, 0), (3, 75), (77, 309), (367, 368), (418, 594)]"
8c1fba04-e162-484c-a710-39f989e6a2d8,[]
32c3f206-58b7-4101-a115-8e21c157a935,[]
c8486327-3793-4e42-bda4-0b19f0aa5745,"[(0, 0), (53, 58), (62, 139), (159, 169), (171, 232), (240, 241), (246, 293), (295, 319), (321, 375), (392, 411), (485, 497), (521, 530), (537, 550), (552, 745)]"
094f24ba-74cb-4fc9-880b-9258e7cb5914,"[(0, 36), (351, 383), (387, 389), (397, 400), (459, 463), (465, 467), (468, 475), (476, 483)]"
0151057b-cec0-4df8-a5e2-23080423497c,[]
8539acb4-5823-4197-9e1e-f4a05e3c9c97,"[(0, 55), (57, 75), (121, 149), (158, 159), (229, 248), (297, 416), (520, 531), (533, 538), (543, 548), (552, 557), (595, 607), (613, 631), (633, 857), (859, 963)]"
57cf3e4a-1398-480f-ae01-c425c4299643,[]
3282bb1f-94dc-4584-8e2d-60d898986c67,"[(478, 484), (487, 496)]"
3c16ed99-757f-4ba7-b642-4f8eb3fc09fa,"[(122, 136), (140, 164), (168, 191), (195, 212)]"
420aa0d7-24e8-4024-8bd9-5c944623c4ec,[]
73e8dd44-fbf9-45c4-bec1-b5fb7379fee5,[]
120afc6e-7179-401d-acc6-b324bb7fc93b,"[(232, 304), (305, 443), (444, 471)]"
cc5852b1-1a87-463a-ba42-fd6f31751da4,"[(28, 34), (109, 119)]"
acb123b8-d577-4bc4-b8ba-88d1e070b518,"[(4, 18), (72, 88), (111, 140), (143, 154), (160, 284), (344, 357), (360, 379), (380, 463), (466, 514), (654, 673), (789, 823), (824, 914), (915, 955), (962, 1035), (1038, 1079), (1084, 1180), (1187, 1243), (1246, 1256), (1258, 1272), (1403, 1520), (1523, 1530), (1531, 1535), (1538, 1586), (1590, 1598), (1599, 1603)]"
4f125e2e-f9f4-4184-ab91-b6e6deabc732,"[(0, 32), (67, 68), (80, 84), (89, 202), (223, 225), (238, 393)]"
6479bf6e-8d80-4fdf-af98-afa6d63e8956,"[(50, 57), (66, 68), (79, 84), (85, 88), (96, 113), (116, 128), (132, 161)]"
6e6cce94-4287-4694-a105-b52fd365fa0d,"[(0, 49), (137, 168), (270, 310), (311, 353)]"
3b9799fc-8dd3-471d-bcdf-7a02c97237e5,"[(64, 83), (86, 90), (117, 183)]"
30ae8dcb-f428-4c56-b392-e659627cf983,"[(0, 161), (211, 212), (221, 222)]"
02e382ac-8132-4510-930b-716c034daeb1,[]
bb8c5286-9012-4269-9db9-cb12d27e5efb,"[(30, 33), (39, 40), (54, 58)]"
ed476efd-f579-4e98-9acf-ec2289b07e5b,"[(7, 11), (70, 81), (87, 91), (123, 125), (213, 238), (272, 274), (478, 481), (497, 534), (563, 616)]"
720d0195-a679-4038-8623-2c6d50ca3da8,"[(0, 1), (23, 24), (51, 190), (192, 861)]"
bba112ee-8fdd-48fe-b8a1-3097403868a3,[]
dd42e4a6-0316-4d90-b131-b630b9b8a7ff,"[(12, 18), (19, 25), (123, 167)]"
bba92a7a-b352-4250-8db2-d63bf5b9771f,"[(267, 322), (328, 338), (356, 359), (368, 377)]"
45636ba7-f52c-4dec-89d8-363a5d0593d6,"[(441, 451), (510, 558), (560, 565), (570, 581)]"
a3e880b8-f51d-4be0-90b4-275085041fa0,"[(0, 0), (121, 211), (224, 251), (257, 262), (268, 271), (278, 362), (365, 658)]"
e5473de8-a712-4307-95e4-1d2af8ec3364,[]
33be1082-0a5e-4351-8814-5c474d944d1b,"[(134, 199)]"
5efeb577-a721-4e0f-a4c0-f11f804f9129,"[(0, 0), (29, 51), (54, 512), (534, 535)]"
5fb62b67-29de-4e1b-a737-3989f5d362c1,"[(96, 99), (130, 138), (162, 186), (195, 197), (199, 265), (275, 276), (284, 288), (291, 293), (301, 307), (363, 378), (382, 388), (389, 394), (551, 560), (562, 586), (591, 592), (599, 602), (610, 681), (682, 695), (916, 969), (970, 1013)]"
cc33a80a-7dd8-442e-ae11-25f4178d6d3b,[]
e640773b-2e18-41cd-844d-68a42bc3f0bb,[]
5509f1a6-4ea4-4707-92b4-05290fe3c352,[]
60f987c1-9ea3-494e-b23b-88eba7655229,"[(0, 209)]"
fc17160b-0a9c-4de1-8ade-a85e79b7730f,"[(0, 0)]"
a5c513dc-641b-493a-916c-af6dc37ff92c,"[(0, 144), (306, 310), (605, 606), (608, 622), (636, 637), (825, 853)]"
5490027f-db4f-4615-9100-f37654a0374f,"[(0, 0), (16, 84), (87, 265)]"
14944eb6-fef1-4e1f-907e-705f8b02876c,[]
0c0988fe-0755-424f-9d2f-1440e522404b,"[(111, 151)]"
1443993b-73c2-4d52-aa6f-8e6190f27654,[]
73f178b1-1ca2-4f23-b668-9b12db78da62,"[(0, 118)]"
92e539e4-e021-4266-8325-cfb9bd9c557d,"[(0, 12), (13, 39), (137, 183), (184, 188), (190, 191)]"
953a498e-fb0b-4d65-b556-586ad3f886b4,"[(0, 323), (336, 386), (426, 498), (522, 523), (528, 529), (534, 537), (541, 560), (562, 569), (572, 624)]"
67c90ca2-a9cc-45a3-befa-3e8602e04d89,"[(4, 15), (74, 81), (88, 116), (207, 293), (307, 308)]"
27769afb-8341-4af7-a661-54dbc210f569,"[(0, 1), (6, 7), (11, 176), (181, 200), (224, 247), (251, 257), (317, 331), (344, 349), (367, 375), (433, 435), (438, 439), (456, 849), (854, 858), (1037, 1686)]"
ab555d32-e101-4f85-be2a-e7c7cf581c2e,"[(0, 2), (24, 65), (66, 85), (86, 87)]"
9d6dc35f-36a0-4954-83a1-d3ce768a1898,"[(728, 729), (730, 836), (916, 974), (975, 994)]"
9409ca80-f578-446b-b62e-0e2acbb6b34e,[]
7de64e08-f8a1-41ac-9c29-a6f0943d383d,"[(0, 55), (203, 212), (236, 240)]"
e009cc18-ac30-4475-a7eb-39eb12ca1e59,"[(0, 0), (2, 1168), (1182, 1183)]"
0d2f7bd4-3e09-4f2d-925b-620242cf6185,"[(21, 25), (57, 161), (164, 169), (178, 224), (407, 421), (431, 538), (745, 764), (766, 849), (865, 948), (950, 968), (970, 1003), (1256, 1317), (1331, 1332), (1340, 1372), (1376, 1435), (1506, 1511), (1615, 1653), (1676, 1693), (1694, 1701), (1702, 1724), (1753, 1760), (1801, 1838), (1847, 1850), (1861, 1881), (1883, 1905)]"
4b31df75-e817-4b9a-997d-9a726fcb7c53,[]
cd3f3464-aace-4b3b-a932-a48c3429b300,"[(43, 63), (73, 110)]"
616cf758-3256-411a-b99d-6f044af3e336,"[(0, 0), (46, 155)]"
e8381bf4-aa4d-4441-a4f2-715de3feef2c,"[(0, 52)]"
d9867ed2-3612-4d97-815a-1ed1a12958d5,"[(0, 67), (70, 73), (76, 126), (137, 157), (174, 215), (217, 260), (263, 375), (377, 408), (414, 817), (821, 1175), (1189, 1279), (1284, 1309), (1313, 1327), (1333, 0)]"
ea183d9f-335c-4dcf-a1c9-a64702e141b0,"[(0, 16), (77, 131)]"
190a488d-c37f-4a3d-ad1f-f8ad0055b164,"[(521, 633)]"
bb7d1248-a9a8-49cd-a9ef-d2b88da80945,"[(42, 99), (106, 114)]"
282ecdcf-2231-4511-8684-0d20f5414fa3,[]
72f0cb84-70b5-4e40-a116-6d27809d7fed,"[(0, 0), (49, 50), (55, 77), (130, 223), (285, 356), (383, 386), (389, 466), (497, 498), (533, 810)]"
38db544e-7586-4494-9c75-873f2b4f6644,[]
63b3510b-7962-46c9-9127-e6aba837cbeb,"[(4, 43), (44, 65), (68, 70), (191, 264), (274, 282), (509, 550)]"
487dab54-5e98-4a01-8430-bd43ea40411f,"[(20, 34), (52, 65), (82, 83), (84, 90), (94, 110)]"
614bfae3-6c44-4547-aea0-28c9ad3516d3,"[(44, 55)]"
ed741c0e-a879-4ddf-8438-5a2979eb7d2c,"[(3, 56), (57, 63)]"
be0e908f-fa17-4acf-9fa4-1c582d666516,"[(50, 51), (56, 90), (93, 168), (224, 225), (226, 265), (298, 333), (354, 375), (387, 436), (474, 528), (597, 743)]"
85f48e9d-7bd2-46e0-83f3-fa7e5c48895e,"[(51, 58), (63, 160), (294, 296), (324, 334), (363, 369), (398, 416), (440, 447), (448, 465), (476, 508), (759, 780), (784, 787), (841, 849), (852, 856), (863, 866), (871, 888)]"
db70f202-5b08-43c1-9124-30ece1082b08,"[(16, 22), (49, 63), (65, 78), (90, 95), (98, 127), (149, 158), (270, 276), (281, 286), (307, 318), (323, 387)]"
1d8ccd77-6855-41da-a9c4-13e143720f24,"[(23, 38), (40, 61), (62, 166), (169, 231)]"
58a1c1cc-8823-4179-b42f-a5570377a1cc,[]
317aebb1-86c0-4ebe-95eb-c4d1f48d4419,[]
1144c45c-5ea9-45a8-8164-de06ff60a87e,"[(14, 82), (85, 97), (278, 286), (358, 383), (411, 473), (475, 482), (484, 491), (498, 582), (584, 649), (679, 686), (745, 884), (908, 989), (991, 1029), (1030, 1043), (1060, 1183), (1185, 1209), (1218, 1290), (1292, 1337), (1342, 1487), (1512, 1527), (1593, 1655), (1659, 1715), (1717, 1749), (1751, 1807), (1810, 1822), (1824, 1833), (1834, 1854), (1856, 1857), (1858, 1965), (2002, 2022), (2045, 2050), (2056, 2086), (2107, 2113), (2196, 2218), (2232, 2235), (2239, 2246), (2257, 2267)]"
62448a19-9ecd-4e97-b293-baae06fd1354,[]
8abfbd0c-39b7-4bb3-9707-5922f97af68c,"[(0, 0), (8, 40), (47, 131)]"
a0846ecc-b446-46fe-8e88-f9b6a598c820,[]
99310072-e4ed-42a1-b8ff-3ffdc2b209b5,"[(0, 67), (108, 118), (122, 137), (259, 260), (477, 480), (530, 539), (541, 566)]"
fc9c64fd-a9d6-45ad-8a66-2249759ed93c,[]
294b6076-39a6-4382-9bb9-c99ed2e4b943,"[(0, 0), (25, 28), (39, 95), (100, 188)]"
809eef4c-8cf9-4ccd-a28a-d14a1c65b1c4,"[(0, 0), (42, 239)]"
162b0d20-74d5-415f-ba55-b0d9c8ce269c,"[(19, 23), (300, 335), (402, 441), (446, 466), (486, 533), (538, 566), (570, 675)]"
9c8bc377-0bb9-4aa9-a2bc-8f6954bcd156,"[(0, 0), (15, 23), (38, 39), (53, 54), (60, 124), (137, 140), (151, 152), (155, 156), (161, 187), (204, 213), (217, 252), (293, 297), (303, 304), (373, 737), (742, 756), (770, 788), (906, 958), (977, 992), (996, 1077), (1095, 1096), (1100, 1160), (1162, 1332), (1492, 1707), (1727, 1731), (1735, 1781), (1803, 1805), (1812, 2148)]"
0f6b52bb-3465-4a58-90b7-e2682740a7a5,"[(144, 198), (199, 234)]"
a4c9446e-65aa-4b5a-95de-891c9b102f0e,"[(10, 11), (12, 34), (41, 63), (86, 87), (115, 145), (146, 207), (213, 273), (275, 294), (299, 352), (356, 401)]"
c7139a9c-5d57-4046-b257-df07fd20a525,"[(0, 21), (22, 47), (48, 88)]"
fb092c91-e04f-4707-9d25-cbed5448fa79,"[(0, 184), (186, 315), (321, 620)]"
f4d39d09-f3f4-4853-b032-a1811d49f611,"[(0, 23)]"
985f6633-9e93-492e-afa6-08cf6607cf3f,"[(0, 1), (54, 59), (61, 175), (177, 353)]"
507cab84-71a0-4df4-be2e-7838349c9b5c,[]
c282f047-9892-44cb-b479-f68f26b0dbe8,[]
8776dbd4-e6ce-408a-9191-72a635663ffd,[]
b7b2be18-f16f-4d00-808f-39f8cf2f20c6,"[(0, 0), (94, 95), (119, 484)]"
35565034-2d92-4d7e-9d6a-edec1c3fbb84,"[(908, 945), (947, 956), (961, 994), (998, 1004), (1005, 1033), (1036, 1181), (1248, 1265), (1269, 1279)]"
57355632-beab-47ed-b14a-bb4496629798,[]
100bf5b3-d5f3-4b43-be1e-aa7723f615cf,"[(84, 207), (338, 583)]"
c3dbd19e-9d78-4022-bce5-e1cd1f93c94c,"[(0, 29), (33, 39), (45, 46), (83, 376)]"
e5f414d4-9a08-40e0-b9a3-1d40580fc36d,"[(159, 163)]"
8214f6bf-4aed-4b63-aba0-e9076cb3636c,[]
3c52fa08-314f-4181-bb82-8e67407cb5b6,"[(0, 0), (42, 235), (242, 243), (261, 262), (273, 554), (572, 573)]"
6ad909a7-5703-44c3-9f80-c880c9126274,[]
7556a4d8-6f1e-485e-bd0d-197e9dec56ac,"[(129, 207), (208, 245), (326, 348)]"
7fc053e0-cd3b-4b1b-9955-8e1d310247d9,"[(0, 212), (223, 224)]"
06f806ea-0e35-47fd-9b1e-9071f37aac71,"[(10, 24), (26, 87)]"
3584927b-e8c6-43e9-b60f-41fc43cc7333,[]
6ca36ab4-05e5-43b1-acb2-8115e595f5cd,[]
212858e4-36bf-429e-bef0-b9ad5e787e45,"[(342, 361), (362, 400), (401, 469), (484, 500), (503, 505)]"
c006f365-a6a4-49d6-aca3-38ae773b6835,"[(0, 33), (47, 64), (65, 94), (156, 164), (251, 265), (303, 412), (472, 535)]"
9468f804-e35d-4dc8-85b2-bec6fa83a9d0,"[(3, 15), (26, 68), (188, 238), (255, 273), (348, 497), (498, 507)]"
793b6325-22ca-4305-985e-25a5f18972b7,"[(36, 56), (306, 368)]"
9af4eae2-585c-496d-bc92-c72c918bb581,"[(3, 57), (87, 94), (118, 120), (160, 168), (172, 262), (267, 354)]"
40436d0b-938a-4cf1-a61d-9038f4982ca3,[]
02c6537d-2038-40cd-8832-a28f936f4bed,[]
7fd7bd50-368e-48db-bf24-1d324e2057e4,"[(47, 52), (65, 84), (116, 276)]"
0096c3bb-2553-4b91-a604-9a1cc8be6cc1,"[(0, 106)]"
3d75883a-b356-4889-bca7-adad84b79c66,"[(0, 266)]"
9bf9261a-aaa6-4ea7-825e-048d2a6636f5,"[(0, 184)]"
2d837bca-076c-4b61-b0ce-923f61d20f0e,"[(70, 72)]"
4685fd55-7f2b-4863-89bd-65d3645d588c,"[(40, 203)]"
54c0a608-ab3d-4c54-ad05-2136aae41082,"[(11, 20), (22, 75), (96, 108), (129, 184), (429, 439), (450, 468), (615, 641), (642, 852), (865, 869), (885, 889), (911, 915), (923, 924), (933, 939), (1026, 1033), (1058, 1085), (1091, 1093), (1096, 1146), (1147, 1177), (1181, 1188), (1190, 1212), (1217, 1249), (1255, 1256), (1361, 1364)]"
7fa1c36e-7584-4237-8c0a-1f1dfc9761da,[]
618917f2-109c-44b4-88fe-9fe177121137,"[(0, 37), (39, 66), (93, 181), (227, 243)]"
a6a2cd4d-08fc-418e-8f2e-91e24cf46019,[]
28c91dcd-e1bc-4ac4-b187-e1f89a779b48,"[(0, 0), (16, 221)]"
7a759e89-9890-4ceb-ab68-7b2cb6d3d7b8,"[(0, 0), (26, 39), (41, 84), (87, 384)]"
7df399cb-5354-40ab-ad88-db83bc39dc99,"[(322, 339), (344, 346), (1190, 1208), (1224, 1229), (1258, 1274), (1285, 1288), (1298, 1314), (1318, 1342), (1351, 1355), (1357, 1359), (1392, 1397), (1497, 1525), (1610, 1611), (1612, 1719), (1721, 1749), (1805, 1816), (1818, 1820), (1955, 1963), (2021, 2030)]"
07eacb45-3652-4784-bb8c-0748a9417f82,[]
d608b561-1f7a-4595-995a-075eedf27f44,"[(61, 143), (144, 162)]"
9d35b499-b350-4ccc-b68b-8d94c86656e1,"[(68, 142), (154, 199), (218, 254), (259, 332), (337, 401), (406, 498), (535, 563), (567, 573), (592, 677), (682, 785), (790, 892), (893, 908), (913, 1021), (1026, 1113), (1118, 1187), (1321, 1327), (1349, 1359), (1474, 1488), (1513, 1557), (1562, 1644), (1649, 1741), (1746, 1799), (1804, 1884)]"
53668b21-9721-4ef9-b5ee-4ae4621cbb45,[]
eba7dc86-53f1-47e5-8cd4-aca4b39facbe,"[(105, 123), (126, 136), (139, 177), (178, 230), (231, 316), (404, 447), (455, 456), (481, 483), (494, 497), (506, 513), (517, 564), (664, 668), (693, 699)]"
ec3a41b9-9a08-4f98-8124-7cc9736c531f,[]
082df195-bfcf-494d-a914-7c1f1c27c1fe,"[(41, 45), (48, 63), (71, 97), (131, 178), (192, 240), (250, 294), (303, 370), (372, 420), (423, 447), (448, 453), (455, 464), (467, 469), (473, 474), (479, 534), (536, 605), (608, 641), (647, 654), (659, 834), (884, 898), (900, 917), (920, 960)]"
a2cd68a0-2534-4c82-bb5c-de89ba867711,"[(457, 462), (606, 614), (622, 627), (1208, 1217), (1231, 1275), (1281, 1428)]"
7c0ba306-b346-4a9b-a908-cc4dd34455f2,"[(937, 958)]"
eb7eb81b-b061-4d0c-a41f-25a5d4e10f49,[]
1ee3db37-b757-46d2-ac39-42e407c81307,"[(451, 489)]"
75561c6a-f425-460a-b883-d71b067202c7,"[(0, 1), (23, 28), (78, 86), (112, 115), (120, 121), (131, 135), (246, 259), (327, 329), (389, 494), (514, 616), (626, 671), (673, 767)]"
89766f62-f333-4489-a658-e8d6f7bc241b,"[(780, 781), (785, 789), (797, 807), (813, 997)]"
48049317-682d-4193-90e0-251210249111,"[(0, 86), (90, 92), (100, 102), (117, 119), (141, 146), (170, 171), (174, 176), (181, 184), (190, 329)]"
8fa39208-1bcd-4e84-81b7-991cb5a7aeda,[]
5ac2c07f-29f3-4028-9f0e-96e1a59142b9,"[(0, 308), (310, 363), (390, 391)]"
08e6cee7-f70f-457b-be21-8d6f05ec3c58,"[(0, 0), (22, 181), (200, 211), (225, 285), (306, 307), (372, 409), (432, 434), (496, 513), (519, 588), (592, 759)]"
33b84449-b589-4a08-a75e-286e4e3ad05f,"[(0, 124)]"
7070ccdb-c051-4a80-91c1-6bc2c267c20c,"[(0, 7), (16, 146), (272, 302), (304, 377), (385, 389)]"
2773141a-616f-4eb8-9dc0-0d30b20de8f0,"[(0, 227)]"
795e3599-4a85-407e-819d-5de5e2367ee1,"[(119, 248), (250, 301), (302, 322), (323, 339)]"
bc07b7d3-6134-4c87-bde4-2025a0614e67,"[(63, 71), (81, 99)]"
9cba16d5-30be-446e-9bf9-8d8b52215d86,"[(3, 11), (112, 135), (149, 181), (254, 259), (276, 314), (316, 396), (401, 411), (419, 522), (528, 598), (604, 683), (718, 723), (737, 746), (752, 755), (760, 803), (813, 818), (1369, 1412)]"
213057be-0e83-48b3-a8c5-5012411c64da,"[(0, 193)]"
dce19620-3ce5-4166-8e01-f66ef4e656ef,"[(0, 106)]"
a3f4c79b-6216-499f-bd89-c16ca8c0ead7,[]
1f9c0ec7-4ba3-4474-b6a0-b7668b8e9d01,[]
b01f7533-9239-4390-8fde-2cb85761b5d6,"[(231, 238), (794, 795), (1104, 1114), (1352, 1360)]"
b1f94e98-54ba-443d-8ee2-857d9ee53637,"[(194, 213)]"
cd2417af-49bf-43f7-bddc-d9c816471ebd,"[(0, 1), (3, 150)]"
95f9ebb2-1002-4528-b73a-5c05681ae5d4,"[(2, 170), (360, 388)]"
56bf9a12-d71d-43af-ae27-6f465aa9dbe8,"[(2, 58), (134, 141), (142, 315)]"
0d207343-5097-44fb-a35a-a5db63406c4d,"[(0, 0), (83, 218)]"
141bd17a-b7bc-460a-b2e5-60c358c3f628,"[(2, 3), (7, 34), (273, 301)]"
78367ee0-b62c-42d9-9ba5-bedcf52cdd44,"[(0, 16), (17, 183)]"
1ecbe09d-c592-4d5a-9459-66db66f14880,[]
80709834-f734-47cd-bb45-115bad79b690,"[(0, 301), (319, 320), (408, 409)]"
9bb25409-8be7-4b79-8b41-500b8e87268b,"[(47, 48), (53, 70), (71, 73)]"
bdd49a1d-9011-487b-bba5-6b0280f259f4,"[(0, 77), (103, 104), (128, 129), (164, 172), (174, 177), (181, 228)]"
f0ce4b13-3082-486c-8b9f-d982b54f5102,[]
bbefbd4c-54c8-406f-a56a-53d5f8b54224,"[(0, 0), (17, 24), (27, 54), (57, 62), (72, 201)]"
b93e59e5-64c3-4f75-b9b1-a57829d38ed4,"[(0, 6), (11, 14), (16, 214), (222, 224)]"
f5b8170f-9f06-46cd-889a-5641aa3a0167,"[(258, 260), (265, 288), (289, 301)]"
c8db4773-9126-46a2-9e02-63909ee8d1ae,"[(0, 1), (3, 22), (26, 231), (405, 472), (488, 594), (597, 601), (604, 643), (649, 667), (669, 888), (892, 923)]"
1d166967-3590-495b-993a-26989c6933a8,"[(255, 279), (307, 325)]"
1b8b3d1f-6038-4e46-9e1c-2a541ce4cf68,[]
a40c0f7f-24ff-4daa-9b9b-ad0b5aa03acc,"[(6, 11), (37, 72), (122, 206), (274, 319), (381, 486)]"
1094853d-7f72-4840-ad04-c59379f5a469,"[(144, 161), (163, 216)]"
4551e941-1a87-4ce8-b676-ff7f8db799df,"[(0, 26), (41, 44), (54, 366), (377, 406), (420, 592), (681, 682)]"
ff33fd38-d086-4a8b-a1ad-dc38c788cfc3,"[(125, 128), (133, 152), (160, 162), (512, 550), (627, 631), (636, 657), (724, 770)]"
60b1dee9-dd82-4f5f-86db-b1234bcfb33b,"[(0, 0), (13, 73), (79, 83), (99, 374)]"
d88e5f51-8251-42a6-9c94-77e9f55fcb3e,[]
e7a4b02e-6b1b-4207-aa2a-b27839be8400,[]
1e7a3c79-b17a-4607-8779-fd8c3f00d74b,"[(339, 371), (373, 379), (381, 410)]"
133c02f2-5436-4f8b-b0c4-dda678888a59,[]
7138e43f-6399-448d-84d5-be677aafc32d,"[(145, 186)]"
1918b615-7952-43df-aa05-a123afc9934c,[]
35189f79-3767-4a90-86bd-d21e325c8fae,[]
fd8d7c1b-6a9d-444e-a4bf-f5d6e6ee5663,"[(0, 1), (18, 743)]"
c9066a10-7a30-439c-b30b-2cf33ad166b9,"[(161, 165), (173, 239), (242, 276), (277, 343), (344, 549), (550, 615), (616, 668)]"
beb3738a-cd02-4a3c-88d1-684fa17dc345,"[(0, 79), (80, 104)]"
d2ecc005-d4da-4560-a024-9b351c1bea12,"[(0, 1), (5, 31), (34, 112), (116, 233), (264, 337)]"
e642a5cf-f223-4ae5-84ab-aad76b3dcfa8,"[(38, 53)]"
a22e3366-0a99-47c5-9522-5b6a46fa68ef,"[(21, 41), (43, 158), (159, 168), (185, 188), (229, 270)]"
532776f1-36a7-42bd-959e-f62077c48582,"[(0, 69), (107, 121), (184, 231), (241, 246), (252, 256), (262, 286), (291, 301), (331, 337), (346, 403)]"
24657392-4b80-428c-9018-80786e818df9,"[(0, 0), (17, 26), (36, 111)]"
83f5bfef-fa54-4ac2-8e1c-23a942fde71f,"[(0, 18), (22, 28), (41, 154)]"
f994dffb-8657-48c0-98c6-524adf5a926e,"[(106, 212), (213, 258), (390, 669)]"
b0f9e761-78e2-4f68-a517-ba8002cfd988,"[(48, 86), (93, 118), (120, 149), (221, 227), (238, 246), (297, 303), (314, 319), (447, 474), (475, 495)]"
02be5996-4967-4156-b5a7-213a3a7298c1,"[(0, 209)]"
0752c87a-5734-44c4-a6bf-cc259b0100dc,"[(0, 15), (45, 50), (76, 77), (153, 162)]"
ec95b591-629e-4e03-a479-d4e982d809c2,"[(0, 12), (21, 29), (41, 42), (61, 104), (108, 127)]"
020cf52b-8d15-4a66-bd54-7f651fb8772e,[]
74674bc9-0744-4484-b021-a47b113e4ca9,"[(0, 0), (101, 289)]"
6da56b80-12be-41a4-bcb2-78c37463d97d,"[(136, 137), (143, 155)]"
6b4f6385-36c0-4397-81ce-eb408ca10831,"[(0, 6), (8, 85)]"
24da251d-0ef4-4da6-8e50-f056dd17510c,"[(0, 22), (35, 37), (51, 52), (71, 86), (90, 228)]"
18fef5ee-d9bf-4b1d-b03e-6e1e2136f00a,"[(0, 1), (3, 473)]"
080a04bf-ca45-46e9-ac6f-c8300d2361b5,"[(59, 118)]"
4474db00-0a63-4613-9c23-f29d608d302a,[]
e716e822-a765-49b1-bcab-4aa4fa9ea892,"[(0, 0), (60, 65), (70, 354)]"
f3269459-a4ac-4762-a238-b8ec92ed59e0,"[(0, 192)]"
5121376c-dd31-41a4-a06d-e2438a13235e,"[(29, 63), (105, 111), (122, 125), (134, 317)]"
4aa98794-9b66-4aad-a80f-3766d41e3dd0,"[(3, 11), (13, 17), (28, 45), (46, 57), (77, 80), (89, 92), (147, 156), (157, 193), (297, 378), (559, 568), (571, 591), (623, 631), (636, 662)]"
7b8b71b7-3395-4d91-bcba-25a4dcfea68a,"[(0, 0), (63, 358)]"
baa0950d-894e-403b-bb35-740995e325c2,[]
a5ef05b0-afa0-4ac7-97b3-2b2008f3522c,"[(459, 629), (630, 646), (842, 900), (904, 929), (931, 1022)]"
cc9ea6e9-e70c-4f86-87d5-c61e49c1ff32,[]
fa9052cf-9936-42c7-af6f-5c0d166dca3f,"[(0, 325)]"
1469c3a3-d2cc-491d-a5f8-c52db14df7e3,"[(0, 0), (196, 197), (230, 760)]"
fe224c5e-267c-4fed-8f75-454b0f4e43c6,"[(29, 35), (82, 109), (111, 170), (171, 182)]"
15aee2c5-4f23-4acc-bff8-e7050560430b,"[(2, 13), (321, 378)]"
7969b153-7620-4f52-a92b-fb335d8f0826,"[(121, 134), (139, 154), (155, 167), (172, 235), (240, 260)]"
9310e5ee-ab12-407c-b7f1-1b5768b3f40e,[]
c3e3d516-91b9-4d76-8df2-3189b5136660,"[(318, 339), (445, 502), (512, 517), (520, 531), (567, 569), (580, 669), (692, 732), (797, 840), (842, 910), (912, 923), (930, 972), (1183, 1188), (1193, 1199), (1207, 1209), (1277, 1280), (1293, 1296), (1370, 1376), (1397, 1404), (1409, 1438), (1489, 1533)]"
6debf862-f284-4747-8331-13d9f79e232f,"[(22, 30), (31, 104), (105, 110), (111, 216), (260, 339), (340, 352), (357, 421), (422, 466), (471, 618), (623, 691), (696, 724), (725, 730)]"
9a64d2d2-123a-4e27-a236-42daac3d282a,"[(0, 1), (45, 112), (122, 123), (236, 247), (283, 320), (335, 349), (369, 374), (381, 469), (481, 485), (499, 500), (524, 529), (548, 559), (577, 1266)]"
0914c81c-b3a1-4140-be00-c35f9779d913,"[(90, 97), (106, 107), (116, 144)]"
532dc099-e359-4246-addb-222e78915e7c,"[(0, 0), (8, 194)]"
17f179e8-e2fd-4e17-b951-e274f5da2331,[]
512f9fd9-e202-42e2-899a-f36e5784a2e2,"[(74, 77), (80, 99), (100, 126), (135, 136), (143, 160), (232, 299), (301, 384), (398, 498), (505, 507), (511, 547), (550, 652), (667, 789), (834, 839)]"
e44170be-9332-46d0-b697-2e21dc59935c,"[(752, 759), (760, 782), (794, 795)]"
f2f28ef5-9b52-4204-a12b-d041214ab1fa,"[(158, 166), (197, 200), (220, 227), (236, 255), (356, 365), (379, 399)]"
b9a3a4dc-fe02-49f4-8d1b-229e522bdba7,"[(0, 0), (41, 0)]"
536b64b9-3b51-496b-bf7e-73591212fb4d,[]
3d28ba70-8234-4b0d-a98c-d99e3aeea85b,"[(0, 60), (75, 78), (89, 125), (127, 253)]"
2797b60a-89ed-4264-9b39-cc6c645e3c46,"[(124, 152)]"
5fc98af9-8fe5-44dc-a2aa-8317dfbf0cc6,[]
ca801d25-0520-45e2-86d1-b19d5745ad92,[]
7ec2af28-de8a-449e-b4b5-f440be6878d3,"[(0, 27), (69, 146)]"
42063f96-2cd5-47a4-9704-7488f73f0bd3,"[(15, 66), (69, 157), (272, 321), (482, 557)]"
53dce4a3-3640-4cd0-bece-c00bb8158387,[]
67abefe5-4eae-4e94-a166-2b4b4ec6bd9e,"[(0, 1), (2, 3), (4, 5), (25, 27), (30, 31), (128, 334), (344, 349)]"
74de2d1d-6fe7-46c1-919d-9e42ea162740,"[(2, 3), (134, 202), (421, 445), (451, 453), (463, 515), (522, 546), (616, 672), (684, 714), (737, 739), (749, 779), (813, 814), (830, 888), (959, 972), (994, 1018), (1144, 1172), (1173, 1181), (1182, 1226), (1228, 1259), (1266, 1277), (1371, 1376), (1445, 1478), (1479, 1587), (1604, 1630), (1631, 1686)]"
33d8265e-5fe5-4481-b1c4-3d23788c47ad,"[(20, 25), (87, 94), (115, 118), (211, 354), (378, 617), (677, 708), (879, 890), (892, 932)]"
78382e87-98eb-4da2-a0d9-25302486bde7,"[(20, 31), (40, 184), (190, 233), (234, 298)]"
25acec9b-b770-47f4-91ee-7368ad76320b,"[(0, 83)]"
2225efb3-fe5b-42aa-9ab7-d7c4d4a653ab,"[(195, 222)]"
df91f8e2-81b6-40a3-ae45-98ef61376859,[]
ae6f7dd1-a107-4ec9-ae6f-96988a830051,"[(0, 42), (335, 372)]"
2a2a13f8-3c0e-4150-96ee-4bcc48ce25ec,[]
139f4419-7502-44c9-bd33-a25bc56d0ee7,"[(14, 69), (70, 157), (178, 185), (311, 322), (824, 886), (897, 966), (968, 983), (992, 1077), (1078, 1128)]"
cb5b31c4-5732-4733-af1d-7ef57e5624bc,"[(22, 23), (24, 32), (33, 34), (35, 77)]"
e5d4e39f-abd2-48dc-9668-e349e54411fe,"[(114, 134), (136, 228)]"
044b846d-2cf5-409e-97b6-83f4ac78d5de,"[(131, 151), (681, 749)]"
8e805e8a-fe57-47a3-a193-3c99b8a25a55,"[(295, 302)]"
bd35f364-7ccf-4eca-9f3c-1308fcca26fd,"[(0, 0), (48, 49), (61, 69), (89, 95), (98, 141)]"
a9c610b1-f9a3-4bb9-8556-0684d73d5f4f,"[(112, 115), (121, 135)]"
6c4afc7b-2212-498e-bc1b-c34e3ac3f856,[]
cb1da92d-ee0d-48db-814e-7b2fb63753ac,"[(3, 44), (45, 160), (204, 251), (253, 324), (355, 358), (1205, 1236), (1237, 1289), (1318, 1321)]"
763bc664-6499-4e10-b542-65c2ff55c029,"[(38, 101), (103, 193), (200, 263), (264, 270), (273, 530), (531, 543), (544, 553), (578, 582), (620, 622), (627, 672), (673, 751), (764, 767), (947, 996), (998, 1030), (1216, 1285), (1287, 1377), (1378, 1424)]"
44fe5f34-d8a5-4c31-a24a-841ecfb5e75f,"[(6, 35)]"
468bf1c5-8f16-476b-bbd6-55e0137cc71c,[]
fc51bfe7-027e-497b-911c-8a478678a3c3,"[(39, 43), (54, 87), (170, 175), (192, 222), (252, 261)]"
0f2ed9ad-ed12-4e49-bfd3-2c2342780344,"[(0, 0), (14, 91), (121, 366), (370, 378), (381, 553), (566, 567), (575, 629), (634, 691), (706, 723), (725, 908)]"
ea800b49-02b2-428d-b30a-e5160a7e0b2b,[]
427d5120-4dc2-421d-9f81-d443f2627b89,"[(0, 56), (77, 86), (100, 186), (188, 247), (249, 373), (403, 411), (413, 437), (542, 719), (725, 751), (822, 861)]"
d3010659-1a83-4263-8467-95d304a904dd,"[(8, 44), (48, 65)]"
e6cfee2f-8abe-4dc0-a03e-8d26d10e7f7d,"[(199, 200), (203, 215)]"
90e8a3b1-0f2b-44c0-ae01-4e896f80ffe5,"[(0, 103), (113, 114)]"
9745f02a-f818-4828-b065-86828fc83ac0,"[(174, 182), (186, 196), (198, 260)]"
394270c6-9e49-409a-900a-e67f1c1ff4f5,"[(1, 9), (12, 13), (30, 53), (55, 95)]"
e564003b-1668-4beb-8628-09b4e269a194,"[(0, 0), (63, 64), (98, 123), (131, 133), (138, 154), (156, 163), (165, 254), (265, 343), (366, 678), (680, 763), (822, 824), (870, 941), (946, 956), (967, 974), (976, 984), (998, 1004), (1006, 1197), (1202, 1816), (1836, 0)]"
7fed60a7-b5ed-4d87-b17e-42d946bbe88a,"[(0, 169), (172, 261)]"
74e6a242-2a71-4de6-a81e-3b4af25e4345,[]
09c88e4b-bef6-4805-b2a5-dfdb001196f9,"[(97, 98), (110, 115), (193, 200), (202, 204), (241, 258), (261, 270)]"
40ce3346-510b-466b-9b23-ed04e2a7c9d9,"[(25, 32), (60, 87), (94, 101), (105, 151), (156, 196), (197, 257), (261, 276), (277, 299), (300, 326), (331, 501)]"
00ce4070-8dde-4359-b9b5-75e5343d13fd,[]
85e38bde-bb85-4df6-aa4f-84a0d6f31b9c,"[(1, 43), (57, 69), (80, 95), (522, 537)]"
9878231d-9885-440f-8d56-3918a1c2b815,[]
272f4e44-c0fb-4c70-b890-df453d5f6e0d,"[(21, 25), (84, 116), (129, 151), (162, 167), (182, 183), (189, 221), (223, 239), (248, 254), (262, 265), (273, 283), (294, 303), (343, 406), (475, 501), (511, 526), (532, 548), (549, 563), (693, 706), (789, 795), (808, 809)]"
56f57ed7-330e-4254-8b7d-a3bc824319bc,"[(307, 313), (630, 633), (638, 678)]"
43976638-7dd9-491d-a602-b1153354a366,"[(0, 412)]"
76232f6f-7e4a-4008-babc-f376b6b9f3e1,"[(0, 0)]"
0c36a879-9861-4ad5-a6ad-b4352ea14f8c,"[(0, 8), (20, 50), (52, 58), (82, 168)]"
ae227d42-c9ac-44bc-8cb3-ff3a33608783,[]
06e49c51-725c-483d-a57f-02999433cfb7,"[(0, 1), (3, 293)]"
cd62c362-26cb-4af7-be96-52a467198545,"[(3, 5), (12, 16), (29, 137), (194, 214), (220, 235)]"
c20365e3-9256-4c1c-91a6-2c917ade72f1,"[(0, 18), (23, 25), (38, 50), (136, 187), (189, 213), (218, 663), (675, 676), (684, 685), (689, 917)]"
d8ab62b3-bf04-4ace-8918-eaf0fecd54d1,[]
fc99d080-0ce2-4582-b026-925596831ece,"[(0, 12), (27, 28), (43, 44), (50, 53), (93, 196)]"
cb62408c-bc19-46dc-91f2-bb38e928466d,"[(24, 37), (38, 43)]"
566b2902-bde8-4ba8-b62a-354cc4ba0992,"[(0, 167)]"
7a4ce475-f042-4f86-8d44-d4ddcf394e29,"[(213, 306), (318, 386)]"
a1d932d1-e402-467f-9c99-0e81b88c3fa6,[]
4f1db5c1-56ae-4245-a761-6f284c939fb8,"[(34, 79), (86, 96)]"
9b6b7708-bbf4-4f5b-929a-fa89fec8ed97,"[(2, 8), (40, 84), (90, 118)]"
aaa3d110-4c41-462b-afae-cff93871adac,"[(196, 225), (226, 228), (247, 264), (285, 290), (523, 525), (619, 724), (727, 861), (862, 881), (882, 1016), (1020, 1035), (1036, 1107), (1136, 1140), (1149, 1229), (1230, 1258), (1260, 1262), (1264, 1291), (1296, 1299), (1305, 1327), (1329, 1364), (1366, 1373), (1383, 1456), (1531, 1586), (1592, 1600), (1623, 1626), (1634, 1635), (1640, 1643), (1662, 1851)]"
a5cb8653-110b-4923-9c1a-c5b61ed61f32,"[(50, 82), (87, 93)]"
bdb6f041-7b16-47e9-923a-754d10f0a9ef,"[(0, 28), (34, 68), (74, 77), (82, 83), (86, 87), (91, 95), (110, 249), (267, 268)]"
5b0fc6b9-47cc-4b47-acd6-15d20f5903f4,"[(88, 94), (100, 109), (151, 159), (161, 185), (186, 211)]"
ea7eddb8-4976-4677-b123-08ed035353fa,[]
fc765f39-a540-49be-b2e5-ac763b13c529,"[(163, 174), (186, 196), (198, 259)]"
eea63269-92d2-4cd4-a8df-c392b471f240,"[(0, 30), (77, 82), (91, 160)]"
0f9e83d5-99b0-42a4-b4f6-ba0f569b1b86,"[(0, 0), (25, 56), (58, 283), (285, 531), (545, 546)]"
eaeff29a-63db-4dde-a2a3-925d6db35e47,"[(13, 14), (15, 21), (109, 119), (120, 121), (122, 192)]"
6ee73eac-aa7c-4888-bc4f-82c603ba4701,[]
7539f035-3cba-4ef0-8bfa-720d4dc93359,"[(133, 135), (138, 142), (158, 176), (177, 312), (455, 459), (460, 465), (573, 587), (588, 639), (640, 682), (685, 690), (699, 718), (830, 866)]"
7b4222a5-d7dc-49ef-8eeb-5d80e4a0006b,"[(36, 57), (59, 103), (159, 164), (169, 180), (191, 200), (218, 228), (229, 244)]"
06fce3ef-a27f-4fa1-a867-18dcaba75425,"[(26, 31), (38, 104), (279, 332), (358, 395), (399, 405), (417, 485)]"
8b1f6ad9-26ed-44e2-9979-f0ec7363a8b7,"[(0, 0), (30, 33), (43, 44), (49, 50), (63, 181), (183, 342), (344, 395), (395, 424)]"
b8058364-3723-4f79-8931-b3bf7b388f4e,"[(5, 34)]"
7391f167-476c-4b04-b3bc-f8ebdaeade52,"[(0, 2), (9, 18), (56, 230)]"
e647b141-5301-4659-8585-79a0689ee81c,"[(0, 0), (29, 30), (59, 62), (131, 0)]"
d8b3c784-b8f7-45cc-91ef-94553b8e00d3,"[(8, 48), (73, 126), (127, 158), (174, 217), (219, 227), (248, 276)]"
0b0d0e06-ada0-43b0-84e7-9866134a8829,"[(84, 87), (227, 235)]"
4f09c16e-1284-4a77-a13b-7802995991d5,"[(103, 106)]"
e4c1c7d7-8579-44a6-b133-7505c53b84b3,"[(68, 175), (186, 198), (247, 282), (556, 560), (581, 598), (601, 641), (642, 776)]"
0bb7cd26-8c73-450d-a956-af68ffa0039b,"[(0, 0), (10, 11), (97, 235)]"
ea7b2938-2929-480f-b41f-90b08a69258d,"[(38, 40), (46, 64), (85, 122)]"
85e06f7c-3503-40c2-9f6e-03e6da7ce62f,"[(67, 70)]"
59014a5a-a3bd-4cff-ba38-c45668f322cc,"[(0, 63), (141, 142), (146, 378)]"
1d929b2b-dc65-40b7-b278-f62eb62d45c7,"[(197, 198), (258, 311), (322, 332), (350, 362)]"
9061dfc4-c38e-4989-a12a-ba24f8bbf038,"[(290, 292), (366, 370), (373, 396), (400, 404), (559, 598), (645, 737)]"
9ebe22dd-865b-4866-a68d-cd28536b49ea,"[(99, 121), (146, 184), (185, 194), (196, 197)]"
801ab79e-d957-4e43-be21-518a0479d085,[]
af2ce6f3-8f72-41ed-9db2-d79ffd050a0f,[]
3591584a-ea02-4a52-8e5f-5a6958ada7ab,"[(0, 47), (82, 105), (195, 231)]"
f4a98eaa-9655-4a14-b145-61af1ca401d0,"[(37, 78), (79, 92)]"
afedced1-8b88-42d0-b53c-d16aab9ed7ca,"[(0, 1), (42, 76), (78, 217)]"
9812f801-ea80-4607-a1be-47d211c0de5e,"[(12, 13), (66, 157), (324, 390), (401, 440)]"
675094c0-ddf2-4cd0-8784-66c75ca2fff0,"[(0, 182)]"
ffbf12fe-72ca-4692-ac18-d69d5544b4b1,[]
eb3329a4-80c3-4890-bfd2-393cc4449cf2,"[(0, 161), (204, 241), (832, 838), (854, 862), (1320, 1327), (1343, 1346), (1348, 1361)]"
1a62dfdd-9789-4e25-85fb-093e0aeae429,"[(179, 247), (356, 366)]"
dc3bc411-1963-4994-822f-78cf2728f9dd,"[(0, 0), (20, 21), (24, 27), (45, 177)]"
3d576345-8f99-4f8e-8544-d8e523f51fd6,"[(58, 73)]"
54462a5c-c124-493c-b910-00e455ba2998,"[(15, 121), (122, 129), (405, 454), (455, 613)]"
e47119b9-f962-4c04-a7ea-04dd0862f88b,"[(61, 96), (246, 367)]"
384beba3-fa0c-4399-9b4b-387f93f8481b,"[(28, 31), (93, 104)]"
1135a4ee-26a7-41de-88a6-0e53e98324f8,[]
6068b2c2-3926-4983-bdcf-e4acf77361fb,"[(0, 150), (178, 181), (198, 301), (304, 755)]"
c58ec080-50a4-4145-a659-adaf5724ae63,"[(412, 415), (477, 512), (534, 536), (542, 593)]"
676ed22b-fc85-4d1b-8fdc-c667d2085ba6,[]
e0bc6d8a-2ada-4fca-9838-717ce2eb107f,"[(77, 84), (88, 128)]"
05c98e82-43ee-4fa3-89cc-22535712761d,"[(0, 56), (64, 65), (129, 148), (149, 240)]"
d255c7bc-0e16-4c8f-99b2-acde3ab5ac2a,"[(0, 4), (91, 284), (310, 423), (435, 440)]"
e9a2e03e-8578-4b0b-b5e7-2957c19af47f,"[(0, 1), (96, 161), (163, 246), (248, 312)]"
f1d48ea7-ae91-4919-a3bf-0b625fb17e93,"[(12, 13), (14, 36)]"
0cb06850-131e-4501-99bb-9b7f50409ca6,"[(24, 46), (439, 441), (442, 499)]"
32b16d80-6dd3-4a7b-9025-2633d2de0290,"[(489, 514), (528, 532), (538, 548), (551, 611), (872, 925)]"
a939cc05-2a83-4c22-b680-8f56d829d519,"[(0, 20), (21, 52), (54, 59), (139, 142), (149, 212), (237, 301)]"
86becf9e-d51a-4358-9477-509cff0d5dfb,"[(220, 224), (225, 228), (889, 890), (927, 933), (1011, 1187)]"
354518d8-357a-427a-a3cf-0c153d3c00e5,"[(0, 47), (137, 262)]"
c7f51501-0128-403d-9d1b-423d06881475,[]
45a4fb1c-0a81-4927-8043-d714ab710311,"[(0, 169)]"
46bc6ac5-3062-4ea4-a8dc-5ef41f946be6,"[(0, 0), (80, 129), (132, 370)]"
48c784fc-0559-4cd0-a46a-4233d6410962,"[(267, 310)]"
250b2e88-0b65-45b9-a792-43ec24739291,"[(29, 66), (114, 128), (130, 158)]"
2705f3b9-63d1-44f2-bf56-8a72c4296726,"[(0, 154), (205, 311), (315, 325), (343, 691), (704, 0)]"
d7b6586c-aea7-4602-a677-a1cd512b0dff,"[(9, 15)]"
6ffb4e9a-2f07-49ac-ac52-fbff31c1957a,"[(173, 178), (180, 196)]"
ec2d02e6-9e97-401e-a231-d68b6672587e,"[(0, 73), (78, 89), (118, 119), (502, 517), (523, 622), (623, 699), (704, 708), (729, 815)]"
7d491ee1-69d9-44b7-88aa-f9a6cb2ff177,"[(0, 202)]"
3055f645-ff37-4ddd-b89d-c5b86f782a32,"[(80, 81), (92, 132), (133, 169), (189, 219), (220, 260), (262, 278)]"
299b7b64-8e6e-4a75-9dda-19b27be27767,"[(0, 0), (110, 111), (144, 391)]"
ed819138-e463-42f1-802f-b68b5628493f,"[(0, 26), (47, 49), (54, 154)]"
8ccbb12e-55f1-4e2c-93ed-ad992533b472,[]
f29a7fa1-7ffe-484f-bab7-249ec8c3dee0,"[(0, 81), (85, 89), (94, 147)]"
9024d240-6936-4c28-88be-dd43d7438706,[]
80930736-5b94-4cc1-b6fa-7f82e4e94f14,"[(15, 55), (56, 80), (82, 228), (247, 250), (251, 256), (599, 718), (744, 808), (810, 1005), (1687, 1693), (1726, 1744), (1748, 1752), (1764, 1766), (1779, 1788), (1793, 1795), (1799, 1804), (1832, 1851)]"
16f3e15b-dde4-49e0-aec9-4ccf75c968c0,"[(0, 798), (801, 1056), (1062, 2077)]"
15926fef-17f0-4ce3-828c-ed92d7d15b8f,"[(120, 131), (138, 154)]"
a215f10a-f5ce-4279-9b3c-ebd1dc6a4f2f,"[(470, 498)]"
4f2320ee-1e78-4eaf-9bfc-a3810cae8ca2,"[(0, 37), (42, 55), (56, 79), (81, 189)]"
37f71bd6-00fe-4aa9-8643-22fef3b460a9,[]
93db5999-0c81-473a-a0e1-8243ca7f7e68,[]
e4d3b025-4a37-45cf-aff5-f4c26d9a735e,"[(116, 127)]"
ad0e25b8-f13c-4dcd-879a-65804d678b1e,"[(74, 94), (138, 401), (405, 412)]"
ec33fece-81b4-413e-8a46-ead902bac3c2,[]
08e355b5-d7c4-4a18-9cd2-fab6d7b3dbda,"[(18, 74)]"
b62b9446-7214-45b5-9940-d07a4a6eb978,"[(49, 51), (86, 92), (117, 132), (133, 136), (155, 163), (173, 184), (196, 212)]"
2be4a4e3-75fc-4430-b566-e2719eb80dca,"[(58, 133)]"
21b6dfdc-3262-42d2-85db-a0c8540d538d,"[(96, 171), (310, 376), (380, 461), (496, 547), (549, 691), (745, 857)]"
570a4345-8fae-4a0c-8b40-d6bef0f2608e,"[(0, 0), (2, 92), (112, 113)]"
3f967e0f-b5f9-48a2-ba2b-6ec1fee6876a,"[(6, 29)]"
d0116978-1d25-419e-995e-e06d58e51952,"[(0, 2), (3, 45), (48, 51), (59, 60), (104, 237), (238, 261), (262, 355), (573, 604), (605, 702)]"
d1d0dcc4-7b40-47db-9be0-cea5d7abe16a,"[(0, 0), (24, 60), (62, 323), (325, 359), (363, 367), (372, 444), (778, 1355), (1357, 1364), (1367, 1368), (1372, 1792)]"
55a91b6d-e24e-48ba-a03d-3eccdd563cd8,"[(72, 169)]"
8e62e8ea-ac5b-4652-afa9-61ff129554c8,"[(107, 149), (152, 154), (161, 272), (294, 297), (305, 326), (328, 556)]"
b5bb1ecb-aed8-44d3-8eab-03748d4d3653,[]
2c48e997-c45e-46c7-bdaa-a065e2b84100,"[(466, 482)]"
1c47d991-b3e0-4170-bee2-78ad2f513a0b,[]
d4cc2a1f-97fa-43bd-bd03-c4871cbce6dd,"[(60, 64), (426, 466)]"
9f4e4530-942b-4313-a1fb-81ad0cb02c9d,"[(0, 28), (49, 50), (58, 95), (98, 286), (291, 299), (304, 311), (314, 498), (500, 991)]"
63ed4624-7d1c-4692-987e-7e2393ae0055,"[(0, 0), (43, 44), (46, 47), (49, 110), (114, 313), (317, 319), (323, 325), (339, 340), (346, 379), (385, 688)]"
41cc1f44-3be8-4261-b232-4057c3fbbf0f,"[(2, 14), (15, 61), (300, 371), (374, 433), (434, 438), (441, 460), (464, 478), (481, 560), (563, 658)]"
a5d0c45d-7771-428a-9112-cbfd5651da69,"[(0, 0)]"
75546bd1-8a5a-4907-8a5d-5145e6f65a79,[]
a3998bf9-0eee-4652-92b1-2c7241b20b77,[]
3476796c-2cbc-4705-b443-cf53c079ed53,"[(68, 125), (127, 199), (246, 247), (263, 275), (276, 304), (305, 381)]"
3f1e9e86-7188-4e5f-a2ae-27d1a1ce63ce,"[(21, 73), (103, 104)]"
1e949491-87da-4370-bbee-cb119cff8728,"[(146, 280)]"
80d6b9f0-9a08-4f78-9692-2b05bafe140b,"[(0, 228), (260, 325), (343, 344)]"
a5f45528-fe79-4667-a119-c7cb3629fa8d,"[(75, 154), (164, 210), (405, 471), (733, 734), (740, 744), (794, 805), (807, 816), (875, 888), (894, 900), (908, 909)]"
f9e86858-bf66-40a9-bf85-3a3184988e77,"[(73, 74), (89, 90), (91, 105), (113, 115), (118, 135), (141, 185), (186, 188), (585, 602)]"
c7ac5704-194e-4fce-9100-c62db3d98d2b,"[(64, 65), (297, 336), (338, 546), (548, 720)]"
3dd4a4ac-86b2-4e41-98f4-e76acf67c863,"[(34, 117), (184, 214), (224, 234), (235, 246), (250, 359), (396, 427), (485, 486), (497, 535), (536, 584), (602, 655), (658, 665), (668, 679), (687, 688), (697, 705), (706, 743), (745, 854), (873, 876), (881, 893), (938, 984), (989, 1004)]"
0281c4e1-2682-4364-837c-d4c5e5f73c4e,[]
6279e049-3151-4532-b366-6d121494eadc,"[(15, 16), (33, 38), (52, 57), (60, 99), (385, 463)]"
c4939690-6b8d-4276-a9d0-c19c0dc1e390,"[(0, 49), (50, 89)]"
0bec1023-adcc-452b-b524-8efb06078718,[]
9a7639c2-a658-4617-9231-c87773107f49,"[(0, 0), (40, 41), (118, 150), (154, 156), (157, 175), (184, 187), (265, 682), (773, 782), (788, 796), (798, 0)]"
f81a0875-6a51-4d14-a0f7-df8a2936dfcb,"[(108, 115), (0, 0)]"
e82fb845-248d-4ad7-932b-aedef75450ef,"[(0, 0), (7, 23), (28, 31), (37, 56), (60, 156), (219, 222), (265, 272), (274, 299), (311, 475)]"
f6e5c0ad-d19d-4b78-8f86-03ded1566d03,"[(358, 417), (430, 467), (469, 547), (790, 868), (871, 954), (955, 1195), (1196, 1244), (1328, 1345)]"
986e72c2-cb8c-46f9-a685-552d11cf03b2,[]
90d1dbe4-f57d-4644-b7f4-c9687bb1a795,"[(0, 1), (14, 186), (195, 196), (210, 220), (229, 242), (255, 343)]"
f1cf1288-c4a5-403e-b76c-356c665ed113,"[(18, 62), (64, 140)]"
53cd23df-644c-43b5-8e1a-c65a9387d997,[]
d33d20e6-d928-41e6-901c-50854bf40b9d,[]
6f18d4a2-7829-413d-bf87-19c90240c5ba,"[(0, 33), (44, 139), (142, 149), (152, 156), (159, 173), (178, 179), (184, 294), (296, 297), (298, 338)]"
19329fda-1e1f-4769-9780-71ac1a362e9d,"[(439, 444), (479, 499), (528, 546), (700, 842)]"
0b021142-c5b5-4124-96f3-7b1b4ffad033,[]
fb070511-bee7-4ad6-b21f-fe1f998327e3,"[(1272, 1279), (1492, 1493), (1592, 1601)]"
69147ed9-9012-40f4-b897-fd0e7fdc8a95,"[(96, 183), (321, 337), (338, 365), (369, 377), (379, 383), (396, 403), (413, 532), (533, 783), (792, 819), (824, 884)]"
e58f1ad8-77be-42d9-bfc1-652d5dc07298,"[(0, 29), (42, 226)]"
ce5a096d-9cb1-4b18-b1e8-a3dc38716058,"[(433, 437), (467, 473), (481, 485), (736, 827), (828, 940)]"
e1907ad8-048d-419b-abcd-2b4b6ad379d5,"[(36, 131), (134, 137), (140, 143), (156, 255)]"
3fb3371a-905a-47bd-9259-28732f536a58,[]
8481476a-b2b1-4a4d-b9d5-11abcf393bc4,"[(0, 7), (37, 63), (117, 126), (155, 181), (271, 278), (304, 354), (513, 514), (515, 518)]"
6e1543b3-5bbb-4bad-99f8-e5e79101de40,"[(0, 33), (37, 41), (42, 69), (409, 436), (459, 462), (544, 551), (647, 654), (669, 703), (706, 895)]"
cc247d98-9ab3-4e02-b2fd-2bc5a427dcaa,[]
43cb0d15-9bbc-45e4-ae43-7726d8c5c840,"[(45, 106)]"
d0e5e4be-33b2-4674-bf8c-dc3a3389094e,"[(0, 135), (185, 307)]"
0759d2a6-377b-40c6-93da-d1670a6a4e1b,"[(0, 1), (34, 203)]"
31514ae1-f692-4751-abb9-d02699d1522e,[]
09bad2ea-9dbc-4496-8912-694bc900d01d,"[(30, 65), (67, 70), (144, 193)]"
ce232661-8373-4a20-aab4-4fc1596656ad,"[(22, 36), (37, 51), (109, 223), (275, 299), (301, 303), (323, 371), (373, 390), (475, 481), (491, 501), (516, 531), (570, 587)]"
cac9e703-91b1-4706-abd2-3b4a8f0487e4,"[(0, 108)]"
ae08f875-6a4d-4d49-bdb4-5ff0a13779af,"[(0, 0), (79, 80), (209, 268), (283, 285), (290, 291), (297, 819), (834, 835), (848, 868), (871, 1022)]"
24aebe14-59a2-4259-980b-0029b28cdabe,"[(0, 46), (51, 52), (59, 61), (76, 96), (122, 124), (140, 227), (697, 856), (857, 926)]"
8b845485-2987-4eaa-a8c6-0b1999fa02b1,"[(19, 98)]"
00bd11b4-43eb-416c-97c6-5aa680be8333,"[(364, 374), (379, 380), (393, 403), (425, 450), (454, 530), (550, 680)]"
225fc0e5-1a22-453c-9e99-a456c7077678,"[(0, 3), (19, 80), (165, 225)]"
e6577526-be64-4327-b623-9cd1e44815e2,"[(0, 1), (2, 16), (17, 94), (97, 345)]"
39f50127-b72e-455e-b981-7f4954c8e0d6,"[(0, 0), (64, 419), (433, 444), (506, 515), (520, 531), (618, 628), (663, 669), (688, 703), (714, 790), (793, 854), (859, 861), (872, 884), (887, 958), (961, 969), (974, 1428), (1463, 1466), (1520, 1521), (1525, 1527), (1534, 1550), (1588, 1589), (1644, 1659), (1705, 1765)]"
d5fb4c8f-c1bf-4727-ba27-cda577de8d95,"[(0, 31)]"
0b7f4068-c4a1-4f5b-9652-6c7c630c4e20,[]
92afe044-7248-4e81-a3b4-b288b7222029,"[(20, 104), (109, 116), (568, 574), (580, 741), (745, 770), (775, 867)]"
45df8c15-c6f3-4dfd-8715-45c60c64f9cb,"[(3, 114), (115, 135)]"
4c37b925-fcb3-49f9-a515-b51e7a25ce55,"[(0, 0), (15, 16), (18, 19), (22, 58), (60, 288)]"
1fba8864-c44e-46a0-b564-b53c658c6795,"[(3, 12), (13, 59), (60, 65), (66, 69), (114, 169), (304, 326), (327, 343), (344, 347), (351, 353), (361, 363), (397, 461), (467, 469), (475, 487), (500, 507), (509, 545), (551, 554), (565, 568), (676, 679), (692, 716), (738, 789), (1048, 1076), (1125, 1138)]"
2b8158ce-a867-4333-8041-09a0fb827966,"[(0, 117)]"
7a9b6881-d2d8-4d2b-b19e-a65b83e48ae1,[]
b84b004a-3d9d-4a78-9c84-c8e09fec9884,"[(14, 43), (103, 111), (127, 132), (147, 154), (165, 277)]"
c6bdcd6e-8c17-4030-bd0f-fe454b275f89,"[(208, 218), (220, 245)]"
f97babff-045a-490c-975f-7e17c3fc67de,[]
b08b426e-47f9-4a19-b054-ac650b1424da,"[(2, 37)]"
8b099060-b93e-45ad-bbb9-44c54529a979,"[(0, 25), (219, 245)]"
999665bc-597a-492b-a8bf-642245c16508,[]
16f82bf5-345b-4543-8560-2bfec2e8caef,"[(0, 1), (7, 8), (32, 36), (72, 330)]"
d1ef2495-f82b-4ad8-bbd0-7cf040103db9,[]
da5f0811-f43b-489b-9b50-dfdac3cad6a5,"[(81, 167), (172, 289), (310, 315), (331, 345), (399, 455), (456, 480), (482, 588), (790, 795), (800, 809), (814, 832), (838, 891)]"
0b2c17c8-31f1-4f3f-901a-c6c983f36521,"[(0, 153)]"
23792313-6ca2-4d16-9fae-74e89c489f9c,"[(0, 0), (10, 394)]"
a83245f1-5976-46ca-8dca-24c2153c0ad3,[]
fcc57ca0-c7df-4571-8d25-94f5b09490cf,"[(0, 1), (16, 40), (63, 66), (71, 76), (77, 86), (211, 215), (220, 225), (271, 296), (329, 487), (488, 507)]"
e954dbbb-5def-4a55-9beb-564e656e405f,"[(0, 1662)]"
e05453f8-7d96-478a-8144-1ec282db2cec,"[(0, 191)]"
930a7cf1-4369-4034-9655-d491a4db4372,"[(0, 23), (52, 53), (72, 141), (145, 172), (176, 195)]"
076df7e4-8a17-471a-be6b-7fd35f2dee4e,"[(16, 17), (18, 20), (212, 218)]"
2f7e46c5-2fea-426a-b269-0ad02447613a,"[(128, 227)]"
0d320da6-7830-4724-b3cb-7dea05f30f10,[]
fa849285-7b13-4860-bd9f-39f10ea72ef9,"[(0, 1), (4, 87), (108, 681), (707, 708), (768, 774), (787, 791), (795, 802), (806, 823), (862, 863), (952, 992)]"
07180019-5d7f-48c6-91ae-96e393944d89,[]
61f5dff7-8c8e-470b-ba2a-8db93d391a91,"[(421, 455)]"
ec985478-972a-421d-8cfa-1ca14b7b055a,"[(223, 274), (284, 287), (290, 318), (361, 370), (372, 375), (380, 383), (458, 545)]"
7b823274-237c-4869-9c5b-e3cda96fac4b,[]
91f7d498-bae8-4ada-9623-fe12fbfdb3e6,"[(95, 235)]"
eab3e50f-53f1-43d2-8623-ef8941438630,"[(22, 97), (98, 128), (282, 313), (314, 354), (359, 383), (384, 465), (470, 483), (484, 524)]"
16ebe02f-c554-464c-a848-c2b9860eb3b7,"[(20, 25), (52, 126)]"
590b124c-97cb-4971-a4c9-13355e8930da,"[(0, 17), (18, 28), (29, 107), (314, 345), (419, 492)]"
35e6543c-2166-46a6-9e65-18d885051c7d,"[(3, 48), (49, 116)]"
ee1f2d27-5955-4b0c-a813-8b64510f6a58,"[(0, 67), (126, 141), (143, 164)]"
a758421a-711d-4ae6-89aa-44799bf44297,"[(0, 44), (49, 51), (104, 137)]"
70dbb2cf-6dca-4dee-b84a-dc2c01943308,"[(178, 210), (333, 347), (350, 415)]"
e7112c30-83ed-4839-ac51-c381a2bdc2c9,"[(67, 119), (121, 194), (231, 247), (272, 284), (329, 337), (407, 412), (419, 439), (503, 738), (743, 844)]"
b34f217c-d774-423f-88f8-a67f174b4033,"[(0, 58), (87, 88), (107, 123), (139, 163)]"
bcb73db5-2590-45bf-aadf-d62bf2401951,"[(0, 0), (21, 22), (24, 157), (158, 159), (161, 186), (188, 211), (216, 237), (239, 278)]"
446e5b3d-1903-4e38-b649-6699ce50e82d,"[(43, 67), (89, 90), (92, 96), (107, 137), (139, 191), (193, 209)]"
2d5569b8-2978-4452-9abe-3b6316da7ed5,"[(12, 169), (190, 209), (210, 215), (228, 244), (336, 473), (799, 1012), (1013, 1020)]"
bc8d2a46-af1f-4d0d-9bde-5c8e30e7dc6b,[]
c5acbb20-741a-45db-9cf7-5687c62ac04f,[]
e5b5e54f-f26a-4ec8-9904-8f23b2e7dbea,"[(0, 3), (306, 312), (463, 511)]"
fd8b9ff2-0e04-463a-96c1-442a09e1562b,"[(0, 162), (171, 174), (215, 216), (227, 237), (242, 425)]"
ad4b9010-75a3-4879-85f5-26b7684744c8,"[(0, 2), (5, 26), (30, 109), (126, 268)]"
dfa297d1-3d4d-4eaa-9724-bb00c1c9e59c,"[(59, 61), (593, 651)]"
726042b1-22ff-450a-91da-d5b2a293551c,"[(0, 477)]"
dcad231a-419c-4499-aa94-b58089f931b5,"[(29, 36), (46, 47), (177, 198), (717, 765), (824, 852)]"
83899b71-d361-496e-8c36-c10661364986,"[(0, 1), (38, 41), (61, 64), (68, 74), (76, 77), (79, 100), (103, 123)]"
6c98fb24-259d-4013-8b5b-d1e3d064b90f,"[(37, 163), (165, 190)]"
885c8953-c10f-44c2-a119-c0934344e3c3,"[(27, 32), (39, 41), (47, 53), (66, 250), (339, 342), (344, 378)]"
9797669d-f1f1-48e4-8ee8-9dacb9d245a3,"[(0, 711)]"
79bde3f9-f3a6-4ff7-925a-3119046f5c79,"[(4, 54), (60, 79), (92, 106), (137, 212), (218, 225)]"
355c4acc-42db-47c8-9cb4-7c09595e07d5,"[(0, 33), (239, 252), (356, 364), (388, 407), (433, 463), (464, 465)]"
bbac828b-74a0-45cd-96ad-e82f74eb6c54,"[(0, 25), (39, 41), (75, 145)]"
4d4ae817-49d6-404d-a263-0c6fd0089c96,"[(33, 55), (61, 67), (82, 100), (121, 125), (179, 208)]"
86039c10-e96c-402c-a956-26c5ce2c7ee1,[]
a9b922b4-91ec-418c-a1eb-4ac786f2e37b,[]
1b14b9dd-2501-44a4-a72e-f25d1787e7b1,"[(3, 22), (181, 197), (201, 210), (238, 249), (249, 323), (324, 392), (393, 433), (515, 567), (568, 727), (821, 828), (833, 984), (988, 1034), (1041, 1061)]"
03f20587-b2ff-46c3-bdaa-e1ab8b1ae3d7,"[(100, 106), (117, 118), (120, 143), (146, 333)]"
930608e9-a465-4186-8774-622daf6a49b0,[]
e5feb1b2-87ea-41ae-9760-41f8486b2c69,"[(369, 400)]"
a6fade3b-e38f-405a-8d5b-ffeae56acbd1,"[(0, 0), (11, 13), (17, 21), (33, 102), (114, 123), (131, 150), (169, 368), (370, 371), (377, 402)]"
6c6f9c92-1135-4f81-8e8e-c9e220b3bc46,[]
a9197d9e-6e02-4ca3-ada8-191c3d460c3e,"[(0, 1), (91, 92), (115, 168), (173, 218), (225, 244), (250, 253), (322, 344), (368, 943), (956, 964), (977, 978), (1015, 1028), (1037, 1045), (1091, 1092), (1114, 1115), (1126, 1132), (1137, 1142), (1144, 1147), (1152, 1306), (1308, 1309)]"
b5609d85-88d3-4588-8d13-dbb093713471,"[(125, 143), (150, 156), (189, 195), (197, 203), (207, 263)]"
4c7c3700-7ea1-43d0-ac7e-1ecfcb5165d4,"[(0, 0), (27, 125), (148, 149), (152, 489), (541, 542), (547, 702), (821, 964)]"
54bc9010-567e-4755-8578-a99b7f58cb18,[]
00a980af-c4e9-4858-bbcb-4018b97388c8,"[(21, 44), (48, 121), (125, 126), (131, 198), (219, 224), (318, 325), (326, 329), (382, 403), (495, 503), (527, 550), (559, 567)]"
c3b620a6-e40a-4b51-9456-d7e0ff7eaf42,[]
e38aa0d5-5ba5-4291-a400-db3623af198e,"[(4, 80)]"
da9f7501-d810-459a-88c3-a9110c113a71,"[(0, 17), (19, 20), (23, 25), (33, 133)]"
fa86657d-02bd-48bc-b36b-84dd9641b19a,"[(66, 298), (299, 424), (514, 529), (532, 533), (538, 539), (550, 552), (577, 580), (596, 598), (611, 694), (695, 707), (711, 761), (766, 1103), (1105, 1156), (1412, 1420), (1425, 1437)]"
ecec9615-c60d-492a-bd0a-6f11f3b1fc61,"[(0, 22), (31, 32), (47, 52), (76, 79), (81, 115), (137, 147), (177, 260), (405, 406)]"
b8491327-7d9b-44e4-80b4-90062f547b5d,[]
0dc44200-a4a4-4ddb-b294-20c2b628cd0a,[]
45e2218e-7d40-4ed0-87c9-ec16341c8704,"[(177, 194), (198, 204), (208, 227), (231, 363)]"
b065b567-4615-4460-8e8d-4206e68a37c5,"[(0, 25), (29, 75), (142, 145), (151, 156), (181, 230), (492, 497), (802, 810), (835, 857), (1205, 1268)]"
fb02bb76-0616-42f6-94fc-4ce2d70281c8,"[(0, 0), (32, 175), (185, 186)]"
94f2e113-de9d-4ec0-ae2c-a27507703509,[]
da938a9a-a154-4618-8466-d484195bf893,[]
b69832a1-b916-4c1c-816e-63e764e8634a,"[(0, 187), (189, 192), (201, 206), (210, 259), (262, 322)]"
c7aa6344-7101-4c26-8fbf-979f8d0c0f69,[]
777e8a14-de88-4795-bb4b-0704224ee0ba,"[(0, 0), (19, 22), (81, 370)]"
8caaeded-1e43-4f0f-99e9-a072516b1fc0,"[(0, 9), (19, 133), (148, 149)]"
eea8040a-7e47-4dd7-b0fa-778b2862da21,[]
b2b86993-5801-4183-99cc-11538bd2500c,"[(52, 98), (99, 123)]"
1c5a6eec-e86e-4e0d-9280-3a7ca33f821c,"[(0, 20)]"
c049a1f0-d1c1-4800-ad91-5c2660333163,[]
9ee73044-fba5-4554-9f7c-71304d8b6b1f,[]
7679b62d-8c5d-4523-856c-79be09bb717e,"[(54, 85), (92, 207), (208, 217)]"
d9452db7-0dd9-472d-a41e-be10372039b2,"[(30, 39), (118, 165)]"
f6aecca5-b1ee-4e03-9ba4-7d4967495613,[]
30178c92-ee09-410b-a9e5-d58926461a24,[]
88f617cb-792d-4235-bc28-f398e923344f,"[(0, 40), (72, 82), (145, 154), (310, 316)]"
f2cf6768-5a2d-4ff0-8d64-1508a7abda2b,"[(0, 153), (229, 253)]"
4880f04e-b048-42b6-9382-188295f4ac2b,[]
9d52b62e-4e8d-4725-803b-b385fa066fce,"[(603, 606), (610, 615), (621, 627)]"
4c586b05-b1a8-4d32-9e60-fa8f985d19f6,[]
300c1ab9-1904-44eb-8d8d-7b0ae2efd920,"[(0, 0), (31, 32), (34, 35), (37, 73), (77, 251), (291, 309), (321, 685), (727, 729), (737, 743), (758, 1014)]"
6462a1cf-2141-4352-801a-1b99b5e48802,[]
a749002b-9825-4a06-a05c-b10fd0b0ce3e,"[(0, 4), (11, 12), (22, 252), (275, 1049), (1051, 1110), (1147, 1175), (1178, 1196), (1203, 1473)]"
b2ea5fd1-6581-428d-b5af-a393beaa777d,[]
9c7716be-a176-462e-934e-72d706dae360,"[(12, 13), (25, 36)]"
55b5073c-2a05-46af-9956-4afcb55a4efb,[]
f00446c0-0593-4799-b43e-74ceb678a8c9,"[(110, 117), (149, 154)]"
4bfb2813-78c9-4e3e-be5a-17fe8d04e62e,"[(153, 192), (193, 300), (304, 328), (329, 362)]"
edc3762c-ef3b-4fcd-8f0e-57ebb196790f,"[(2, 8), (29, 54), (164, 188), (190, 191), (192, 193)]"
fd2257b4-7105-4ee5-856d-6928bd767ebe,"[(0, 363)]"
55dade8a-8c3e-4cb4-9074-f9471cd98eae,[]
39dadc8c-f6da-41be-a2b5-026c1039e228,"[(12, 60)]"
184b8c3c-2533-43f5-b112-9933d59337af,[]
db17e68f-563b-4d05-aa81-a10dba5b0f46,"[(43, 161), (162, 205), (206, 211)]"
0d67ff42-e21d-426b-864f-e20ed0288acf,"[(0, 0), (7, 14), (20, 73), (76, 809)]"
2a9ce7bc-0257-4989-84c6-8f73c9ea30f3,"[(0, 0), (54, 191)]"
c2d88c4f-6dd9-41e2-a2b1-b80443c37a0f,"[(32, 77), (79, 118), (132, 153), (178, 180), (194, 261), (351, 353), (364, 371), (380, 389), (391, 412), (523, 554), (559, 595)]"
9a832ce9-1d93-462d-9779-62b362e1d546,"[(0, 36), (38, 566), (583, 584)]"
14b60a13-8c42-42e0-bc6e-6a90ee802258,"[(0, 115)]"
37440af7-62bc-4fd7-98fe-69afcd10653a,"[(0, 27), (148, 152), (229, 344)]"
9e1d8537-6188-403d-b1ea-a8238c809a70,"[(38, 41), (84, 87), (401, 427), (545, 568), (602, 603), (605, 635)]"
97dc0089-6cef-44f8-b39f-0b1a51f818d9,"[(0, 1), (14, 15), (31, 153), (159, 181)]"
b3810ead-4683-4002-90fc-a9dc354ff63b,"[(173, 234)]"
d5f8e968-244b-474b-84d6-18ac0a4f8b53,"[(2, 28), (225, 226), (230, 236), (647, 658), (675, 681), (691, 745)]"
dcd52827-48c3-45d6-8d13-1fcc8dafa919,"[(0, 0), (20, 147), (155, 191), (207, 208)]"
16c90a19-5c90-4b7b-9952-3a6371725ead,"[(0, 0), (8, 9), (33, 34), (36, 48), (55, 78), (90, 133), (135, 145), (181, 182), (186, 187), (207, 245), (251, 265), (269, 296), (301, 302), (311, 341), (345, 381), (382, 383), (384, 385), (387, 440), (442, 453), (455, 490), (491, 492), (494, 515), (527, 582), (586, 596), (604, 743)]"
c76a3ace-9d45-4358-9713-a43f6caedc91,"[(354, 452), (461, 465), (471, 558), (1020, 1040)]"
3687abf9-854b-41b5-a8d2-90e9e4fbc206,"[(60, 65), (100, 119), (121, 240)]"
91ec1899-cda8-4679-a73d-fb7f80f824fe,"[(0, 0), (12, 13), (70, 71), (86, 87), (125, 126), (172, 192), (194, 299)]"
283190f5-3795-4384-9278-1922dd9d183e,"[(0, 67), (100, 103), (108, 109), (112, 174), (195, 233), (235, 286)]"
88ffea04-2478-48e2-93ef-8924be5f3d58,"[(3, 43), (44, 105)]"
ef21badf-b4f9-437e-ad69-6bc12215235d,"[(89, 139)]"
5d0ad273-2c49-4fb4-8358-fe52f7f203b6,"[(0, 0), (20, 100), (129, 130), (149, 190), (194, 202), (206, 250)]"
ed900094-0d9c-43ff-917e-dd7c0e17c012,"[(0, 147), (262, 263), (303, 304), (327, 329), (335, 350), (364, 368), (369, 416), (541, 549), (553, 569), (583, 587), (589, 591), (592, 627), (629, 647), (653, 701), (728, 734), (740, 743), (749, 769), (801, 810), (815, 831), (908, 917)]"
56699bf3-63fb-40c2-a749-6a3ed5fe9ba4,"[(62, 123)]"
aee62692-3354-44d4-9013-89b59d8bee13,"[(0, 0), (6, 132), (141, 170), (173, 396), (411, 549)]"
a3395627-f4f8-4cbf-9a06-fc03e408b075,"[(0, 0), (78, 79), (94, 201)]"
fb1293ac-cb4a-4a2c-aeb3-3f6121a3a994,"[(6, 9), (16, 25), (37, 39), (81, 107), (108, 117), (350, 357), (363, 369), (446, 467), (484, 489), (490, 503), (1702, 1709), (1724, 1726), (1741, 1747)]"
3bdf04d6-fd07-4fdb-88c1-02e0ea14eb5c,"[(80, 85), (143, 150), (270, 271), (736, 739), (750, 758), (874, 944), (947, 1074), (1081, 1141), (1173, 1178), (1194, 1195), (1610, 1832), (1869, 1874), (1982, 1983)]"
10584ade-abc7-42f8-94f5-8e6005e9bd4f,"[(3, 13), (16, 28), (29, 34), (35, 48), (49, 65), (92, 99), (102, 132), (133, 172), (211, 219), (279, 287), (290, 426), (429, 434), (436, 444), (445, 655), (763, 786)]"
e3f65702-e85f-4cf9-a5b0-c838ff00a7a6,"[(0, 0), (10, 39), (150, 191), (201, 202), (222, 231), (233, 271), (301, 511)]"
a73fa13f-3b64-4f09-b587-daeba9341f6c,"[(0, 24), (389, 393)]"
a7ea48c0-1968-47bf-9408-bbe81b2496ce,"[(9, 352)]"
37681f61-1e94-44c8-9050-88ce31043ed2,"[(0, 199), (211, 212), (223, 224)]"
8012db6c-343c-47e7-8e59-6aa8399375d4,"[(240, 256)]"
1d36a03a-3f26-4acf-8c9f-25ebffe9e884,"[(0, 24), (42, 45), (50, 64), (66, 68), (78, 146), (171, 512), (519, 525), (543, 796)]"
27073342-656a-40e9-9ee7-bc5871fad902,"[(94, 104), (107, 108), (112, 156), (169, 186), (196, 197), (202, 234), (423, 433), (586, 599)]"
624b75a8-2e73-4d2b-a893-a5a7708d6a32,"[(9, 18), (38, 40), (45, 50), (167, 188)]"
fa692e73-331a-4c94-80a5-a48e1ca81558,"[(2, 11), (42, 53), (410, 430)]"
3876cc88-0d62-4b69-92b8-57cb5e8d5294,"[(0, 0), (3, 59), (93, 128), (186, 201), (205, 206), (260, 278), (281, 285), (290, 291), (301, 310), (315, 320), (322, 1722)]"
4c18c8ce-3377-410b-b936-f0cdd4610634,[]
3f54e76a-417d-4c1d-9b93-35de3f3f9115,"[(101, 108), (124, 229)]"
99d031ea-4339-485e-8b10-8d6877cf60e8,"[(0, 0), (31, 33), (39, 177)]"
b06f16a1-bd6e-49a4-88ce-21f7d1bacf01,"[(0, 75), (185, 186), (196, 202), (208, 209), (218, 265), (286, 291), (323, 465), (474, 685)]"
d8df5184-486f-46f7-b254-3345bb6eec47,"[(128, 142)]"
c00ce869-48fd-41ae-8f89-74580a89fb4e,"[(0, 318), (332, 333)]"
28eb15ac-a3dc-422e-974e-bf287a936c92,"[(0, 4), (12, 14), (15, 18)]"
0ae0782e-d622-4e34-aad0-61832fe47a15,[]
b52e1624-ddcc-473c-919f-cff8176ca4a7,"[(0, 24), (65, 74), (141, 190)]"
a1ebe7cc-4909-43d0-901b-401db834085e,"[(0, 532), (544, 546), (550, 572), (615, 661), (706, 707)]"
a1a5ad43-c0cb-4944-8a45-78a642f0bc8e,"[(34, 36), (40, 42), (148, 166), (167, 220), (221, 228), (230, 345), (449, 455), (463, 469), (491, 598)]"
c7fbcbcd-cfe1-4012-bcbe-321d729f4bb9,[]
db8026bf-07a5-4b2d-aa3c-7e47ce1e811f,"[(0, 9)]"
ecf8681d-b1d6-48ea-8f29-87b0bd615bf5,[]
1043b4cb-6138-491b-8000-d322c5458295,"[(482, 485), (490, 493), (494, 589), (596, 775)]"
cbc46665-1aea-46e2-bfd2-44b0a985e4cb,[]
c1d0ac5a-b681-46bc-9be0-e9ef3bdae480,"[(0, 0), (107, 201)]"
5813df73-3b2a-4fef-adfd-3afd5e1f3ce0,"[(0, 151)]"
4bc43c5f-f2a7-4310-97e6-ba29715b9715,"[(0, 0)]"
c0932c99-8b5a-4542-a686-15b8a68872d3,[]
ef55c6a2-772e-4438-8c7b-a11de07ada04,"[(0, 1), (3, 4), (6, 7), (22, 39), (66, 119)]"
c3bad96c-760e-4002-81fc-09fd43f1e006,"[(0, 6), (8, 18), (76, 318)]"
5bfff0bc-71c1-4ed9-a885-ccac7e933bd1,"[(42, 69), (72, 160)]"
95d3d387-b77a-473c-949a-e9354b9ffb4b,[]
75f39f37-23db-4fbf-9e91-f9acbc5185b3,"[(45, 62)]"
4e4c55d4-5a3d-41c5-8636-2805c1f8f8bc,[]
4c3877d3-3e18-4cf1-8f54-4d5d49be31da,"[(0, 1), (3, 42), (69, 70), (103, 126), (128, 319)]"
cdd5e5cc-c282-4be8-ab1f-e7bb98da448d,"[(242, 259)]"
e807aff4-08df-4717-ad2f-e005baf6e189,"[(126, 209), (223, 228), (860, 893), (894, 898), (947, 950), (1860, 1919)]"
6f18c2e6-6ac8-48b4-b828-631395aac177,"[(150, 170), (196, 205), (206, 222), (225, 232), (263, 270)]"
5991e3d8-75bc-4842-bdb5-43cd9cd17e1f,"[(7, 38), (97, 187)]"
f19d95b0-8f39-455e-9ddd-0c12f94e1d63,"[(20, 30), (89, 148), (277, 310), (316, 326)]"
58675e69-b49f-40b0-ae75-d5b1ca70818c,"[(0, 255)]"
29f30c41-8638-4fc4-8794-f58a3bd3872f,"[(0, 0), (12, 27), (79, 85), (88, 1009)]"
ed8f7895-ba82-4eda-b2d4-8402ef253123,[]
bd74a572-edfc-478c-9010-2e2cd6f02d30,"[(13, 18), (115, 117)]"
663a352b-d920-476b-925a-bcaa8e3c38db,"[(0, 14), (97, 155), (157, 170), (171, 248), (332, 336), (342, 349), (397, 406), (409, 514), (515, 590), (833, 1048), (1082, 1083), (1681, 1801)]"
8c9f8a07-4ccd-4407-8967-38d139103649,[]
cf4ab1e1-a414-4f4c-be31-08af86f1fe86,"[(172, 260), (261, 279)]"
4ce2a31e-fd7d-4554-ae3f-6fbdbbe6a14d,"[(0, 199), (201, 231)]"
2bfbaaf8-e43c-4422-ba22-47b28d46a3d3,"[(133, 135), (136, 140)]"
5bf80e91-7d06-494e-b99d-6739de3a7242,"[(320, 346), (347, 396)]"
cc7adc40-ddab-4362-9d2b-d115fe099236,"[(84, 86), (96, 110), (117, 232), (335, 456)]"
9dde7cd3-fb5d-4548-bb12-c415b939d2da,"[(0, 34), (41, 65), (110, 236), (246, 247), (252, 453), (456, 521), (523, 613), (654, 655)]"
59c95dbc-edbb-496c-bae3-1015c6899c3a,"[(32, 35), (38, 71), (96, 101), (102, 115)]"
d8955654-f3ba-4500-b8ed-9442d5a788f9,"[(103, 128)]"
77fd2704-7456-4256-a983-91d6c43c1582,"[(0, 89), (160, 227), (236, 238), (250, 357), (359, 362), (374, 382), (394, 787)]"
b4782205-50d5-4370-91fa-98362fe993d9,[]
77128cf3-26bd-45dc-ba70-f2c22f028789,"[(0, 61), (62, 63)]"
ef3c7c13-d271-410e-94f3-4511dbb0ca41,"[(8, 68), (72, 86), (130, 131), (152, 154), (155, 156), (159, 189), (191, 193), (223, 235), (241, 499), (501, 541)]"
48a3c295-969c-4ea3-a088-b1cb97d79b10,[]
aba535a6-307c-4ac4-93da-1be8caafb344,[]
b843c206-ca09-4b5a-a2e2-c14432793ccf,[]
f642bd08-8f72-44bc-8caa-35d2c0f4328a,[]
f6af8b7b-0113-4980-bbf9-b6a6d87918df,[]
1e724ffc-e0b0-485d-a3ca-54ddce347dd0,"[(0, 179)]"
0f0c2690-cffa-4d6c-a543-28f93e13e464,[]
96284fb5-c28a-4acd-8e30-4aa2afb25026,"[(23, 27), (86, 111), (299, 324), (325, 367), (481, 487), (497, 504), (793, 798)]"
a86200fa-3480-4ea7-8aad-2da6b4faff26,"[(0, 24), (62, 72), (73, 82), (83, 85), (212, 297)]"
19ffb8df-3b65-4069-9851-bf4f5302c338,"[(6, 10)]"
14e7c51d-c180-43e9-8f1a-2fbf06c2adbf,"[(682, 701), (1136, 1159), (1363, 1370), (1373, 1380), (1444, 1453)]"
6cc71d83-4c43-47ca-a87b-874053098745,"[(588, 595), (596, 633)]"
e373aa53-c413-499f-bc73-c3412c0469df,"[(81, 124), (354, 474), (553, 773), (774, 806)]"
4b8ee00b-af36-4631-b73d-632508cfd1a9,"[(0, 11), (22, 31), (41, 158), (205, 206)]"
a192ac88-def9-4496-9d7b-fe93afe6eeca,"[(0, 209), (213, 218), (223, 243), (257, 258), (262, 263), (266, 267), (290, 291)]"
d695f40a-337a-49a1-aa6d-fbb5ac8ed162,[]
d2949d3c-a4f1-45c8-be58-71eed79f25f7,[]
2ff4fc13-b4f5-4e72-81b0-d0482fd3aa5d,[]
70ce41de-8f34-4dff-a936-105630a8de83,[]
743a464c-08f8-4a15-8f8d-e9031b623ab6,"[(0, 348)]"
e60633a0-9a33-4c27-9431-eed22562d894,"[(78, 90), (92, 153), (159, 161), (178, 193), (194, 250)]"
38739b6d-2b20-4c43-8329-22ef476eca0a,"[(0, 33), (38, 348), (425, 479), (831, 838), (886, 894), (898, 905), (920, 925), (1051, 1063), (1064, 1122)]"
eed2255f-c6d6-4507-a4e4-b84257a127b1,"[(77, 148)]"
d17a7b02-8c73-444a-bdf2-001f5449c80a,"[(0, 0), (32, 33), (43, 187), (190, 191), (199, 310), (352, 353), (401, 675), (697, 698), (726, 727), (752, 756), (784, 790), (804, 809), (819, 826), (860, 863), (868, 878), (891, 1047)]"
b617e6d9-3f61-4b37-bf28-96f1d2bb2bd8,"[(0, 47), (69, 71)]"
2819276a-a033-43aa-a3d2-3777524c12f1,"[(9, 24), (29, 33), (40, 56), (65, 70), (75, 85), (92, 115), (117, 133), (136, 214), (225, 234), (237, 440), (444, 470), (471, 481)]"
0e9232a7-6609-43f6-aa1b-412e06c0db00,"[(0, 346), (350, 1326), (1328, 1479), (1511, 1534), (1565, 1573), (1575, 1650)]"
d692692d-1095-4df4-b0b4-fc3b5b6642a0,[]
ce75b7d0-7c82-48b1-9d52-f04cca9da584,"[(194, 224), (573, 670)]"
9893895d-ee52-4909-8440-24a4f4bff743,"[(86, 91), (620, 636), (639, 655)]"
97960bef-1a42-4da4-a932-4c0ad1b393dc,"[(330, 417)]"
9312c908-9d25-48ba-94fb-836de1ccfaf2,"[(14, 54), (103, 107), (257, 269), (303, 311), (410, 427)]"
dac052e2-36a6-45ae-bb85-2feea8fd4b99,"[(35, 50)]"
66a6b47f-68f1-4f56-b6a0-15ee66338a49,"[(0, 1), (2, 329), (337, 342), (353, 359)]"
a3abcb30-229c-4e59-9e91-37e82994af66,"[(0, 249), (250, 306)]"
8bbc6797-a5ad-46c0-8439-1e11a55babab,"[(0, 0), (11, 619), (632, 634), (642, 760)]"
4bdc4e91-a098-4927-bb11-9ee390d07997,"[(0, 791)]"
ac03203c-48ab-47ee-b2d2-697bdb0b046a,[]
34aa1ff7-2abd-428c-a9a6-470f54ad0cce,"[(6, 135), (410, 414), (508, 512), (554, 560), (607, 611), (668, 685), (706, 711), (716, 732), (736, 753), (776, 809), (811, 926), (972, 975)]"
e963540a-4761-4bfb-93b0-dc3ea7c1312f,"[(0, 68), (71, 73), (134, 155), (166, 243), (286, 307)]"
e6e0f32b-0bdd-4b28-b39d-454e4452789d,"[(0, 0), (14, 128), (137, 327), (356, 731), (761, 801), (817, 826), (831, 834), (839, 843), (847, 853), (861, 868), (872, 1060), (1067, 1068), (1079, 1080)]"
ae5f9eb5-22fe-4790-b92b-4480bf4458d8,"[(0, 0), (8, 9), (15, 80), (88, 89), (93, 913), (933, 0)]"
dde06144-f9e6-47bd-ac69-e32a66dac7c9,[]
cff40957-013d-496c-b5c5-8c8e6fdeb199,"[(0, 114)]"
a36f2447-2f0f-4eb9-b4f3-eb92887ecf0e,"[(0, 26), (29, 49), (58, 72), (92, 115), (280, 327), (328, 361)]"
b8c33a07-7a6a-4ec5-9853-1d5f5b67e0e1,"[(0, 154)]"
bef9bed2-536a-4217-93e9-455e2fa8121d,"[(60, 103)]"
8961353c-0017-44a2-97a8-dded5b169ac8,[]
60c66569-3b46-475c-b710-c3500784164e,"[(185, 199), (200, 249), (330, 340), (342, 353), (357, 370)]"
0c11b275-0db7-44d2-81fd-b264bcff8f45,"[(0, 165)]"
aae93624-9c3e-4498-8af9-6b929a5e7644,"[(83, 87), (1431, 1478), (1931, 1954)]"
6a262326-23fb-464c-aace-cf8dbaf56020,[]
b5bf5bab-51e7-4d56-aa4b-254f6add4955,[]
52ac1440-71f7-4161-92de-1e7348f46419,"[(182, 189), (226, 309), (482, 493), (1408, 1437), (1537, 1551), (1562, 1586)]"
51e8704c-e386-4c50-b1d9-19d4fd1b8901,"[(0, 1), (49, 55), (75, 76), (77, 549), (567, 568), (587, 620), (633, 634)]"
7877b1a3-fc0d-4c1c-be0a-ef07a7a343da,"[(34, 342)]"
0fb3a7a4-bd98-4372-80d6-d725b7f3f2b4,"[(141, 185)]"
f95f2359-38e8-426f-969c-69847587d597,"[(0, 103)]"
ee86073e-5a81-4c8a-a162-90d465b5ece6,"[(156, 197), (207, 238), (420, 422), (441, 451)]"
ada74c04-fd53-44d6-9cec-108a4d55a008,"[(7, 19), (94, 96)]"
1131bed1-441d-4a49-81b7-e6702a68edb9,"[(77, 84), (88, 128)]"
c242d8b9-7a0b-4704-9787-3a09a1727793,[]
4ebb7305-589a-49c4-9c77-000587dc5a41,"[(0, 0), (42, 160)]"
a57132af-720a-45d9-85a2-1c289d8ca3a1,"[(126, 166)]"
d017734a-3daf-4e3f-bcb0-c6e9cf7b53ac,"[(0, 0), (1, 64), (101, 122)]"
da33552d-c362-4f8f-a96f-4f887903a267,"[(5, 34), (243, 244), (249, 282), (293, 313), (316, 676)]"
2413743e-4c7a-4305-9d07-c14592e3643b,"[(11, 18), (211, 227)]"
3b901796-865d-41b3-93c2-ccb3fa8bdb6b,"[(43, 79), (80, 185)]"
390d0057-118b-482d-952b-71f0ec9addf2,"[(0, 78), (79, 82), (84, 155), (399, 443), (445, 493)]"
20ae3cb3-459d-4f5d-9be4-57ec5d207569,[]
013aec15-1bd7-4cfa-a6c0-3023332afe8c,"[(0, 366)]"
320aafba-f118-458f-a944-1eccce19dccb,"[(0, 155), (185, 264), (265, 487), (565, 616), (618, 681), (753, 754), (797, 829), (867, 926)]"
4df8b412-8b9c-4ad3-b8b5-e4b0b15aa37b,"[(3, 28), (277, 311), (329, 334), (338, 372), (479, 514), (1253, 1256), (1259, 1264)]"
71d7c18d-8a91-472c-8053-a7afd8d764a0,"[(2, 6), (57, 93), (192, 210), (219, 225), (581, 635), (640, 694), (696, 776), (777, 858), (870, 880), (900, 904), (905, 910)]"
42d4b116-bb59-4895-9a20-96c238cc7fec,[]
5fa81932-978d-4298-9ab6-ec79ed34b13a,"[(0, 153)]"
2c8b49d5-2b8b-49db-b11c-cd4b78287a7a,[]
f0592c1e-50ff-449d-ab89-fb3ffb8a8df7,"[(52, 169), (173, 212), (224, 232), (233, 241)]"
2a7c454a-5685-4a21-b1b4-041799eb8be8,"[(0, 0), (49, 147)]"
22566783-5f52-4c62-b8cf-72362e3ecb72,"[(4, 8), (17, 36), (61, 124)]"
9ded79b7-8719-40ee-81d9-a1cc734fce15,[]
c9c4c58e-12b2-4748-a20a-1bbaab6f3fec,"[(3, 8), (51, 73), (75, 95), (139, 173), (174, 182), (186, 197)]"
1eb69235-dd3b-4b2f-a4a3-6f997e4ef873,"[(22, 25), (35, 41), (97, 228), (236, 252), (253, 278)]"
459ea04c-e0f7-472a-8314-72adff5ef323,[]
01c01380-4fe9-4b69-981b-9806573a22be,"[(354, 468), (473, 489), (495, 500)]"
87ac5c7b-e4c9-4457-8d9c-5eb37fac9bca,[]
20a1288b-f972-4b3b-b2cd-3754e834a6b3,"[(0, 9), (11, 19), (23, 71), (147, 172), (275, 336), (343, 366)]"
a912a546-1570-49c1-82e3-f3058928aadf,"[(0, 437), (452, 453)]"
53171e9e-8a64-4082-9245-5a7d9d9edb97,"[(0, 0)]"
e67ac3e5-65ce-4df6-8270-478a6cb1e05e,"[(0, 43), (85, 152), (160, 166), (175, 240)]"
b12b4ca7-6d0e-4a67-b291-47018efb51f2,[]
d040c164-c940-47ba-a565-044ebae16034,[]
9a1a874f-c39b-4e35-99d7-1fe9428f84ba,"[(9, 16), (18, 23)]"
fe077949-9218-44d4-b594-50107b601f44,"[(52, 111), (113, 151), (497, 513), (562, 569), (573, 593), (594, 618), (621, 674)]"
68f03fdd-84e0-4017-aaf1-fcf5709dd3ef,"[(129, 166)]"
40202e2b-8c40-4f34-a3ea-180d984bb4f4,[]
7d642aa8-4049-43bc-87ec-aeaca5d07198,"[(0, 0), (13, 14), (117, 122), (208, 243), (248, 259), (262, 464), (467, 564)]"
d9f82b24-b23d-430a-a068-b30f58e0582e,[]
20004b86-7854-419b-8220-88a0b59f6196,"[(502, 510), (511, 521), (522, 739), (740, 908)]"
5daa5a31-819f-4b88-8be3-c67cc05e5ab0,[]
a34be068-11e6-458c-8d8e-659baf24b49a,"[(0, 1), (5, 553)]"
4c46fe87-0491-4cd5-a2f4-db0c77faff3b,"[(309, 452), (453, 520)]"
214ade6f-7156-4994-a2b6-53b887188ec8,[]
e5753bb3-f269-4e2e-a9fb-b88fbb1b98fb,"[(314, 326), (400, 409), (843, 1014)]"
2ff3a5cf-a3fe-4707-9966-1846a8cd51d4,"[(0, 0)]"
30f42932-a35c-4fa5-aa82-b9427cc89c6e,[]
0a4a3449-fe8e-4f0d-bdd5-36ab8628e8f0,"[(434, 441), (451, 454), (456, 490)]"
132f5467-6273-4863-a30d-bb5c2436edad,"[(90, 140)]"
a1571cc1-a47c-4f8d-84c1-25c790b5b881,[]
6795a412-3c25-40bf-acf6-cb09f0678dec,[]
8b8a2e26-51a6-4a4f-9edd-82e2e372afe2,[]
5f233fe6-8c73-472b-befa-29340ef16258,"[(0, 1), (3, 194), (195, 300)]"
82dcadd4-e3a3-4e34-92b2-5396cfa8d0ad,"[(23, 30), (64, 105), (284, 298), (330, 334), (378, 432), (501, 540), (547, 548), (562, 564), (568, 579)]"
3f10588b-d226-428c-ba0e-272b1c2b6bd0,[]
9e2d2dd2-3b66-425e-a457-9983c52f1953,"[(93, 139)]"
1773e9b0-2bf6-44da-898b-595c5586e880,"[(518, 526), (531, 602), (1193, 1269)]"
959b5dfc-4a5c-4f25-8929-e9d0538ba98b,"[(187, 194), (199, 203), (208, 209), (482, 524)]"
961e7c1e-bda3-46ff-9a4e-6a6c274a1f4f,[]
06a65622-0fdf-4788-a80b-1f3446f74196,[]
ae9150cc-118a-46f1-87d6-0afd0990072b,"[(0, 23), (276, 315), (317, 327)]"
893b3db9-cb3a-4448-ae14-17e2182518fe,"[(37, 41), (47, 60), (269, 298), (320, 415)]"
e242cdb3-7878-43a5-9d33-da23e73d300a,"[(24, 25), (383, 457), (584, 586), (596, 610)]"
1b5b6c4f-3959-41ad-a1b0-79e1f401c514,"[(0, 23)]"
e8a50d22-1ca3-4768-9b78-fed628bf2890,"[(50, 72), (73, 79), (220, 238)]"
5435cb01-4cb5-4e98-b45a-80823e34d2e8,[]
834dde84-3a0c-4ffe-a86e-b9f2e0bd208e,"[(0, 65)]"
ff3486c2-cdfc-47ba-ae23-66ab4daf298f,"[(0, 0), (6, 63), (120, 197)]"
25a44dfe-985b-4555-afde-ebd72041d4fd,"[(0, 0), (1, 1118)]"
ad44cbe2-fe3d-4e84-988b-294424babe31,"[(0, 32), (34, 73), (95, 144), (145, 150), (258, 281), (355, 375), (387, 420), (439, 441), (446, 596), (1085, 1093)]"
8d3bfe5b-f1e7-4bfa-9f00-f0cbf3f0ad35,"[(0, 303)]"
9ee8b0d6-c24e-4e8d-a64c-ce5635818433,"[(0, 0), (25, 172), (245, 246), (355, 404)]"
9be69b13-3442-4d74-9307-3c364a82fc7f,"[(134, 137), (164, 249), (289, 340)]"
13712de8-e101-488a-aca2-9e90912370fc,[]
2607a12a-44cb-4bd9-a64f-02a50e3b41e1,"[(0, 18), (19, 35), (94, 115), (120, 125), (136, 141), (555, 576), (601, 602), (603, 811)]"
40d1a7cb-ca61-4121-8952-58d8f85db831,[]
bf4ce15a-f785-41b3-8cec-04f2748c7cf0,[]
fa44b908-7cb3-4434-81c5-cb779bd3836f,"[(3, 84), (150, 164), (765, 787), (1037, 1045), (1046, 1170)]"
81988d18-7402-4cdf-8653-5464354b1cc0,"[(0, 243)]"
c7b9c3eb-04c5-40aa-b649-a39e6fa4d47e,[]
6da7c4cb-bbcf-4cae-bec4-57d09c7810f2,"[(11, 13), (18, 19)]"
da2b0be2-b46b-498b-889a-b1da7aa90321,"[(0, 135), (156, 158), (162, 167), (322, 378)]"
9cc483da-63fc-412e-b888-74f94f4c711f,[]
f96b56b6-2231-4792-972b-6fb87b9f13c5,"[(0, 104)]"
a903ab11-07bb-4f0a-934c-5188157f4af6,[]
625e2439-69db-46f4-bc7f-f108e1d9c8b8,"[(183, 193)]"
846c7036-8d1d-4460-a401-649ed6a44270,"[(0, 26), (31, 62), (67, 77), (140, 147), (251, 439), (460, 465), (471, 485), (509, 512), (544, 549), (570, 574), (578, 619), (682, 691), (718, 721), (725, 737), (824, 896), (897, 936)]"
ea69b1b7-3f48-4661-b3fe-53d8e39925ff,"[(1, 84), (85, 129), (223, 258), (306, 355), (356, 360), (364, 625), (636, 723), (748, 757), (764, 767), (771, 891), (895, 926), (938, 961), (1276, 1280), (1296, 1303), (1335, 1376), (1399, 1400), (1409, 1448), (1475, 1480), (1482, 1504), (1505, 1714), (1717, 1835), (1837, 1876), (1879, 1910), (1937, 1962), (1982, 2046), (2047, 2102), (2103, 2127)]"
df976748-2713-492e-8479-e3aafea93724,"[(0, 1), (2, 175)]"
90dbeee7-70fb-4374-9fac-34ae6619a13d,[]
bbbd5181-64fa-4f44-ba19-a65c18dcdc21,"[(0, 18), (55, 59), (69, 404), (406, 428)]"
4fa27ae2-6381-4611-932b-fd4be31afa3a,[]
5c0af1b5-29f7-4a4d-a7d7-0b69b007461d,"[(0, 186)]"
8f86a2b3-6990-4215-8a65-bd4f260501a1,"[(8, 27), (99, 188), (189, 257)]"
750574e4-4e51-427a-a779-793e22579236,"[(0, 0), (84, 144), (174, 437), (472, 473), (489, 491), (495, 505), (602, 608), (629, 630), (640, 763)]"
2c8bcbcf-e12b-4973-9cd6-d48cfaf7386d,[]
2f028e97-607d-4a02-89b4-d050e179ecce,"[(60, 63), (217, 310), (311, 327)]"
6263827a-0fcb-45d5-9d66-b031df6ba000,"[(0, 0), (29, 102), (104, 196), (209, 260)]"
fc883908-2250-46e9-94b6-1703b83a964e,[]
284ff288-2894-4e02-a784-87eee6a7da45,"[(53, 57), (67, 87), (118, 120)]"
fb330971-cea1-4568-a4fd-9fcfc44995b6,"[(69, 262)]"
172ff062-995a-48e7-accf-ad57ca312692,"[(6, 11)]"
9d073ffb-4093-43d4-8fa1-ce78580fd057,"[(37, 51), (67, 141), (144, 228), (248, 252), (293, 307), (316, 435)]"
aa854104-7f50-4ace-b119-ad05942529ed,"[(142, 150)]"
464b67bd-9947-45d6-ac2b-ea0ea702f3b4,"[(52, 205), (224, 247), (248, 282), (283, 292), (333, 379), (382, 384), (389, 415)]"
edb3d148-33fc-48e9-ab8d-11c4b0392cc5,"[(0, 551)]"
15c8dcc6-9de9-4f0f-94d1-d9240cf0145c,[]
1bba79c7-e166-4305-ae79-71e1f99a11b1,"[(0, 85), (113, 115), (123, 128), (152, 183)]"
84189112-f22a-43ed-868a-823bca3f9697,"[(0, 0), (42, 43), (57, 285), (336, 337), (458, 461), (466, 480), (482, 558)]"
67d3fc42-48c0-4d61-b502-507eb4b9a1fa,"[(0, 0), (79, 80), (91, 92), (102, 119), (122, 259)]"
6767bab2-e84d-4e94-995d-57c723828099,"[(316, 327), (360, 380), (401, 402), (555, 598), (761, 846), (1073, 1290)]"
2634cea8-16d8-4314-b542-771e1ed76652,[]
d83f06b5-0404-4cf7-94f1-c1b704bff1fb,[]
8b08035c-c0a3-471a-b3e5-a97242074259,"[(0, 0), (16, 59), (65, 68), (73, 75), (83, 125), (160, 184), (209, 210), (216, 217), (0, 0)]"
b11f3343-26ba-4a0a-86e6-d0133ffe4bbc,[]
4c234d64-2166-4eda-889d-12e072936a24,"[(0, 22), (23, 29), (31, 92)]"
3f843e45-1cf8-4a6e-bb8b-5facdebe2d5f,[]
d2b9e9fb-71ee-4406-86bb-c6bce7d5923a,"[(70, 111), (136, 142), (144, 175), (178, 194)]"
2a9ad13e-04be-4d47-b72f-5af65de28496,"[(7, 20), (23, 43), (50, 59), (73, 127), (128, 134)]"
af9fa90c-eba5-4110-a748-2c2d13efaabd,"[(0, 0), (20, 21), (23, 237)]"
3271679b-563d-4e18-8762-d37c209bb294,"[(14, 16), (44, 59), (84, 128), (132, 139), (152, 207)]"
69d4ef6b-fe17-4bc2-ae82-420bb3b821a2,"[(1227, 1285)]"
287c8ce4-840f-48ad-abf6-8690e9b4bb4b,"[(8, 51)]"
355560b4-2ad0-4b3f-b40a-2cf97ba55960,"[(0, 246)]"
0ba891c6-4648-4000-b14e-2f485197adb5,"[(20, 34), (208, 214), (486, 564), (565, 794), (798, 845), (849, 893), (894, 902), (1247, 1268)]"
8bb4297a-3b9e-43eb-84a7-2b39f6d8f0df,"[(0, 64), (66, 699)]"
370f81a1-cb23-4959-b200-c1407279e489,"[(0, 1), (2, 5)]"
a769ed08-4953-4875-bd1a-9ebb4a2af2f0,"[(0, 107)]"
ff260fdc-7e25-44dc-8271-057bb7cfef89,"[(0, 0), (20, 28), (31, 35), (51, 54), (72, 446), (449, 469)]"
638322d3-38ad-45fc-932a-4fc963c8305c,"[(3, 42), (43, 144), (211, 294), (296, 418), (540, 560), (610, 658), (661, 736), (821, 823), (827, 830)]"
162896ac-faa7-47e2-89cf-01f74fb0d069,"[(16, 17), (33, 121), (442, 490), (509, 551), (554, 557), (567, 584), (593, 601), (602, 620)]"
ca2c2c18-1126-433b-b78d-1b601a3ac383,"[(0, 0), (23, 24), (42, 48), (60, 64), (250, 251), (255, 298), (372, 376), (391, 422), (446, 451), (467, 468), (474, 747), (753, 764), (773, 823), (862, 964)]"
40372e07-3ab3-4ce0-8024-81bae25451cb,"[(430, 438), (439, 523), (576, 596), (638, 643), (654, 667)]"
28f464d3-f1f2-4437-84de-22945ae0d287,"[(0, 77), (93, 94), (99, 146), (148, 907)]"
5b138281-ad2c-4f59-b3f7-f42af8e6ebe1,"[(0, 119)]"
458eb6e9-f184-4b6e-8d9b-a439fbd2559a,"[(72, 159)]"
76869c6d-bfdb-481d-8329-65dc441ff503,"[(3, 11), (114, 117), (151, 154), (156, 266), (271, 281), (289, 371), (376, 447), (448, 493), (498, 571), (576, 667), (680, 685), (707, 710), (748, 751), (1029, 1037), (1148, 1182)]"
ea5ec3ac-9655-482b-9b3b-4fe0185aeee6,"[(24, 29), (33, 38), (82, 160), (161, 180), (182, 358)]"
583109a6-80b5-44de-9b08-c52e9434869b,"[(41, 140), (168, 172)]"
ccf5d20c-cad1-4bb2-a0fb-b5136c33d1d6,"[(0, 140)]"
d082bbd8-7fd9-41dd-a287-1e348ffb6634,"[(119, 180), (183, 190), (191, 223), (300, 319), (320, 367)]"
af7e77bc-ae79-4022-8582-281d53c9befd,"[(4, 31)]"
60906340-6256-4ef7-bfc0-f5d6d19fc1bd,[]
ea6a152b-236d-4922-b811-608d4b54c81b,"[(108, 178), (180, 190)]"
4e64b1e2-5cc9-4846-a84e-db1586157125,[]
667430bc-e1fb-418a-b79d-d4f18b582f81,"[(0, 6), (12, 140), (141, 143), (146, 244), (304, 413), (484, 502), (509, 515), (517, 530), (685, 760), (763, 833), (834, 835), (838, 863), (872, 1439)]"
541c7887-3e97-433b-b0f8-b1f9a74e06d5,"[(0, 180)]"
7e3e9374-217d-46fd-b4a2-a4dffe164d1d,"[(0, 0), (146, 154), (233, 309), (314, 318), (325, 328), (335, 377), (382, 386), (393, 396), (421, 431), (441, 863), (884, 888), (897, 904), (908, 912), (957, 1343), (1416, 1417), (1484, 1519), (1521, 1528), (1532, 1537), (1551, 1562), (1576, 1602), (1605, 1752), (1754, 1935), (1938, 2072)]"
21814fe5-3987-4e80-8965-8b10df15bf61,"[(341, 361), (367, 385)]"
bcfa7db0-522d-410a-8a2d-1bc1294e3e1b,"[(0, 60), (155, 290), (292, 317), (335, 340), (369, 380), (541, 602), (660, 666), (678, 753), (772, 797), (841, 848), (863, 933), (934, 940), (941, 1004), (1005, 1025)]"
cc5beea8-4541-47ef-ac6c-22ac41239fe5,"[(0, 80), (486, 501), (504, 624), (630, 632), (642, 657), (659, 754)]"
d2e67610-240f-4b9f-86e3-216074e886e4,[]
acc23d1a-2b97-40bd-8801-e4183d47d068,"[(323, 336), (366, 367), (371, 394), (405, 413), (460, 490), (617, 633)]"
b26bea60-f6c4-4046-bcdc-914a5e17d733,"[(138, 142), (181, 230), (265, 427), (428, 526), (527, 702), (745, 770), (771, 778), (829, 832), (837, 867), (911, 974), (975, 1049), (1069, 1096), (1157, 1160), (1164, 1170), (1171, 1176), (1177, 1179), (1181, 1193), (1195, 1374)]"
9055824b-dbb8-4e74-adfc-b85c7b9face0,[]
b606fd07-b2ce-4abc-aef1-cdbed29852cf,[]
c0e0b7cb-b9df-4583-842a-ac856d77415a,"[(0, 29)]"
123efde8-3cd4-4854-8ad0-959dabeaffad,"[(39, 50), (389, 471), (475, 529), (531, 623), (624, 648), (649, 693)]"
bdd15f9a-8d19-4f1d-a68b-eb3336fac42c,"[(38, 53), (84, 103), (138, 144), (181, 184)]"
3f18ee0c-5f35-450f-9cd3-43d2b721583b,"[(0, 79), (131, 144), (149, 178), (186, 189)]"
065f6997-caa6-40e5-af33-eebac29c256b,"[(112, 119)]"
9da75a20-a016-47b0-a173-a3622e50764d,"[(1, 40), (111, 202), (203, 209)]"
6208e5ab-700d-4c5b-ab3b-4d42ac3a513e,"[(111, 169), (182, 187), (190, 208), (213, 285), (337, 414), (431, 449), (457, 470), (474, 545), (608, 694), (760, 1018)]"
5277c0bb-fba9-4b39-a59e-e7bedcb07e9c,"[(21, 23), (29, 95), (102, 142), (144, 155), (159, 160), (161, 264), (266, 278)]"
7e9226ec-5fa2-473d-b499-b10f10a75dbe,"[(10, 15), (17, 20), (27, 127), (137, 142), (148, 150), (153, 155), (162, 164), (167, 185)]"
c9553111-b7da-40d3-84f4-f02f5b9922d0,"[(0, 21), (29, 40), (56, 59), (74, 82), (204, 937)]"
040ab61b-ad53-4971-b938-83ca29b86b75,[]
2c2c50dc-7023-48bc-b5b2-fbe22a106c59,"[(38, 42), (45, 47), (275, 281), (282, 298)]"
02f354b7-8776-49f3-96cd-0522d2888af3,"[(16, 38), (39, 108)]"
81b7bff3-4815-4ef2-859b-ebb3272075a6,"[(0, 1), (49, 244), (247, 250), (259, 268), (271, 314), (322, 348), (391, 439), (441, 458), (482, 485), (486, 492)]"
20fe6368-d3f0-4654-a788-110b52f1a32a,"[(0, 61)]"
6cc95b40-4744-4082-b683-0cda873988ca,"[(10, 58)]"
a7bbf40e-b511-44ef-8bd5-ff5ec6783529,"[(104, 122)]"
96054d9a-5d2b-425d-ac47-8392adcc6197,"[(0, 0), (32, 148)]"
22cc9617-d5d1-466b-a269-134991339262,"[(447, 449), (717, 876), (877, 932)]"
fc3642b8-a13c-47e8-b4a6-d291b22c9182,"[(0, 3), (14, 20), (28, 45), (46, 51)]"
26d9f7d0-7bf7-4d5a-97bc-0dabeac9a005,"[(0, 50), (52, 53), (54, 55), (144, 153), (157, 167)]"
030493c4-85fb-42c8-8f64-9a8e40c8876e,"[(0, 29), (31, 43), (50, 86), (98, 133)]"
df6dab0f-8a5d-4263-93b5-06cb1a3e0b51,"[(0, 0), (2, 5), (13, 237)]"
c2f95ca9-9b2d-4acb-97a9-6f3db614f2ee,[]
2ea0177b-cb11-40b5-a19c-7c40d1b25b50,"[(0, 0), (95, 96), (225, 235), (239, 240), (243, 258), (260, 390), (425, 473), (477, 632), (634, 963), (964, 1030)]"
b50af92d-1aef-42a5-b0b2-9b094eb694b6,[]
fa49b7ba-9a3b-4049-8aa8-f89c8591e798,"[(4, 12), (20, 248), (325, 331), (604, 622), (623, 646), (651, 661), (670, 714), (720, 789), (795, 850), (858, 868), (880, 984), (1484, 1541)]"
30172049-5e66-4c23-9164-4809fd1986e9,[]
c8c66065-ea71-4474-b128-a9fad669c0ee,"[(0, 58), (78, 287), (327, 502), (528, 750)]"
5cdca4d7-a6bc-43c7-8876-cc0f449819b1,[]
62ef4380-6f7c-4666-b596-1a1a58abf8b3,[]
d2b96d6d-3279-4192-85d6-762bb151563d,"[(94, 103), (244, 318)]"
d260bb91-ed42-4a4e-b6b9-16d00d1a5c70,"[(928, 931)]"
265de57a-7420-48dc-a5fe-8cba9f9f349c,"[(0, 98), (0, 0)]"
af5065c5-956a-40bb-953c-229e2c6e2c16,"[(0, 103), (105, 111), (519, 561), (571, 573), (575, 626)]"
ade04324-b31a-4b2a-82e6-8f8d2b1d6a1a,"[(0, 56), (66, 69), (107, 145), (147, 377)]"
6ffa4902-a4f3-4105-86cd-d30075fd20f7,"[(0, 304)]"
f38ddb14-5479-443f-a457-06aa3872c2c5,"[(0, 192), (227, 246), (250, 258), (265, 274), (275, 500), (503, 674), (675, 808), (813, 820), (830, 1003)]"
01c3fcd1-5db8-4cdc-ab46-95fa532aad60,"[(0, 16), (28, 36), (52, 54)]"
dafb68de-e0b5-4cbc-a1c2-1a3d7de07879,"[(0, 1), (13, 60), (64, 332), (475, 543)]"
bab02739-af77-4089-8716-a3ea0e774464,[]
375c8387-2591-4d04-b206-3b7fccf055fe,"[(0, 148)]"
a99c5d23-0e1f-4467-a128-bb733a87145e,"[(0, 306)]"
0064a113-586c-43dc-b093-49df92b93f24,[]
7c5bd2be-8db3-42a8-8478-acdd30c6421b,"[(138, 154)]"
3cdcf82c-22d9-424b-af74-c0ee4081c2e0,"[(0, 6), (11, 13), (25, 30), (37, 145), (147, 249)]"
9afd87ec-bcb8-413c-af1e-e7fc1d9ba186,"[(14, 32), (50, 56), (58, 169)]"
af51b957-c9f2-454b-bf4a-fe8489a52fa2,"[(201, 206), (367, 376), (399, 445), (607, 608), (723, 763)]"
2f8d83d7-7481-49e5-a740-eabe5f407734,"[(67, 209)]"
d29ccaa8-9dc6-4477-b6d1-cf004e0e225a,"[(54, 130), (136, 149), (153, 173)]"
3d07ee0a-dc4b-48c5-a491-ec1436cdf676,"[(115, 122)]"
2c9cdd97-d020-46ae-9ab2-c1d21cb270d4,"[(0, 0), (14, 23), (110, 111), (161, 167), (190, 252), (257, 424), (426, 661)]"
847bf785-eb4a-4c93-83e8-edaf518336d2,[]
afa2abbb-ff3d-4e56-922a-0ded52f82415,"[(0, 91), (106, 130), (152, 357)]"
09e12c76-22fd-4adb-9fc5-8de2205aa47c,[]
a4e237c8-7e01-457b-a209-3fcea1ff499a,"[(0, 45), (328, 333), (345, 350), (374, 386), (388, 391), (421, 425), (440, 443), (444, 447), (500, 551), (552, 622)]"
b8e8efc4-ca86-4894-9f84-d28029bc7642,"[(0, 2), (21, 22), (31, 33), (38, 224)]"
a90eb3aa-d898-4b01-b476-e3ed9c81cdba,"[(0, 36), (173, 189), (203, 231), (285, 296), (529, 530)]"
e6b7eac7-21dc-4067-bb9e-8e4fe3a92b7f,"[(124, 130), (132, 190)]"
12526428-d91f-49ab-9739-346db61527f5,[]
6eafafb9-4bf4-4e2a-8d62-245523926cdc,"[(11, 17)]"
dfb12e37-9920-4e99-b54b-971b82ad7a0d,"[(18, 28), (29, 69), (342, 364), (377, 381), (385, 391), (398, 440), (748, 878), (944, 954)]"
155ec608-384d-4b4d-81bb-1e34b35a3f95,"[(0, 302)]"
e56fb5ae-ee84-4fe8-8254-cba643a0fa5d,"[(0, 12), (44, 463)]"
369b05b6-a72e-4969-8440-97b0c7a48509,"[(0, 169), (199, 208), (224, 242)]"
ae44909e-6d16-42a6-9cd2-b5b07ce6d7dd,[]
ebecda5d-c6e6-4702-99f8-9409b7cf5ff4,"[(199, 271), (367, 372), (673, 788), (839, 840), (846, 935), (937, 942), (963, 968), (979, 1023), (1025, 1050), (1071, 1073), (1079, 1084), (1141, 1167), (1169, 1173), (1183, 1186), (1192, 1224), (1237, 1242), (1647, 1710), (1717, 1722), (1730, 1737), (1744, 1748), (1760, 1761), (1766, 1829)]"
af8fc41a-de6d-4f90-984b-8ccc2ce8d75f,"[(6, 7), (9, 89), (130, 175), (188, 204), (266, 267), (272, 352)]"
40882b04-b418-4633-847e-fbc163299cd4,"[(0, 0), (56, 57), (68, 75), (109, 0)]"
393aeac0-06a3-406f-89f7-f5613605197f,"[(0, 316), (320, 540), (541, 603), (634, 751), (762, 763)]"
36d5f8d8-c2bc-4bf7-91c9-717ba419bc00,"[(0, 52), (57, 58), (83, 88), (103, 104), (109, 151), (278, 279), (297, 303), (353, 377), (401, 563), (592, 783)]"
8fe48598-6ac6-4f67-86fb-64fa92c6405d,"[(4, 38), (69, 158), (160, 240)]"
d420b618-12ad-4aa5-8a72-d3181cbda658,"[(107, 111)]"
20a351b3-186a-4b8b-a116-5a00be4284fd,"[(69, 133), (181, 186), (190, 203), (208, 226), (356, 361), (374, 386)]"
8dd65fdc-da14-4e98-ab35-3cde97aadafd,"[(5, 126), (127, 131), (360, 374), (375, 493)]"
405ab994-c829-44ea-8e22-884eceb35654,"[(0, 423), (436, 437), (487, 488)]"
ae454426-cfc2-409c-9335-3936cd86d678,[]
28ceb2fc-f9f0-4c13-ab48-d935846a0054,"[(0, 0), (21, 27), (29, 157), (224, 247), (257, 280), (282, 352)]"
8c287a7f-e919-47ed-a745-ff84f2e04024,"[(0, 87), (89, 264)]"
606e883c-e2b2-4387-a245-11950e722039,[]
aeeb36e1-f9cc-478a-8acc-0908ed1da22c,"[(28, 100), (146, 150), (156, 163), (166, 196), (213, 219), (220, 295), (389, 403), (406, 441), (442, 490), (497, 504), (566, 585), (586, 631)]"
f49dcb96-e8c3-4f34-9f65-c83ed2d9e7b3,"[(42, 71), (557, 619), (625, 665), (868, 875), (894, 901), (902, 921), (923, 1024), (1032, 1033), (1059, 1078), (1111, 1117), (1240, 1247), (1258, 1262), (1263, 1280), (1288, 1289)]"
ea887805-85e9-4328-af89-5529adee2966,"[(371, 423)]"
8d228fcb-b0c7-4298-8a44-5edb18409a8c,"[(0, 29), (33, 39), (41, 202), (457, 459), (464, 470), (562, 570), (571, 596)]"
e343d74b-9d02-47b3-93a1-c89ef6cab13a,"[(1, 23), (25, 38)]"
a5f306e6-3909-4d96-98bd-f7b6aa9c59bc,"[(0, 162)]"
a2d3be5c-aa0e-429a-b734-cde64b3fa204,[]
d2242b6f-34d2-468d-bf8f-3134c8ce24af,"[(3, 15), (45, 56), (56, 109), (110, 111), (190, 213), (214, 222), (225, 282), (284, 313)]"
af4399f2-6fe8-48ec-a692-541ec4b54c04,"[(0, 44), (70, 75), (77, 185)]"
c32cea5a-d880-4cf1-8c88-1650d133e542,"[(0, 25), (28, 75), (78, 294)]"
12a97424-1ef3-4646-8053-48b85fdfafa2,"[(2, 60), (61, 70)]"
d406debf-dee0-4906-9e8a-e53850dd4d52,"[(12, 38), (104, 110), (258, 334), (613, 651), (742, 758), (768, 777)]"
a3f3fb53-8a57-4654-9434-3bba128d083c,[]
06b41074-975a-4ec7-87ab-ed17533be4ed,"[(0, 108)]"
7a362ef6-18c7-4385-b597-3448cfa4adff,[]
ce0985b1-608b-43f8-b866-c6221a23883e,"[(16, 28), (31, 51)]"
82c140cf-8847-44b6-ae5d-c9f3f6a405b2,"[(2, 11), (19, 20), (30, 64), (73, 116), (134, 152), (153, 161)]"
0bd80f72-2ead-41b6-a29e-c9753e81bac9,"[(0, 23), (283, 322), (324, 334)]"
fce5aed7-4af9-497f-a3ba-ecfe67ae19d9,[]
5b6472bb-bb05-4dc0-8f58-7b1be6d45e75,"[(119, 160), (161, 177)]"
e63964f6-dda7-4b12-8899-18d94b31c4c0,"[(0, 0), (56, 58), (80, 83), (96, 295)]"
0ce6ff48-0fad-4124-9557-566631015e01,"[(161, 168), (171, 173)]"
b2e42285-2297-41f1-836f-9334ad4157bf,[]
b772661e-04a0-49f9-a8e5-de7594024e93,[]
a0d9b2f6-33e9-4b6a-b1a7-32e56bc9bafe,"[(193, 285)]"
e0af0cb4-e43a-4d2a-a147-56d01b54b96e,"[(0, 98), (147, 161), (165, 183), (187, 231), (235, 271)]"
7a5b8d05-deb5-4c83-a64c-9144b6ce570f,[]
b0acc3d7-0581-45da-8c2e-ec9f84a2a5bb,"[(1, 12), (16, 35), (120, 136), (144, 147)]"
a91d25ed-b7af-473f-a81d-a58bbd3a00fc,"[(0, 0), (39, 40), (46, 47), (88, 89), (106, 143)]"
4bc3d527-3722-4f9a-a735-fd907626c274,"[(641, 645)]"
0f6d33a0-c9ff-441c-a90d-8ecceb965f9d,"[(0, 57), (60, 161)]"
807c3bf6-1764-47be-8c4f-af1b200df194,"[(0, 1), (3, 183), (187, 221), (225, 319), (323, 381), (386, 551)]"
e144243a-2db7-43c0-a817-d0af9fcb0138,"[(0, 12), (61, 76), (80, 96), (100, 108)]"
c6af0620-88f4-4bc9-b197-b47f5126bc49,[]
04345c56-193d-477e-a84a-8fd7177d931f,"[(69, 147), (236, 343), (344, 454), (465, 472), (485, 515), (516, 521), (553, 575), (580, 662), (664, 671), (672, 740), (743, 745), (800, 900), (901, 1211), (1219, 1238), (1248, 1255), (1256, 1292), (1300, 1306), (1311, 1411)]"
bc71679a-d538-4d5d-b272-f739e7867000,"[(0, 130)]"
2da991c3-0051-4aae-9a50-00a8575f53da,"[(446, 488), (489, 490)]"
078f8ae5-d614-41eb-96f1-10b12db99c48,"[(8, 70), (79, 119), (123, 130)]"
12742406-de8a-48eb-a0f5-eb9b8949593a,"[(0, 0), (17, 120), (123, 129), (152, 463)]"
37ba4a1a-8cc7-47c7-beb3-d755fd1a2315,"[(67, 70), (73, 89), (90, 138), (145, 157), (250, 259), (314, 316), (321, 322), (347, 464), (890, 991)]"
24c8c3d9-be87-4252-8806-abf80eeb05ca,"[(6, 10), (59, 89), (166, 261), (264, 271)]"
864b5860-418b-49d4-a55d-ffa4dfedc1dc,[]
7feced06-e021-43bc-b9cf-6d81f25fb3ea,"[(1023, 1024), (1799, 1859), (1860, 1920)]"
0452fc41-8f13-4c11-82ee-b7d3a3287d53,[]
20a82b3a-8a08-4009-ac63-ce27878eb4af,"[(3, 107), (296, 301), (369, 371), (374, 411), (412, 425), (431, 436), (450, 458), (558, 653), (669, 689), (717, 731), (734, 760)]"
188398fe-7b5e-4d55-afe8-42746c073069,"[(169, 189), (482, 485), (825, 839), (1197, 1202), (1318, 1327), (1341, 1406), (1416, 1453), (1492, 1501), (1528, 1542), (1548, 1550), (1553, 1554), (1561, 1568), (1623, 1668), (1670, 1687), (1711, 1731), (1857, 1882), (1883, 1920), (1962, 2033)]"
04046124-9a79-4691-b218-b15271bc1475,"[(0, 0), (91, 180)]"
be4f25ae-0aae-4d91-9726-851ad804473c,"[(63, 107)]"
b84812ce-c2c6-467f-9255-d4935963bd72,"[(43, 145), (155, 175)]"
410d5b07-5fc4-45c9-bf89-50b582eedc53,"[(0, 124), (223, 225), (236, 357), (359, 410), (416, 715), (732, 733)]"
42ea850c-07cf-4ef2-b9b6-981ec4f6313e,"[(3, 41)]"
a2ab8ee1-66d6-4696-aed3-494c9e2e6eee,[]
8af4ca1c-941d-4356-8804-7daabf10db3b,"[(0, 0), (43, 44), (75, 76), (122, 123), (145, 217), (225, 337), (350, 371), (375, 390), (413, 434), (442, 544), (560, 561), (563, 841)]"
181f6dcf-a991-4ee0-9c39-6ef35f84f67b,"[(87, 110), (118, 157), (158, 254), (255, 294), (295, 313)]"
1f85cfe2-2110-44ba-a570-5af4bf2b306a,"[(212, 218), (222, 237), (244, 264), (283, 292), (295, 301), (307, 308), (309, 381)]"
f736e81f-aa3f-4245-93c2-cbbd106c1faf,"[(672, 746)]"
756813ab-9068-43f7-8cbf-6717ab046fdc,"[(0, 117)]"
f67fa661-f73d-4b31-aa47-fa15f4e0df08,"[(0, 5), (6, 32), (34, 152), (153, 165), (286, 289), (305, 307), (317, 322), (323, 408)]"
97536b78-82f1-4dc1-b99b-f08cee2ef3b5,[]
ebf648f6-df9c-4120-be95-d87629dfb059,[]
8093937e-a1a4-466b-8201-e3939ad2f778,"[(6, 8), (20, 25), (138, 176)]"
cb0b6d42-d76e-4663-a3dd-b96feae9d352,"[(0, 85), (87, 145)]"
a46a4740-3734-415b-8d47-50fba53fc0ca,"[(132, 135), (147, 148), (163, 170), (187, 202), (212, 252), (253, 325)]"
f4f37c42-25d4-4aa2-8c92-416c8cbbe45b,"[(19, 38), (41, 46), (73, 199), (307, 358), (365, 366), (368, 402), (414, 451), (453, 579), (596, 623), (625, 686), (688, 759), (760, 801), (802, 851)]"
29f8dcea-e23f-4c0c-908c-be6c7c3d0ea1,"[(19, 24), (122, 127), (209, 236), (237, 245)]"
528a8207-3434-408f-85a8-cd85301c6335,"[(0, 46), (52, 53), (59, 95), (97, 209), (211, 328)]"
96fbf230-2131-4e9d-bbcc-7a77fdf98c50,"[(51, 65), (385, 416), (425, 426), (484, 585)]"
e025ef95-fa67-4818-a48a-ca0b98072fd9,"[(0, 94), (95, 105), (106, 111), (154, 160), (161, 171), (172, 295), (296, 297), (306, 311), (315, 317), (326, 328), (346, 551), (553, 625), (626, 683), (800, 1011), (1050, 1120), (1125, 1144), (1147, 1159), (1350, 1356), (1395, 1464), (1465, 1486), (1488, 1532), (1539, 1542), (1549, 1551), (1554, 1556)]"
09109d84-962b-4999-b807-414f08ed2e61,"[(0, 23), (25, 51), (52, 73), (84, 86), (96, 98), (101, 109)]"
2f0d3067-47ba-4be7-9a34-6799de49d8f7,"[(0, 9), (11, 41), (51, 54), (56, 58), (60, 87), (120, 132), (134, 278)]"
7ab87550-ff3b-49b3-9633-78c6a7cff35e,"[(156, 186), (188, 198), (324, 420), (435, 500), (504, 506), (551, 657), (658, 664)]"
f82fd2b5-2875-475d-bbee-20aa2765f162,"[(50, 70), (394, 425), (579, 635), (636, 639), (649, 659), (671, 740)]"
bd424bb9-f9fe-4dcb-861b-87eb1d029805,"[(0, 32), (141, 164)]"
3de965c7-7bba-4834-9345-b2eb184fd449,"[(0, 22), (25, 75), (77, 80), (84, 377), (391, 392), (428, 429)]"
d406c2f8-ed8c-4399-a3d2-c0ff157c6f76,"[(18, 22), (239, 255), (273, 298), (307, 318), (357, 408), (413, 434), (442, 469), (515, 525), (538, 593)]"
6cc186cc-d107-43dd-86cf-32e21cfc531b,"[(4, 40), (147, 148), (171, 172), (179, 186), (232, 264), (271, 287), (463, 469), (476, 536)]"
b3552b35-7984-4f9a-8c20-09d92aee20b7,"[(277, 279), (284, 310)]"
c24fa14b-e37d-4db1-8ad7-6d7da6c59fad,"[(136, 141), (219, 309), (340, 346), (347, 385)]"
33f3da56-97d6-43d3-8db1-3fcb8467a0f6,"[(85, 183)]"
93a06f14-d268-4f55-9bb4-c8a086a41250,"[(0, 27), (56, 57), (76, 88), (92, 122)]"
0afe8880-e3e9-485a-883a-e7e41b7be2ab,"[(0, 30), (129, 210)]"
d82a3f34-a8dc-438c-a9fb-8c93d6556d8d,[]
79a594ac-2179-426f-a726-627ed59c1671,"[(48, 81), (106, 207), (260, 296), (298, 439), (494, 512), (518, 549), (554, 578)]"
b69d9c90-6826-4ae5-a822-3663c23a6401,"[(0, 0), (31, 33), (87, 88), (139, 140), (173, 175), (192, 203), (224, 230), (235, 625), (678, 679), (703, 704), (728, 904)]"
177e0cd6-290a-45f0-8324-819527de5d41,"[(0, 0), (19, 215)]"
985ad950-33b2-4f18-b46b-51cad0e73fe8,"[(0, 197)]"
ef1d9c2e-047d-4b1b-80ac-e88fd86fa8e5,"[(0, 0), (20, 21), (33, 61), (75, 80), (97, 257), (258, 486)]"
2aee8d45-8031-4199-900b-d1442d1a4b77,"[(0, 205)]"
e3274d73-0b02-4ac3-8041-ac8365df63c6,"[(5, 12), (16, 33), (38, 68), (110, 156), (166, 186), (191, 194)]"
8d0066ba-44fa-4f44-9b50-a7aa018bf097,"[(0, 89), (91, 173)]"
a77cf781-508a-41fe-8176-5da2e4be78cf,"[(0, 117), (119, 152), (195, 229), (288, 321)]"
66797573-3068-4c90-af9c-2bfec98dfdc8,"[(138, 154), (156, 167)]"
26610de1-bb74-498d-ac73-ca6038cb8fa2,"[(0, 105), (109, 112), (118, 164), (166, 187), (192, 206), (213, 218), (243, 244), (282, 286), (305, 325), (330, 359), (377, 380), (388, 755), (758, 836)]"
4e0a2282-e027-4a37-87b5-4d28290ce1ee,[]
27293387-6c93-4ab5-8db4-f7013540d344,[]
27f1ca84-73a7-49c5-ad29-8d281b346708,[]
040615db-146f-4179-ab1b-842ada365b6c,"[(47, 52), (154, 208), (209, 367)]"
dfb3c6ed-e399-43df-be2a-5642f28f657f,"[(26, 49), (70, 127), (134, 165), (170, 183), (242, 290), (303, 311), (316, 319)]"
35b05aea-6a9e-4468-a4f4-ad3fb4af18e6,"[(77, 139), (216, 226), (233, 273), (274, 285), (318, 321), (323, 348)]"
ddc59dde-e950-453e-acce-4279470e929c,"[(587, 640), (641, 658)]"
904a349d-2a75-4e85-b1ea-ae713ae30d7b,"[(0, 0), (26, 27), (55, 175), (179, 267), (271, 364), (368, 463), (467, 487), (490, 544), (558, 563), (566, 578), (594, 628), (634, 736), (741, 748), (762, 769), (776, 794), (800, 922)]"
9c88ee09-2742-46ee-b61b-dca9a1768e25,[]
663252e6-5b26-4ad9-9534-bac648a846fa,"[(0, 44), (52, 53), (79, 85), (91, 215)]"
8c38ef1f-4aa2-4db4-ac4f-e47137085eb7,"[(0, 244)]"
37b9cc1e-fd4c-4502-9f40-c547b3100e9b,"[(0, 21), (125, 128), (150, 155), (241, 245)]"
881175ef-06fd-4ca8-951b-141c8c1e9284,"[(0, 172), (187, 197), (223, 322)]"
2f7fdee5-6186-458d-b40f-e2cbe99f2014,"[(100, 103), (261, 270), (295, 298), (302, 324), (389, 456), (457, 512)]"
5e864ddb-9e19-4467-bb4e-7ce94ae05bdb,"[(0, 1), (4, 866), (876, 886), (902, 1058)]"
b3139ccc-bd9e-4dea-826c-465155d6583f,"[(0, 0), (22, 72), (74, 262)]"
c89a00bc-cc5d-4e96-94bc-309b53ebe7a1,[]
186a52a3-7695-4b3f-bb50-0f50870fe5e3,"[(83, 125), (290, 365)]"
11b2ea19-6247-4b67-bc5b-07ddcdfe4be3,[]
057399c2-f6e6-49c1-90d8-791696257204,"[(179, 180), (181, 182)]"
45bc45ea-259c-4e38-b1d6-2dbe29e920f5,"[(27, 30)]"
55c19851-71db-46c6-b3c1-8ce2841544f4,"[(0, 0), (81, 113), (115, 116), (291, 292), (326, 348), (355, 362), (372, 394), (407, 429), (431, 620)]"
2db50f8a-c05f-4d61-9bb4-ff67bc531675,"[(111, 147)]"
1865d14e-05da-4196-99e4-c447208d6bfa,"[(19, 41), (60, 143), (144, 155), (157, 276), (279, 308), (310, 336), (358, 359), (362, 369), (376, 382), (387, 390), (397, 545), (642, 652), (670, 676), (677, 682)]"
ed4318e1-7463-42df-9799-09726ac624e0,[]
d8860115-9d4a-4ab4-a60e-51b3459a709e,"[(378, 462), (523, 524), (547, 549), (560, 564), (599, 604), (1147, 1190), (1533, 1580), (1581, 1590)]"
58b78d6b-38ee-44e4-8985-adc537a59598,"[(2, 3), (4, 5), (7, 18), (129, 160)]"
c0abf857-5919-4324-b1cf-dce1464e4881,"[(0, 77), (79, 118)]"
14b9bd96-cab4-43b7-b2f9-06e214541414,"[(113, 131), (164, 202), (263, 307), (308, 314), (316, 391), (396, 414), (419, 432), (441, 442), (460, 492), (493, 766), (771, 790), (792, 845)]"
48820008-b036-4148-afe1-0417469ca007,"[(76, 122)]"
47ef19fb-29b8-4fae-b79d-1e1e49fe6873,"[(0, 458)]"
5897d701-8f37-4d7a-b9c8-a1d6e379e808,"[(94, 100), (420, 422), (448, 450), (458, 461), (576, 630), (631, 653)]"
318e43a9-573d-47bb-86a4-bd00ba75653c,"[(0, 0), (5, 7), (13, 86), (90, 96), (134, 322)]"
d3691cfa-a6f5-4ab8-a149-91115c996afb,"[(2, 5), (8, 29), (69, 212), (213, 302), (330, 550)]"
ec156a1c-4905-4554-90ea-8957d03e50e4,"[(0, 141), (149, 151), (153, 169), (177, 601)]"
dab30fc5-9af0-44a8-bf21-5e840b7820a3,"[(6, 9), (36, 52), (53, 127)]"
b9614c47-897a-4a90-be20-6f10114d7af3,"[(0, 0), (10, 11), (14, 161), (163, 299), (403, 487), (489, 1029), (1040, 1043), (1054, 1098), (1100, 1102), (1107, 1113), (1116, 1243), (1246, 1256), (1260, 1262), (1267, 1271), (1278, 1281), (1287, 1293), (1301, 1307), (1309, 1704), (1716, 1909), (1918, 1919)]"
66803d05-0eed-4818-99da-e8b4f5394cbc,"[(794, 797)]"
eafbd281-f8ff-4e87-8ae7-9350707c44f5,"[(0, 763), (792, 797), (806, 810), (812, 925), (1003, 1062), (1086, 1087), (1095, 1096), (1097, 1098), (1109, 1110), (1133, 1136), (1159, 1160)]"
6feb3e14-7ea5-46ea-9cd6-21f354bc94d6,"[(218, 273)]"
8da2b14e-0b95-43d1-adbe-368520c4e661,[]
ecc0ab30-e22a-46bb-99c5-3c6f09abcd50,"[(0, 0), (19, 326)]"
d7e192c4-6e40-47ff-a298-bbc8ecb8332c,[]
944c043d-9fef-47ea-8082-fd945cabf611,"[(0, 0), (84, 88), (108, 387)]"
d36b3eb5-6e92-4310-9154-b0fc3575d0b5,[]
9eadd2ec-cac2-487b-9f22-3e2eaad5fa8d,"[(0, 0), (6, 7), (24, 27), (40, 41), (87, 96), (99, 135)]"
d4f5aecd-3d97-4644-b4f9-0f1aeccfd1bf,"[(0, 53), (68, 143)]"
c8f24f85-32b3-4591-8909-36db12406137,"[(0, 0), (2, 3), (66, 132)]"
2c4f2eac-31b5-4505-8481-818666377db4,[]
eee14a72-70f9-43c3-9d56-165e26521299,"[(0, 0), (22, 50), (52, 174)]"
f3c91b47-c231-483b-a103-f0ba54afff93,"[(0, 127), (129, 429)]"
35e6412e-60fd-4391-bb96-94129975ab9b,"[(0, 95)]"
0fbfb20c-7ea7-4019-a919-d641cdfa941f,"[(0, 0), (20, 21), (55, 274)]"
bd79311a-1cb3-4f2c-8f87-03d89f75f26d,"[(23, 27), (31, 41), (55, 59)]"
828f0c5e-5487-4d16-b833-e0a0c7428a11,"[(109, 113), (363, 372), (382, 384), (385, 389), (414, 428), (441, 488), (490, 540)]"
055da7fb-1f5f-4859-bd46-1e63d9dd790e,"[(31, 36), (40, 112), (922, 927), (1053, 1088)]"
e8ca39d1-c0f3-4e84-b4db-024f2facb792,"[(0, 0), (24, 155), (169, 170), (207, 224), (234, 243), (304, 469)]"
231cd18a-0111-43d7-845a-c19546b5181b,[]
243760d9-b033-4238-a5fd-93b47ea11a3a,"[(3, 27), (151, 167)]"
ed2ab88f-4aea-4f30-946c-fbbcce80b104,[]
11c5b377-159e-45e2-a4ab-d202aecb12a6,"[(0, 16), (25, 478), (485, 594), (616, 721), (726, 797), (816, 821), (826, 840), (846, 996), (997, 1013), (1037, 1041), (1047, 1052), (1055, 1099), (1103, 1199), (1323, 1335), (1356, 1358), (1387, 1409), (1426, 1441), (1443, 1592), (1594, 1695), (1697, 1727), (1732, 1741), (1743, 1849), (1854, 1875), (1884, 1898), (1900, 1903), (1905, 1917)]"
397d11f3-8525-438d-8ac1-3f9726b78baa,"[(0, 19), (81, 295), (297, 313), (323, 339), (415, 500), (560, 568), (575, 0)]"
62a685d1-9e93-46a9-948a-0e41c1139ee2,"[(20, 88), (187, 191), (301, 381), (398, 400), (407, 469), (497, 528), (550, 606), (609, 656), (693, 697), (745, 771), (778, 881), (978, 997), (1003, 1006), (1012, 1040), (1046, 1139), (1140, 1167)]"
2e59ee11-730d-4494-8e4d-b0ce64567a50,[]
ebdde31a-fd8a-4926-93e3-d51f3d4c16fb,[]
699ac42d-64b2-4d9c-afbb-1809b6f09b35,"[(0, 0), (19, 54), (55, 174)]"
084b83e2-f5e4-4442-9abf-4432e7a0fdce,"[(20, 29), (30, 115), (246, 257), (264, 282), (287, 294), (323, 376), (431, 448), (458, 472), (517, 520), (555, 593), (594, 597)]"
4266eb2f-df35-4820-97be-f64a2e1e7ed3,"[(79, 97), (98, 115), (156, 179), (182, 188), (272, 277), (280, 291), (303, 370), (507, 529), (538, 548), (554, 586), (588, 705), (983, 1058)]"
784bd2db-79a3-4ce9-9803-303cf9c605c5,"[(163, 166)]"
7d1b0970-fbaf-44d3-aab2-01a5ee8f22f4,"[(0, 1), (5, 255)]"
e12273a7-3022-4566-95c2-4f3e6499d07a,"[(0, 146)]"
6f7e7e8c-7906-409b-93a1-d10bb666ccc9,"[(222, 260)]"
68ceef19-7d9f-4898-9250-bdf5f87a9032,"[(710, 713), (720, 724), (812, 818), (832, 845)]"
125885a5-a110-4a9f-b43a-580914a864e9,"[(106, 135), (136, 233)]"
fae7ecb6-31e3-4adf-987a-7d750d611756,"[(93, 146), (150, 175)]"
3fa80abb-a811-4951-b037-e989971c2c80,"[(14, 140), (178, 181), (186, 189), (195, 202), (204, 261), (289, 393), (395, 449), (450, 488), (530, 545), (546, 569), (616, 622), (651, 656), (657, 686), (687, 775), (777, 890), (893, 917), (1088, 1089), (1092, 1105), (1113, 1248), (1309, 1317), (1517, 1518), (1525, 1531), (1538, 1556)]"
65a92389-88e9-48ed-b86c-40fcc63f52bf,"[(0, 135)]"
b39ab9ac-0a28-400e-b072-3f4df4c0aa7f,"[(2, 50), (60, 77), (103, 104), (105, 107), (255, 282), (284, 285)]"
4e45d2f1-7f01-406a-a748-b4d0bcc9788d,"[(90, 108), (146, 148), (182, 224), (225, 228), (231, 291)]"
7008c8b3-daf0-4a2b-b6a4-4d123010a5da,"[(29, 47), (48, 79), (82, 117), (119, 190), (191, 232), (237, 308), (366, 413), (424, 427), (442, 445), (463, 512), (514, 655)]"
718fe3d3-23f0-4767-b6ec-3bed15732160,"[(0, 16), (59, 127), (129, 136), (137, 200), (512, 528), (529, 574), (579, 606), (608, 625), (645, 723)]"
4a089c7f-e1eb-4613-b600-a7cb02d3538d,"[(124, 362)]"
9070c416-1247-4d58-9f2f-d7052bd0083a,"[(0, 14), (24, 39), (40, 177), (178, 288), (481, 486), (536, 559), (560, 569), (583, 588), (592, 593), (609, 697), (792, 813), (818, 829), (842, 854), (949, 953), (965, 967), (979, 1012), (1035, 1065), (1097, 1140), (1239, 1302), (1304, 1376)]"
543a5a89-45b1-4c69-8d4c-63dc2e5369ff,"[(0, 444), (448, 581)]"
4e8abb32-df3a-471f-8016-5de0b0cb54c6,[]
e1176353-2058-4bac-a7f8-44d533be0111,"[(0, 888), (1000, 1001), (1103, 1104), (1162, 1186), (1250, 1251), (1337, 1342), (0, 0)]"
4f19c14e-9628-41ac-881a-fd5011cfb1b8,[]
4cbf5101-d4df-4cb0-b421-9e642b50f63b,[]
f51aa0e8-2d55-4600-8a0f-0a7fd6ed67ba,"[(0, 59), (70, 75), (368, 401), (406, 413), (421, 443), (450, 467)]"
73be1f4c-1ce2-41b4-b856-b228dbd255e8,[]
b4ab73c8-7ce4-44df-86f4-610208170c41,"[(0, 25), (26, 33), (37, 39), (41, 72)]"
9eb931f6-cb64-44c7-afbd-ea98b51b8c57,"[(475, 515)]"
02b57292-93b2-41f8-baf8-bb14e7e1a18a,[]
44a4df4c-985e-4f2a-a792-fda463166b98,[]
8e084a61-8070-46c5-8809-be40b9b6a1aa,[]
ded570f8-321e-4f84-84ad-7d08f56b1129,"[(81, 94), (105, 140)]"
d819bfb9-8765-43f7-ab5c-447b6641508a,"[(0, 18), (21, 158)]"
349f8411-22b8-4045-96e0-d6963b76d02f,"[(250, 374)]"
2d37adb9-7b3d-4cca-a3bd-2826cfda0d72,"[(78, 133), (183, 235), (237, 340), (341, 347)]"
17303a8a-f36f-44c3-9826-50561506a27e,"[(0, 226), (238, 247), (251, 257), (261, 286), (289, 385), (387, 398), (406, 407), (410, 438), (442, 462), (480, 500), (530, 544), (552, 559), (565, 935)]"
e07f1e9c-0073-43d9-b966-4f72f55ac404,"[(2, 25), (26, 167), (185, 198), (208, 209), (211, 249), (250, 298), (299, 341), (344, 366), (370, 392), (396, 539), (542, 608), (609, 628), (630, 704), (714, 756), (765, 889), (897, 936), (1201, 1231), (1411, 1416)]"
a9298325-968d-4b26-8fb2-a5323b4b4912,"[(2, 4), (9, 22), (129, 165), (171, 204), (253, 257), (365, 462), (472, 495), (770, 791)]"
4a4ca378-fdb1-4820-9ae8-56b73043163f,[]
ef7e115b-a0e6-4c8a-b7d8-098d53014421,"[(0, 89), (91, 113), (115, 168), (341, 437)]"
ea4e0879-c295-4c22-8fbb-5e273d8335d6,"[(55, 77)]"
99466995-fc09-4180-b9d0-db62a06d9ec3,"[(0, 231), (233, 290)]"
d1766d9b-e74d-4197-964a-ded8cbc7800a,[]
f3640aa4-3e1e-4a96-ab30-0de45c0b3d55,"[(0, 96), (159, 1296)]"
048e758d-82fc-47e2-8549-5d2297b31f96,"[(0, 107)]"
b02b8aee-ace6-4d02-bdf7-b3430941c883,"[(0, 0), (133, 238), (241, 752)]"
35f75d9c-11b4-4b28-bdff-1fc47734fed5,"[(0, 0), (48, 330)]"
e5867bd8-bf85-410f-bb06-4974f9a59e13,"[(0, 0), (22, 23), (24, 25), (27, 106), (139, 176), (208, 326), (328, 484), (488, 627), (630, 638), (640, 641), (643, 725), (728, 1014), (1018, 1019), (1021, 1022)]"
250283ad-1cec-4bf5-b445-33c1b8b207fa,"[(0, 156), (270, 283), (287, 431), (446, 470), (692, 720), (722, 970), (1098, 1113), (1135, 1143), (1150, 1171), (1181, 1182), (1189, 1230), (1243, 1252), (1563, 1735)]"
adc177a0-9076-4b58-8399-8bceed344923,"[(17, 45), (46, 97)]"
5645ec07-2f5f-4ff1-b292-e09f0e70890a,"[(12, 47), (51, 54), (64, 65), (868, 901), (1066, 1074), (1080, 1123), (1131, 1199), (1540, 1557), (1564, 1572), (1608, 1620), (1624, 1627)]"
85145b80-0088-41ee-98a1-99d851ab4a1d,"[(27, 131)]"
2dc59789-e101-4634-8ae3-f141711d3e0d,"[(38, 139), (152, 156), (159, 176), (189, 212), (262, 269), (403, 406), (489, 517), (539, 541), (562, 584), (585, 705), (712, 837), (928, 933), (934, 937), (1004, 1008), (1060, 1061), (1069, 1076), (1197, 1200)]"
7a12dba9-d95d-465b-bd6d-14efcdd84b10,"[(0, 5), (25, 30), (461, 565), (568, 598)]"
a9687180-e6fc-44c8-9eab-a39d03c3f068,"[(0, 283)]"
aaf8b13a-4068-4390-b68b-258fc5be5270,"[(0, 128)]"
b02554a7-cf34-45c4-950d-1f930df33e16,[]
4412f85f-1217-472c-a246-7105ccc9c234,[]
e5b0e2ab-d932-417c-8048-acfd9a1f9b1d,"[(1, 39), (47, 71)]"
6e22a008-7487-4c6a-9220-f7e17a8ff86e,"[(108, 169), (170, 205), (207, 260), (284, 290), (352, 354), (499, 528), (536, 565), (1331, 1361), (1368, 1370), (1385, 1386), (1397, 1409), (1882, 1901)]"
9b671d04-1ca1-48eb-a03f-a78401c2ccdb,"[(103, 122), (134, 180), (181, 225), (226, 415), (445, 461), (465, 526)]"
bdbcf678-d25a-47b4-a35c-48c1644b52e3,"[(259, 264), (268, 280)]"
acb2173a-839c-48e4-812a-e240880942ab,"[(22, 65), (69, 86), (91, 102), (111, 126), (131, 151), (223, 224), (228, 242), (244, 246), (264, 272), (299, 307), (339, 385), (387, 416), (417, 492), (511, 519)]"
ac7818dc-3115-4714-bb4c-ee07539bc4aa,[]
4339a591-196c-4120-b18a-657d297a7514,"[(3, 162), (582, 594)]"
c454a9fb-4053-4b22-95ee-bbd0c9a54435,[]
111f2959-2c86-41bb-9a76-0f837ce84bd4,"[(127, 133), (506, 509), (511, 545)]"
0c301879-6dfc-4111-83b9-6311e4a068de,"[(0, 0), (37, 187), (190, 193), (215, 286), (303, 307), (311, 312), (315, 335)]"
556e974e-87e1-4e41-9370-f7463e88c091,[]
d174f6a0-da8b-4942-9cf5-3e40d01fafa9,[]
76709a99-5d7d-49d5-9a71-56eb119448c2,"[(0, 8), (74, 134), (154, 156), (166, 268), (270, 411), (413, 416), (470, 471), (503, 533), (541, 551), (559, 642), (648, 738), (744, 807), (838, 868), (871, 897), (1327, 1377), (1378, 1408)]"
03f14813-bca4-40a4-8a91-e61803bfb80e,"[(0, 83), (92, 98), (143, 173)]"
24eb4d62-f7eb-4b29-8343-be6216f1c841,"[(4, 41), (60, 202), (203, 340)]"
9f664a20-5cc4-4d3f-bbbf-153c5cfca65c,"[(0, 0), (9, 78), (92, 122), (132, 0)]"
c2f43952-3ec6-4f4c-a0c0-5865e474c9cb,"[(0, 0), (66, 141), (144, 308)]"
ce434878-7055-46d8-a6b6-53f4648c2e4b,"[(519, 520)]"
f35077c5-032d-48d5-96bd-a518c1e18956,"[(3, 68), (77, 93), (115, 119), (281, 284), (289, 298), (302, 396)]"
cc3cba76-e257-4cc1-bccb-7a01dbba4005,"[(0, 45), (195, 259), (261, 262)]"
736b6883-454b-47ad-9c92-d92032e1eb59,[]
369647d6-030c-4012-9a3f-c12425536d18,[]
029c39ab-f71f-44d9-889b-fb62c1dd3b86,[]
91db8b17-531c-4831-aac2-b8c4548270fe,"[(111, 154), (158, 176), (177, 186), (187, 207), (208, 290)]"
909436fb-ec87-4b5f-bdb1-9afe07f8e0a5,"[(39, 64), (66, 100), (108, 145), (158, 160), (164, 171)]"
9f9772e1-989d-4449-ae0a-2a81c83dc3ba,"[(2, 36), (37, 263), (455, 458), (877, 881), (903, 974), (979, 1099)]"
0c6743f4-b978-4af0-a458-25f724f65312,"[(185, 214), (215, 245)]"
a29abeb1-47c4-4416-88ed-0c00e7779d72,"[(48, 77), (96, 97), (115, 121), (136, 146), (189, 260), (261, 292), (301, 369), (375, 390), (719, 754), (842, 854), (876, 1235), (1239, 1247), (1248, 1286)]"
4de7d80d-95a6-4cf8-8981-5373e06d261f,"[(0, 96), (192, 196), (204, 205), (213, 218), (222, 229), (305, 306), (313, 716)]"
91b38e0c-ebd3-4e3d-8f64-b6088a999167,"[(0, 54), (78, 142), (378, 409)]"
a68f1d11-4d64-44cb-b3bb-75ef39980550,"[(4, 31), (43, 76), (78, 198), (221, 253)]"
51ee08c3-4429-4fc6-a00f-7855308658b5,[]
d8ffabde-2240-4309-8112-2a186d80ebda,[]
12fa1b68-217d-4f23-8f3f-a2d7c5c42f16,"[(50, 76), (79, 149)]"
dfb710fc-90ca-4734-bee1-3a52f2093fa6,[]
2e3e234d-ecea-4de0-83d1-a4eea446ac9a,[]
99d3aa71-f037-4a23-9e73-6c2da67a966a,"[(0, 111), (139, 140), (195, 1236), (1272, 1273)]"
8300e623-972e-4a46-b38e-a210b5d85e8e,"[(0, 0), (68, 218), (242, 382)]"
57de4475-65e9-4e82-892e-bbc5656075ff,"[(0, 571)]"
72d68632-f369-46c7-8879-4862754cbb0b,"[(4, 59), (113, 127)]"
b9deca2a-eee9-4d12-9abd-24b4dcd8b66d,"[(44, 50), (554, 581)]"
2dfd3ef6-73bc-49d2-8322-b858ec0a33fa,[]
48d85887-138d-4a49-9e2e-f3c7f247f9be,"[(24, 117), (118, 169)]"
01dbdc20-6263-4655-9172-ee364c8683d9,"[(0, 969)]"
bdb06f6f-d9a5-42a9-bb2d-fe119ef90558,"[(0, 87), (90, 152)]"
32b042ea-5153-40dd-a379-ee5a66f08fcf,"[(88, 126), (127, 134), (144, 156), (165, 168)]"
95a32428-51b0-4dd3-b612-fdf390c36faa,"[(0, 0), (61, 109), (131, 504), (521, 527), (530, 547), (550, 825)]"
40badb29-9316-4955-8dc3-69c6e26f7dc8,"[(0, 0), (2, 21), (62, 63), (122, 123), (151, 506), (508, 581), (674, 888), (949, 980), (987, 1015)]"
1accd5a6-3c45-4f00-ac28-07d8bc6f2b38,[]
013d5c5f-4944-4ae4-b2bb-2ca9639faa2e,"[(0, 24), (80, 123), (125, 136), (143, 156), (261, 284), (296, 310)]"
483c0282-50db-4471-8eec-4ca6316b1d6d,[]
ddb65830-f9fa-413f-bd16-9a098046ced7,[]
82f52b66-62d1-4bd1-a795-91c27307c371,[]
62881bb7-e27f-4f60-b5b3-1b528f29626d,"[(0, 88), (89, 119)]"
d405d476-0660-434a-b873-b913ea51cbad,[]
8025fe21-1d0f-481f-af3e-54a675835321,"[(0, 118)]"
503d6e41-6c03-44b5-b4f9-1e764932c283,"[(0, 248)]"
6b0e2c9a-3fc5-4320-8b8d-9a95068c7da4,"[(32, 38), (59, 72), (87, 125)]"
75df80ad-dab8-4ce8-ab01-e55f14ba2834,"[(0, 60), (63, 86)]"
1c22d461-0315-468a-b9e2-48e84ac4cd87,"[(0, 64), (72, 76), (171, 172), (228, 229), (233, 239), (242, 243), (245, 252), (266, 272), (279, 301), (315, 325), (331, 338), (344, 345), (348, 656), (841, 845), (873, 986), (995, 0)]"
a05548fa-4d44-42a0-b2bb-400574dc11cd,[]
db0e5f46-40b5-41ff-96c9-176f6d7a987b,"[(249, 273), (281, 299)]"
255f27aa-aa26-4894-8020-2c0615953f09,"[(3, 17), (51, 64), (77, 84)]"
29287ec6-7943-4596-8c41-39c6a54b1638,"[(161, 188), (292, 317)]"
c69e727b-a426-4478-8c2f-38b89027d639,"[(0, 218), (221, 303)]"
55b9c413-3df2-455f-8c94-ba6bab91e9eb,[]
1d5f7a78-d0bf-40e8-b52b-434351c2db16,"[(30, 38), (44, 57), (66, 69), (74, 77), (83, 99), (120, 198), (199, 314), (315, 507)]"
ff3ee08a-4e04-4234-8b3f-4010e36e03f0,"[(62, 79), (113, 116)]"
7de8c069-e5ac-4f84-b31d-3da8847a5371,"[(358, 385), (398, 405), (411, 445)]"
ca4d002f-16dc-406e-bd5e-81730fc6adad,"[(0, 1), (3, 4), (5, 6), (41, 46), (56, 61), (66, 138), (169, 170), (172, 229), (231, 418), (448, 449), (454, 487), (489, 594), (598, 617), (619, 645), (648, 882), (894, 900), (923, 962), (1052, 1053), (1081, 1082), (1125, 1282), (1291, 1299), (1369, 1387), (1389, 1403), (1408, 1855)]"
014557c2-27f8-4909-afca-af5bf0b7e20f,"[(0, 0), (58, 290)]"
8532104e-d0a0-4e10-82d7-7d4b2fb3df27,"[(0, 589)]"
dc005221-44d6-40aa-8e1b-6304ff452a19,"[(0, 0), (32, 104)]"
80937783-3e3b-483d-b1ee-a71d3c8b6b87,[]
107d5593-baeb-4b10-bcf2-919e2da4a5a6,"[(15, 36), (50, 55), (58, 85), (93, 119), (120, 127), (141, 222), (229, 279), (296, 306), (405, 410), (418, 419), (465, 468), (469, 476), (615, 653), (679, 697)]"
21e9467d-1a81-4b36-92cf-2d76a5248354,"[(63, 73), (120, 125), (331, 336), (337, 342), (360, 361)]"
edc26486-280f-4aa0-b594-f818fc184285,"[(0, 99), (116, 289), (302, 383), (387, 395), (398, 413), (416, 429), (432, 463), (466, 517), (520, 1155), (1157, 1239), (1245, 1250), (1308, 1309), (1353, 1354)]"
8fc216bf-c1be-4998-add7-ff826f62565a,"[(0, 0), (44, 310), (349, 350), (371, 376), (379, 397), (402, 403), (410, 441), (444, 638)]"
0f82d115-ffa5-4ee2-9846-2ebb6bf7e324,[]
b76a96b2-59ae-4a97-957e-9cc2090edaff,"[(359, 376), (381, 404), (413, 415), (421, 439), (462, 468), (471, 496), (689, 695), (707, 780)]"
14275ee3-a302-4726-8508-300d1bf0cd9d,"[(0, 6), (7, 67), (93, 104)]"
ee14a831-03fc-439d-8fff-f1a858c98d89,"[(43, 50), (127, 159), (160, 241), (247, 349)]"
5e8f6dbe-d0c6-4aea-9f35-63beecb06db9,"[(86, 109), (110, 111), (124, 127), (136, 148)]"
9b901238-ec54-450c-ba71-a3c2f3759a94,[]
8b2f6c9a-be78-4892-bf47-eee51513d0fc,[]
c77a90bd-0e40-4ca1-a658-030f4b06d93e,"[(22, 84), (103, 111), (302, 358), (363, 364), (367, 425)]"
d6f2aee1-655c-44d6-bea9-f749202daed5,"[(0, 188)]"
8199eff4-54a0-413b-b99b-6c8bd30d8888,"[(0, 150)]"
125317b4-1881-443f-bb55-76b099c425bc,"[(0, 0), (70, 90), (109, 208)]"
8aa63fe4-3ae6-4d37-b17a-68da15b469f1,[]
ded604da-1d9a-4f79-9470-44afe9f4ae6f,"[(138, 140)]"
49467333-6d47-49e8-9d4b-86df5f63a658,"[(0, 1), (2, 3), (66, 67), (68, 241), (243, 254)]"
6ba88f5f-209e-4c0a-9173-7898e207b93e,"[(0, 239), (312, 348), (591, 592), (596, 600), (607, 609), (618, 633)]"
efbe570f-6dc2-416e-839b-b4456f1b918d,"[(602, 686)]"
d4600ed3-d687-409d-9176-ed8624a20c7b,"[(29, 90), (92, 123)]"
e3fceaa4-9154-4f28-b3f9-6bfa13813722,[]
8846445d-4c77-49dd-bd54-273c33383f7b,"[(0, 84), (125, 126), (127, 149)]"
6ed18b80-e76d-445b-90ec-ddccf4699b44,[]
7d2ea7c4-70cf-4cd2-8196-e5c8ef7d3e50,[]
8e56c45d-3a35-4196-afc3-9ea73dab1bd7,"[(220, 245), (259, 278), (358, 397), (399, 404), (417, 445)]"
c690c433-8e87-4b1f-ab13-2ca4de6c9a20,"[(0, 1163), (1168, 1195), (1197, 1723), (1728, 1796)]"
1439fdf0-71e5-4510-a443-9b3198bcacd8,"[(0, 38), (39, 128), (650, 666), (1114, 1426), (1427, 1692)]"
9bd42434-5e86-405a-bc61-147556c68d43,"[(0, 164)]"
cb1ec277-8304-433f-85a4-772694f93c1e,[]
6f7aa800-d7cc-4f69-9999-8e980ae842b0,[]
cf693d0f-5166-47e2-b88a-ef20f5ce5522,"[(88, 90), (136, 146), (147, 158)]"
7aa4ea22-e430-460f-b277-50f4c6d54f1c,"[(0, 64), (76, 208), (210, 307), (325, 348), (350, 364), (414, 415)]"
662f6d21-0ecd-4e8f-8eff-68b5215c9024,[]
791afe87-297f-42e0-b54d-94da5a1d3d99,"[(4, 86), (90, 197), (284, 343), (352, 353), (428, 432), (437, 454), (491, 493), (584, 590), (599, 627), (745, 765), (1349, 1389), (1420, 1430), (1434, 1436), (1444, 1574), (1576, 1600), (1604, 1607)]"
c5294ee4-fd49-46b6-871f-e0aa0a988874,"[(0, 158), (171, 407)]"
6c2f884a-7a2b-406c-8126-4f6fee8d16be,"[(0, 204), (217, 300), (312, 325), (459, 548), (577, 603), (808, 814), (827, 844), (861, 932), (936, 1176), (1178, 1189), (1484, 1496), (1500, 1503), (1528, 1532), (1873, 1901), (1948, 1959), (1967, 1971), (1974, 2009)]"
cc8ec60c-2c42-452a-b703-b1edccbdce1e,"[(826, 829), (1340, 1354)]"
4acbd0d8-ce2d-4a01-88f9-3b373f2647e2,"[(0, 161)]"
fd01cbe7-60fd-4993-98ac-2b5d5fafc80d,"[(0, 58)]"
e9fb0f2b-4c8c-4a35-8c22-31ae80b7d7f5,[]
4ae51dda-7105-4af5-9bb0-eae2dca7f90f,"[(0, 58), (59, 78), (245, 396), (440, 449), (647, 680), (681, 705)]"
8119c2de-2c23-4e70-945a-0b7b085a5fa8,"[(33, 92), (116, 130), (159, 191), (192, 211)]"
04092093-e7ed-4891-94a4-9cc4d717cced,"[(24, 35), (439, 473), (476, 512), (545, 554), (700, 706), (708, 711), (715, 788), (790, 952), (961, 984), (1013, 1014), (1140, 1160), (1422, 1433), (1437, 1443), (1476, 1519), (1521, 1639)]"
badd65e7-372f-4884-9477-0119f06b80f8,[]
c0879df5-6a36-459d-9234-03c89fb00a20,"[(0, 29), (35, 39), (97, 112), (116, 121), (129, 156), (161, 165), (239, 364)]"
a30f60ef-e316-472f-bd8c-38963887a665,"[(0, 532)]"
a74a690f-56e8-48ec-b76e-b49afc44395a,"[(122, 138), (142, 156), (158, 182), (192, 198)]"
9a2bea7f-5942-4356-8b55-0c1f1fb8c945,"[(0, 52), (70, 73), (79, 108), (240, 242), (254, 262), (266, 330), (331, 368)]"
05db1214-d861-470c-a1b3-0810dae21703,"[(69, 120)]"
b9b2a948-0731-4f76-8638-2c1c884066a3,[]
9cf3c967-3d94-41d0-85f2-6839be3eda85,[]
63a09f5b-b53c-41e5-a332-2ad897b2789a,"[(0, 408)]"
bcad8db7-0d0c-48e0-bfbf-e8943061da3b,"[(218, 237), (622, 678), (821, 835)]"
7c0a537b-dd29-4faa-b88e-167da211a8ea,"[(0, 80), (371, 438), (439, 609), (731, 737), (746, 751)]"
ed82cc22-9e8f-4c22-adb2-1da79da6f9a8,"[(0, 96), (123, 197), (205, 206), (215, 216), (230, 231), (288, 322), (483, 572), (591, 608), (641, 645), (656, 687), (696, 774), (776, 792)]"
0f876174-191e-4f31-883f-e77a6665d478,"[(0, 159)]"
83e8b3bb-df7f-46f4-baba-c2f346fa5aaa,"[(4, 45), (47, 183), (184, 191), (196, 275), (280, 290), (292, 343), (380, 400), (409, 411), (419, 449), (467, 518), (520, 555), (607, 608), (611, 693), (695, 856)]"
9cd35665-8a4a-4bd8-ab32-4924a3ee4878,"[(0, 14), (49, 106), (121, 222)]"
a7ffe2cd-e405-40f8-b8e2-0bf468ea11a7,[]
c7815d47-fc6c-41de-b4bc-67f99b87f334,"[(0, 0), (31, 32), (70, 78), (92, 129)]"
8effbbf5-74b1-486a-b8a6-87ae8679caec,"[(0, 5), (8, 12), (13, 97), (98, 126), (277, 474), (491, 540), (680, 743)]"
08b81b17-4b9a-439b-b676-5adc8ac81528,"[(208, 238), (242, 245), (252, 253), (254, 259), (311, 318), (325, 326)]"
cb8f719d-2e6f-4ee5-bc54-fb5a171a6746,"[(32, 41), (45, 54), (105, 164), (204, 211), (353, 376), (425, 439), (446, 555)]"
afc6ec06-7e8b-4f96-baeb-054edcc3b888,[]
90adc32a-6879-4a16-aa57-8313c2480ea3,[]
fc660f85-4e8e-4b0c-b766-0f0b52072c09,"[(0, 539), (556, 561), (593, 600), (602, 628), (657, 1551)]"
e0ed0636-41be-44c3-b4ea-3f0f5ae298e8,"[(0, 486)]"
e79930d3-7d89-4f87-86f4-b1430cc7356c,"[(0, 188)]"
cdd1a087-d3d4-4b3b-b5b0-6260cab62d31,"[(0, 132)]"
76b48a15-ef77-4c4b-9966-b75b02c096e3,"[(111, 114), (118, 119), (122, 128), (144, 149), (151, 159), (266, 309), (352, 366), (369, 375), (387, 402)]"
b717bf66-81a2-454c-802b-2d3c53d88f26,[]
9dcb6d63-2b54-4a0d-a56c-82b02a733a52,"[(0, 21), (32, 33), (171, 213), (215, 263), (266, 382)]"
fc286e53-955d-4ff3-aacf-ac58a7dff3ae,"[(36, 38), (54, 86), (378, 384), (411, 478)]"
e3fd77d0-3395-4e7c-8589-c02a4e44efe2,"[(0, 1), (2, 393), (438, 439), (448, 451), (453, 487)]"
f5fa9f48-f284-4cdf-a286-80ee64293161,"[(0, 0), (76, 216), (238, 239)]"
6ffa2f41-943c-4303-b6cc-8570cd5a2551,"[(4, 7), (13, 24), (28, 45)]"
d3034d7f-2cf4-4c90-8c95-eadcb6f088e0,"[(74, 117), (178, 183), (184, 198), (204, 227)]"
c43b10a2-a506-4895-ab00-67de088ac3c4,"[(25, 29), (33, 38), (48, 61), (71, 206)]"
813b7c54-edef-4b9f-be5b-91165f2f1c0a,"[(0, 138)]"
9b7fcd29-e14b-4308-bfe4-02dac29952a5,"[(85, 91), (214, 217), (223, 245), (246, 250), (255, 257), (327, 337), (340, 348)]"
c69e812f-45a8-45a4-a590-4280d3cd1c21,[]
611d96e4-06b4-4319-bf08-c8b5a7aa8363,"[(0, 82)]"
d21cc987-17e9-40fb-b41a-a5bdc3548c39,"[(0, 1), (2, 154)]"
65ba5513-f2c9-491f-9349-27e05eeaeae3,[]
c8e0b890-eb2d-491a-a245-8cccd6ed099b,"[(0, 1), (16, 124)]"
0682dcdd-da7c-4e28-b0ec-d87bffe885f1,[]
e5ce0fb5-440e-419f-9720-7a5f77d5df92,"[(0, 0), (33, 95), (0, 0)]"
f260adf3-9871-4943-8d1c-74bd27aed9df,[]
7916e831-1578-4161-b92a-27d14e146f8f,[]
53395a41-b2f4-43f0-9993-8f607f51267f,"[(0, 390), (572, 573), (623, 624), (647, 648)]"
07b4760c-0b5e-4c7b-afd9-a35dbc3aeaf8,[]
a7060811-0d77-49c4-a6f2-dcbe0abd14ff,"[(56, 60), (66, 100), (192, 238)]"
5073a4ff-fd37-4a0a-a870-62f0af2b7b57,"[(0, 0), (26, 293)]"
e42cf12a-5b6a-4b2a-a311-d52dfc41c5ad,[]
6ee8943f-f2a6-440b-bd1e-0dfc875b2138,"[(0, 0), (13, 715)]"
32219688-f433-48cd-920e-58e1e5d8af22,"[(495, 520), (544, 649)]"
4886e177-c052-4f14-9db8-a58d0e179aff,"[(0, 0), (26, 27), (37, 105), (168, 184), (194, 257), (259, 260), (261, 592), (593, 826), (832, 845)]"
b784f696-8cd6-4ffd-b2a3-90ef13fde9ac,"[(46, 80), (249, 256), (264, 283), (287, 316)]"
d13321a6-84e9-4346-baea-9ee519b3fd2f,"[(76, 201), (207, 226), (227, 231), (232, 242), (263, 268), (272, 299), (374, 377), (520, 541), (592, 595), (658, 661), (695, 696), (705, 713), (719, 728), (761, 771), (775, 786), (801, 921)]"
2e3d9795-3561-422a-8f81-e9e38380f056,"[(0, 0), (86, 331)]"
e2b7b1aa-af9f-4ea9-90c2-1a907d0bf9a6,[]
ed1a47d2-05ee-4f1c-ab98-7a6d21f1a96a,"[(278, 282), (295, 308), (367, 383)]"
f13530dc-c9a2-4e28-8e41-2e1f0780a9c9,"[(0, 103)]"
240fbb4e-972c-46b0-a42c-98f4e291059f,"[(0, 1), (70, 118)]"
77c75272-2944-4d14-83d7-7a7e8e692fa6,"[(0, 0), (16, 19), (26, 65), (102, 235)]"
ff789193-5ca7-4e48-b15e-8cbe5f0916d1,[]
548cd185-0ce3-42c7-a18a-be7a7af7fbcc,"[(154, 272), (275, 415)]"
58e042c5-989d-4373-9743-a911b77db8d5,"[(0, 0), (42, 111)]"
8c0a53b4-8ff4-40da-939d-da953c43c371,"[(0, 0), (82, 306)]"
f577c81d-f95b-4c8b-80e6-2476ae55a2ce,"[(5, 47), (59, 62), (133, 169), (170, 281), (376, 383), (399, 479), (487, 613), (1012, 1080), (1090, 1092), (1121, 1180), (1181, 1187), (1384, 1404), (1406, 1417), (1425, 1540), (1546, 1702), (1734, 1744)]"
64d029c3-40ed-4772-a1d6-06a4aa26d93d,"[(0, 436)]"
31a18961-c3db-45a2-b9a5-3141c0036ddf,"[(0, 84), (88, 99), (105, 107), (114, 126), (153, 156), (360, 374)]"
05cd7cfd-3e12-4455-a30d-6789401530d5,"[(380, 386), (392, 408), (418, 432), (433, 518), (522, 559), (832, 920), (937, 939)]"
b7ada3f0-1f6c-42df-b3d3-0df991347ff7,"[(19, 57), (73, 87), (98, 119), (126, 221), (222, 342), (343, 355)]"
fcf25f34-6103-43b8-a126-d70cea7057fd,"[(0, 0), (8, 62), (67, 123), (127, 208), (210, 266), (299, 300), (303, 380), (384, 539), (543, 718), (725, 726)]"
3c0321eb-2575-4967-a2e5-0b69bccb0670,[]
7b5c59c7-351c-4649-bfe7-a7b15d64f639,[]
c9b1ca37-9160-46c5-8008-fea4249a58c8,"[(0, 119)]"
5455c7e2-0e4e-46d6-8af0-622cc7be6782,"[(88, 96), (174, 178)]"
68351747-6aca-47ac-985b-9f89ec4737be,"[(0, 0), (34, 66), (80, 115), (159, 181), (194, 276), (283, 311), (312, 351), (353, 737)]"
f93478b2-74f8-499c-8523-41cded961ffd,"[(3, 122), (124, 166), (167, 218), (219, 464), (487, 504), (514, 538), (546, 551), (558, 559), (574, 579), (582, 595), (596, 622), (624, 751), (765, 775)]"
4928f6fc-f170-49b5-abcd-b475eefd8b81,"[(0, 17), (19, 67), (69, 172)]"
a55b1322-0842-4cfd-939d-213beba8077e,"[(0, 40), (74, 84), (90, 258)]"
b4472690-7d38-4b77-84f2-5b06b633ced3,"[(0, 31)]"
866856d0-8646-43a5-a07d-e00b9f6a74e6,"[(0, 0)]"
42fa27ef-9d67-49ed-b20c-1f2ad3644b78,[]
0d9e5d00-c72a-4cde-8858-25d9a7a3b152,[]
58adc819-773e-4190-836b-13a023c97a24,"[(75, 173)]"
7457b614-af0e-403e-881e-15e8f19fda6b,"[(0, 0), (87, 253)]"
99979c14-ad64-4ad0-93ba-df2f906bd26a,"[(3, 13), (242, 247), (250, 294), (343, 367)]"
606ad564-9a71-40be-a890-3b34ce53dde2,"[(0, 74), (77, 133), (134, 135), (137, 143), (150, 151), (163, 389), (397, 680), (686, 794), (822, 823)]"
80753eea-ce0e-496a-a542-30ffb8a1f55b,[]
9becec86-1dc2-47de-a646-4f958aa0b43a,[]
fb8f1272-9c9f-460a-ab00-7af488ce630e,"[(42, 123), (125, 184)]"
99ec6ea7-aef0-49fe-b7e5-48c228e5623a,"[(646, 647)]"
360ab767-75ca-4b49-85d6-a4d6338c54b3,[]
f114f6ec-222c-48c5-9ac5-a6cff5449b5f,"[(0, 0), (86, 152)]"
9cca6e42-46b9-4fdd-b6d8-2f9bc19ddb11,"[(0, 57), (59, 340), (342, 359), (367, 383), (386, 1348), (1364, 1375), (1378, 1379), (1405, 1870)]"
52c1e55c-90e5-4f2e-9a9d-b30ecd5791ea,[]
a96f229b-f162-446e-85a6-aea48dd601cf,"[(0, 188), (0, 0)]"
e5f06046-afb2-4937-ac9a-9967ebd27fbe,"[(0, 0), (1, 302)]"
8d04300e-15d7-4095-af67-4b45b1b99a1a,[]
f95bef44-893d-45ba-9c03-7c335649ef46,"[(0, 35), (111, 145), (172, 240), (477, 483), (486, 525), (527, 597), (740, 786), (877, 890), (891, 931), (1180, 1206), (1208, 1260), (1261, 1383), (1384, 1438), (1439, 1551), (1552, 1696)]"
b984f7a1-0731-437b-b871-2a99482cb303,"[(4, 15), (16, 56), (60, 64), (68, 83)]"
b4b3d7b6-51ca-4b48-8103-3fbabff010a6,"[(0, 1), (3, 8), (10, 163)]"
b107c6ff-4b42-4da2-9188-0b4af836669a,"[(0, 1), (6, 56), (58, 236), (239, 250)]"
74b5d74c-cd3e-4112-bf23-1338d2c4d0f6,"[(0, 197)]"
671eeb1a-0e47-46a6-b5f3-f57f5c3e690d,[]
7e5dd995-4c15-4ecc-aae4-75f68b2947d4,"[(229, 249), (259, 265), (267, 292), (296, 301), (307, 311), (317, 319)]"
bb262ccb-008f-41cd-a034-851b3df2cb3c,"[(1, 8), (9, 13), (179, 215), (289, 353), (930, 934), (1360, 1466), (1468, 1481), (1516, 1571), (1599, 1705), (1878, 1879), (1880, 1926), (1950, 1974), (1975, 2067)]"
5798f18b-ce7c-40fc-9e86-41f930697517,"[(53, 64)]"
3ba5483f-5279-4c61-9847-63f33faad50f,"[(351, 364)]"
040260fc-c38c-4618-9b4d-5e2e39c75388,"[(3, 59)]"
fa12abc7-076d-46a7-aa8d-5ef876fae843,"[(27, 42), (43, 66), (74, 102)]"
0d1cd7a5-3591-4aa2-83b8-ab4ff74936a7,"[(0, 35), (71, 152)]"
dcd9a80c-be9b-4c5a-b7c1-99b7c4c6aa9a,"[(0, 53), (54, 57), (62, 99), (101, 114), (125, 133), (134, 193), (195, 203), (209, 217), (359, 408), (409, 489)]"
089770cb-4488-4b27-8047-96dec47bd299,"[(0, 84), (104, 130), (137, 141), (150, 398), (400, 435), (442, 446), (454, 457), (468, 489), (635, 636), (739, 742), (791, 1301)]"
5f0af31c-876b-4e77-a237-4f68777bf9e2,"[(0, 0), (141, 160), (170, 214), (217, 0)]"
7299548e-0608-458d-b0ce-b4d36fcadd9c,"[(765, 815), (820, 847)]"
6f391e5a-cd41-443c-b883-8d63e72435c0,"[(148, 156), (161, 182), (190, 196), (205, 209)]"
656ef8e2-4db2-4118-afa1-9f3922016457,[]
4ab2bda1-3e8f-48f9-b2c8-8b4c185fa212,[]
2f9ee3ab-62c5-4eb9-b0dd-9fb8d1583ff4,"[(7, 84), (309, 338), (417, 444), (573, 627), (628, 640)]"
3fdc3ab9-1713-46df-a7f9-3d2cfdb249a3,"[(12, 56), (68, 105), (154, 354)]"
1e166962-89a7-4593-b9f3-81aed411a814,"[(4, 21), (650, 651)]"
7d12d879-3059-45a7-aa64-bcdfd3aa458e,[]
eb5fb59f-7293-41ce-8484-8652d9803e0a,"[(42, 125), (129, 209), (237, 362), (416, 471)]"
0c37f899-1c8f-462f-ae54-79ddda73eef0,"[(56, 73), (75, 88), (91, 279), (636, 641), (1164, 1195), (1204, 1223), (1228, 1233), (1241, 1277)]"
389ca0eb-104e-4d99-bd51-504b79f7ac0a,"[(0, 180), (182, 283)]"
a7bd4b0d-7d97-422e-a6aa-b96248df9099,"[(178, 183), (201, 203), (211, 242), (298, 313), (320, 324), (374, 393), (411, 414)]"
9d14d2eb-7ca2-4c01-b1a7-b7ee68a3035d,"[(94, 169), (238, 242), (245, 291), (368, 376), (377, 390), (391, 416), (417, 519), (781, 892), (1476, 1592), (1600, 1770)]"
82584f75-7f3f-43c5-a495-f02bbcaa5196,[]
a80e7c29-250e-45a4-86d7-1f949dc0b9fb,"[(269, 278), (280, 302), (305, 309), (332, 402), (926, 954)]"
5366d8da-d5b6-475a-b7ca-8ac299f148c7,[]
6eee2390-493e-41ee-812b-ef6bdc411edc,"[(0, 129), (167, 168)]"
b2d5ef7b-84d1-4673-99e4-e36d15f97c77,"[(0, 82), (116, 387), (389, 392), (394, 395), (396, 397), (399, 400), (403, 472)]"
90394f68-ed0f-41c5-8138-982cd172a94c,[]
163cd25f-34a0-4cda-8344-2ce9ccf79b49,"[(68, 194), (291, 386), (392, 394), (397, 400), (408, 433), (437, 441), (445, 456)]"
a4d8cf02-fb9b-4aaa-928b-0d78c00f5c10,"[(144, 155)]"
d60b274e-8fbd-46e2-a6d7-2a8e6d375ceb,[]
5cf2733e-42ab-4ac3-92c2-b6b81384e752,[]
c6c602e5-c704-437e-85c6-ced923b9e018,"[(0, 0), (53, 54), (93, 175)]"
7d3f8788-785d-4625-af6a-cdd55bcd2a74,"[(185, 188), (237, 242), (385, 403), (431, 447), (456, 466), (470, 473), (576, 579), (618, 619), (632, 635), (636, 643), (649, 652), (751, 797), (799, 805), (809, 811), (815, 828), (836, 851), (861, 1011), (1013, 1014)]"
77ee2eca-f0eb-4af2-aeea-04da61a976be,[]
3c334e36-7c27-4be7-a9a5-a1fb9f2748d0,"[(324, 364), (378, 384), (385, 428), (431, 433), (439, 445)]"
e8095ddc-25e2-4d4c-9112-498bf424f409,"[(0, 81), (93, 121)]"
9637b040-cef2-4c0b-a53c-01385a8a734a,"[(0, 15), (19, 27), (30, 36), (41, 51), (60, 61), (74, 180)]"
8542ca57-f760-4523-bbca-8b918abc9260,"[(481, 508)]"
8596691a-2083-4ed5-8222-e8686f1cb9a0,"[(0, 59), (293, 337), (369, 379), (390, 395), (423, 424)]"
21301097-2d4f-4a84-a559-b35ab2d9a690,"[(0, 2), (5, 9), (16, 17), (21, 165), (205, 206), (214, 261)]"
565a3557-c669-49f4-b59d-ec322cb511f1,"[(0, 2), (5, 22), (37, 42), (48, 144), (147, 426)]"
7ba26bb5-78d7-40e5-b39a-2c6db96b8799,"[(0, 37), (79, 95), (100, 615)]"
9e5119d4-ffad-4152-bb1c-bae887f0d950,[]
29a92c0c-1450-44b6-afde-b041902dd8f6,[]
b1cbd9be-8404-44fa-998e-33a2e09c342d,"[(0, 1), (3, 67), (75, 106), (116, 125), (132, 140), (147, 165), (172, 188), (249, 355), (360, 361), (408, 412), (521, 524), (541, 579), (590, 593), (596, 629), (638, 671), (678, 679), (702, 989), (1009, 1115), (1118, 1145), (1153, 1169), (1222, 1543), (1549, 1559), (1561, 1768)]"
88422a83-12e6-48c5-9b84-dc47df20ec43,"[(0, 2), (8, 23), (24, 42), (43, 52), (66, 78), (86, 170), (171, 181), (184, 213), (215, 276), (278, 363), (875, 877), (883, 889), (892, 958), (1272, 1275), (1320, 1332), (1337, 1370), (1371, 1475), (1508, 1518), (1617, 1625), (1631, 1655), (1657, 1672), (1673, 1780), (1787, 1822), (1828, 1876)]"
9b451964-5b21-4f7b-a185-000b40c3c457,"[(221, 289)]"
60e4db3b-ed47-4d2a-a372-ffc2ca45e610,"[(0, 36), (40, 44), (54, 61), (92, 154), (180, 181)]"
5c9ffd2b-83c7-4431-8e1d-76cf898460be,"[(21, 26), (30, 35), (47, 52), (56, 60), (76, 140), (194, 206), (209, 215), (223, 224), (228, 229), (238, 284)]"
c8205703-198e-4c8c-9fc5-18cf6f0d03b2,[]
a69e8531-497d-461d-b5ee-6693e505a6bb,"[(412, 415), (453, 478), (480, 481), (492, 497)]"
226435e9-7661-4396-92ed-edc2090ae826,"[(318, 345), (349, 355)]"
bde38efa-f265-4376-97bc-ea757e080d88,"[(0, 3), (38, 42)]"
fbfa1b07-9b18-4e9b-abf3-ab94403df920,"[(5, 44), (69, 79), (80, 193)]"
e154f16d-dd2e-4097-81a4-d47c21fa19c3,"[(30, 153)]"
ae6a6e36-aced-43df-beb7-77e0066d328b,"[(0, 15), (17, 48), (53, 55), (138, 162), (185, 199), (218, 302)]"
4357aef3-a62c-471a-ab26-a99ed450a06b,[]
eed563c9-fac8-4d5e-877d-b76a0a321f97,"[(1192, 1224)]"
2c08f4de-e9df-4a8d-8f9f-40f13332fdd2,[]
de195d79-47f8-4e77-a322-9cc8a350ea68,[]
4d07b6f2-a05e-45da-aaaf-7b2bebe3fbf4,"[(0, 82), (138, 160), (224, 236), (243, 262), (264, 268), (271, 277), (284, 306), (307, 337), (341, 373), (653, 658), (660, 670), (675, 685)]"
6a282b6b-cab3-4b61-bc27-0e9c47340b75,"[(0, 28), (150, 188), (189, 199), (201, 276)]"
6b85baaa-2912-4aa5-90ae-bd28491486d4,"[(206, 298), (301, 302), (303, 338), (339, 386), (387, 428), (437, 439), (445, 451), (469, 533), (535, 581), (582, 607), (652, 655), (737, 800), (801, 831)]"
128ab652-ac45-4ac6-862f-d7fff95133f1,"[(0, 0), (40, 347), (350, 384)]"
134f6b19-e69f-4a27-a606-64e82fe819d1,"[(996, 1018)]"
87c03e37-d261-406a-a523-be0987c29c57,[]
856f2765-4407-4e29-970c-a4a759e7b60c,[]
d12ad0a1-5802-42c7-ad17-512ebe3dde47,"[(24, 30), (31, 60), (117, 125)]"
da7fabb4-0bd4-42d8-9d58-fc2e1a228a63,"[(0, 31)]"
76a582f3-b0e2-4018-8f16-19bae84952f5,"[(0, 23)]"
b2760a7f-5fa7-462c-9376-396ee9edacf6,"[(79, 250), (429, 443), (464, 523)]"
7b786256-bd5e-47bf-98b6-651794d72cf3,"[(18, 32), (72, 104)]"
fa7c93e3-d9b1-4740-9d4b-d55194a7b447,"[(59, 73), (81, 118), (226, 314), (342, 353)]"
dbf7903a-2d84-44f1-a892-38b1761ead23,"[(748, 765)]"
82cc91ec-6fa7-44b0-ba61-0ac45478b5a0,"[(83, 137), (256, 272), (377, 383), (387, 423), (426, 432), (436, 545), (869, 878), (896, 1002), (1003, 1046), (1077, 1122), (1172, 1187), (1194, 1235), (1288, 1301), (1345, 1359), (1392, 1406), (1410, 1441), (1470, 1474), (1570, 1587), (1591, 1610), (1614, 1688), (1727, 1740), (1752, 1766), (1898, 1903), (1966, 1991), (2126, 2140), (2149, 2150)]"
5e732c36-4771-4f84-a3e1-e5e2532331ce,"[(1567, 1630), (1631, 1645), (1806, 1827)]"
17e690ec-099d-4cd5-8e66-33fe0ab9c15e,"[(30, 56)]"
d72b77ad-9915-40db-98cc-6059a223a22b,"[(0, 94), (110, 116), (119, 160)]"
342d1fc6-a056-4472-ba09-6964a476fac3,"[(0, 168)]"
7d4edef4-4146-460b-a967-0d8161496d1c,"[(0, 97), (100, 245), (256, 257), (271, 272), (283, 284)]"
6946d1ce-831b-4e3d-b794-c94a5615fae4,"[(0, 205), (232, 233), (266, 267), (290, 292), (303, 304), (307, 343), (350, 379)]"
99d0a316-f127-4388-8a5d-d6c03c1b8d35,[]
adab40b6-810c-4e93-ad46-681e9520a341,[]
7c0f47fb-47d1-42b1-a15f-59cee6cb7464,[]
6c608cd0-6f5a-42a2-9a17-13aedf56be2a,"[(0, 12), (60, 64), (84, 85), (86, 87), (90, 170), (173, 258)]"
a26c572b-991e-4f1a-a847-0229bc8916fd,[]
7820639f-94b3-44f2-bce5-40f3ac786812,"[(56, 78), (428, 470)]"
10197a90-9c54-403e-a04f-b56550fcc537,[]
be0df57e-a4b0-44d4-93f8-ae98c25257b9,[]
07a45b51-f4c9-41ba-bb48-6406769f6211,"[(213, 228), (244, 250), (745, 812), (1037, 1043), (1092, 1093), (1181, 1194), (1195, 1217)]"
48f317bb-233b-4b4b-bb0d-06f9a891ce30,[]
f8fb63cc-256d-4761-be91-de59fbe4effb,"[(602, 607), (723, 919)]"
0dd09b47-4d8d-4a55-bf6b-6c99ac28cfbb,[]
2264d468-b641-4250-8b27-453fd62026e1,"[(0, 0), (37, 219), (222, 381)]"
97d22a3d-418a-4f43-ae56-45caed934947,"[(0, 632)]"
b979853a-cf61-49d9-b2f7-a286f2e1c902,"[(0, 25), (30, 66), (67, 88), (90, 161), (162, 163), (165, 174)]"
1aed7554-fa8b-4d04-9814-34eff526fbfd,"[(0, 1), (65, 113), (114, 184)]"
74339cba-c33c-4c86-9357-7dc0121874e3,"[(27, 33), (77, 112), (114, 134), (270, 325), (417, 583)]"
5dddd784-b66b-435c-ba02-4203445ad4b9,"[(51, 109)]"
27df161d-9def-4956-8ee2-b6d063f41b00,[]
84733172-01f7-443c-8ce3-3051a14763dc,"[(0, 0), (19, 315)]"
2e10c15a-3cb1-4c1d-a92b-bca7585e0a24,"[(0, 4), (9, 22), (27, 156)]"
2d8216fe-f8e9-413b-b355-630372735694,[]
3665a5fe-117f-48a4-9893-08798f769660,"[(0, 263)]"
7537b0c7-63a7-47d0-ac78-0a7bac49e5e3,"[(48, 52), (86, 99)]"
0d9cc8cb-c557-47e5-8a45-a3ff19040acf,[]
43bc4bd6-65d8-4a09-a2fe-7c8367686fb7,"[(0, 0), (71, 72), (115, 232)]"
a8f31a36-2026-4077-964b-2b87079c835b,"[(0, 30), (55, 66), (73, 77), (188, 249)]"
d7c34d4d-25dc-4a70-adb0-ffb38b514aec,[]
7932a72c-cf1e-4b8a-b652-191590fbfc8a,"[(0, 1), (19, 20), (25, 295)]"
5a1df1d5-912d-4904-b593-e5443286394e,"[(0, 19), (44, 74), (131, 145), (146, 154), (170, 192), (1572, 1573), (1627, 1959), (1960, 2003)]"
7eec8dd2-0bcb-4675-a85a-6bf0ce459fe3,"[(0, 103)]"
90105cd1-d416-4bf4-ba9c-2dc6e824ac11,"[(0, 279)]"
ce310bb3-7bf4-4793-bf81-423eb5238e09,"[(3, 20), (26, 45), (46, 247), (251, 396), (398, 430), (447, 453), (500, 512), (514, 550), (557, 585), (680, 747), (797, 926)]"
51560e27-01a7-4c97-ae48-92ed403d6489,"[(3, 29), (321, 353)]"
704ca68c-4846-455f-a216-00faa536b726,"[(0, 0), (10, 296)]"
6f84357d-d735-4fae-8c9f-b7b73c4cacde,"[(239, 264), (265, 292), (293, 333), (336, 581), (593, 599), (605, 756), (771, 780), (787, 816)]"
04915090-03ee-4d75-9be5-ebc53bd6329b,[]
6d0c49ba-078e-476d-93c1-d811bd8e6798,"[(252, 340)]"
9ccc6c2b-752f-4757-b2f0-80e3f96d38ad,"[(368, 421), (427, 456), (466, 467), (474, 475), (480, 482), (491, 505), (575, 633), (635, 639), (648, 662)]"
2e831e8f-313d-4f75-bb6f-477fe919716b,[]
7679a1b7-9d5e-4ecf-af53-58df911d897b,"[(0, 0), (20, 209)]"
7981e1d7-cfa7-4c1f-8da2-6f986d2ab653,"[(63, 64), (74, 77)]"
ef6e950d-4e39-40e5-88f7-4228e40b4ad2,"[(6, 8), (83, 128), (173, 181)]"
1adbd872-7416-4796-9102-144c343a9d0e,"[(131, 175)]"
5d48c506-15e0-4230-b6ff-a8256016de62,"[(167, 236)]"
c4a2bc72-1f96-441f-94b8-3714e145e616,"[(52, 102), (109, 112)]"
52611284-5d84-40e6-8e31-3ef4ad3fe015,"[(81, 94), (95, 125), (126, 133), (136, 139), (153, 155), (156, 186), (259, 278)]"
39e07917-faec-46d9-9f04-5e779e4eda25,"[(360, 384), (385, 455)]"
fd8968a1-03f5-432f-9526-7f9205e0ebc2,"[(3, 10), (11, 19), (117, 126), (192, 195), (246, 255), (626, 631), (673, 683), (689, 703), (765, 774), (780, 786), (788, 800), (805, 824), (832, 911), (913, 1004)]"
463c4926-f45c-482e-890a-bfeb30dff942,[]
1c63ae34-914a-4dd1-9eb5-b9c99de7a398,"[(0, 25), (60, 179)]"
0fca3078-bec0-4005-b120-52b1c66c5edc,"[(0, 74), (76, 336), (337, 338)]"
f211d70f-732a-4678-8a13-dbad056b9f75,"[(4, 26), (41, 48), (106, 130), (136, 138), (180, 185), (193, 203), (210, 258), (259, 349), (350, 351)]"
c9689a82-f8c3-430c-b792-fb2ac3b45c6d,"[(4, 81), (85, 157), (195, 202), (203, 206)]"
5b72562a-d7d8-4b2c-ab2e-09a06da89fea,"[(83, 84), (95, 96), (143, 175), (420, 422), (490, 511), (565, 569), (589, 601), (608, 625)]"
0e94c9ad-b1ed-4267-ae4c-b07a13c578dd,"[(273, 514), (567, 620), (695, 705), (725, 729)]"
b861f45c-b38b-48cd-9fc7-74ca3e5f9af2,"[(0, 0), (61, 66), (71, 83), (90, 109), (116, 117), (132, 167), (174, 178), (182, 184), (210, 496), (499, 507), (514, 515), (521, 524), (528, 639)]"
154b5ce1-4478-48b8-81e3-1b42a7aebc38,"[(0, 108), (110, 123)]"
3abb3875-30f3-44d8-a80a-28024f4d0791,"[(0, 150)]"
055943fc-172a-4771-b0fe-7d9f319a72b8,"[(0, 70), (74, 85), (91, 129), (131, 171), (181, 182), (192, 198), (202, 207), (209, 318), (319, 357), (381, 389), (396, 403), (411, 420), (597, 637), (639, 642)]"
8c15d0ca-091d-4113-b46b-786450f0b650,"[(64, 69), (80, 87), (90, 98), (110, 117), (136, 144), (164, 172), (237, 298), (347, 516)]"
c404f4e1-e1b2-41d7-a812-cb62f5ff6866,"[(0, 29), (36, 40), (46, 95), (100, 124)]"
9e469842-c91c-4d8a-b679-08dd9162f15d,"[(268, 292)]"
291bf788-e9a4-4df2-ab59-bdbb66f2eca2,"[(2, 90), (93, 103), (105, 156), (157, 158)]"
ffdbf9bb-a4ee-4ae2-b3bf-6083f9d0f041,"[(35, 44), (48, 61), (64, 65), (79, 83), (84, 126), (130, 158), (162, 179), (194, 205), (207, 210), (213, 214), (231, 335), (431, 447), (622, 635), (648, 663), (664, 674), (714, 726), (930, 957), (1052, 1064), (1075, 1142), (1199, 1207), (1490, 1532), (1546, 1554), (1572, 1578), (1583, 1585), (1594, 1604), (1795, 1808)]"
21c1d4af-6896-451f-ac64-93c1cec50892,"[(0, 0), (3, 6), (10, 145), (148, 152), (188, 795)]"
e65eaeba-9882-491e-9518-920720f6ea8a,"[(0, 17), (18, 54)]"
f7b355ac-9878-4b75-8436-3a80e3fbe690,"[(207, 233), (234, 254)]"
7656db6c-e76d-4c5e-975b-926e752b0415,[]
5142a7b1-d5b9-41f6-97a8-eda93589cd1d,"[(0, 387), (413, 414), (436, 469), (472, 595), (598, 606), (611, 1015)]"
0fe763f0-9b6a-492e-8427-a9690d666ed1,"[(0, 392)]"
e5561ac1-fe57-403b-a2fc-43ca50ebd4c3,"[(0, 0), (7, 126)]"
a641def8-90c9-4d8e-9ec3-0c3e850569d1,"[(0, 0), (10, 18), (30, 186)]"
783056ba-0933-4224-80ee-07d30bb169ec,"[(0, 1), (3, 208)]"
99f2237c-2fc7-458c-89ba-d5391ff43542,"[(36, 79), (80, 90), (92, 124), (126, 134), (140, 143), (159, 168), (176, 211), (317, 326), (339, 350), (352, 495), (497, 498)]"
8218e801-700e-41b8-b064-5b8ae603ec46,"[(0, 0), (22, 28), (58, 944)]"
760421a3-5a00-45e2-842e-9d98a0514710,"[(32, 37), (42, 63), (65, 76), (81, 105), (123, 131), (145, 150), (166, 174), (249, 258), (270, 276), (280, 287), (302, 305)]"
1a0693d0-d63a-43f1-a3d5-2a55ec6d70b7,"[(304, 307), (311, 319)]"
4003f271-da29-4fa0-855b-4c79adaa018c,"[(0, 0), (16, 40), (44, 101), (105, 221), (225, 370)]"
d378d6c1-eb55-4c67-8c88-2aecd30d0e81,"[(0, 15), (19, 101), (102, 106), (108, 203), (279, 285), (297, 318), (355, 385), (394, 396), (418, 422), (479, 509), (513, 525), (538, 599), (604, 675), (683, 788)]"
ac3b4602-edb3-4130-8630-acb2485a783a,"[(23, 29), (50, 57), (66, 74), (77, 127), (128, 179)]"
eff1f8cc-0df4-4408-adf6-8c564c55ca11,"[(631, 771)]"
ea2547eb-0df7-4a34-bf73-4d6e25d157a4,[]
64f07c58-ecfb-4c12-918e-b25383b829ea,"[(100, 169), (170, 192)]"
e358e415-9e01-4e27-bea5-429c00c37d4a,"[(0, 35), (48, 50), (64, 65), (84, 146)]"
e9451b15-33f1-4227-9d9b-5f669bd057ec,[]
e2c9964f-c6ab-4719-bd3a-30fccbe97503,"[(0, 89), (115, 608)]"
fe35ba04-4e33-4c64-b0b2-f22f4aebbeb4,"[(34, 35), (114, 115)]"
4d36efb8-480a-4a6c-a5e4-0a361746f198,"[(0, 0), (10, 412)]"
33679803-adaa-496e-ab62-8f11ce9b8e1e,"[(0, 1), (4, 207), (229, 305), (329, 385), (387, 490), (494, 499), (504, 507), (525, 526), (528, 575), (596, 664), (681, 754), (778, 829), (848, 922), (926, 944), (948, 957), (971, 1010), (1014, 1018), (1022, 1060), (1150, 1203), (1238, 1242), (1250, 1278), (1339, 1342), (1344, 1347), (1365, 1429), (1450, 1489), (1491, 1539), (1541, 1565), (1569, 1574)]"
ddfd398a-fe86-4dff-b59f-5ef68ef26a0d,"[(23, 31), (32, 45), (47, 52), (56, 59), (60, 80), (83, 93), (158, 159), (167, 231), (236, 272), (277, 317)]"
3df137f3-7fa7-4fae-ba52-3cf6d7effa16,"[(0, 3), (4, 9), (110, 118), (120, 130), (175, 193)]"
9b740727-977e-4060-b9b9-cbfdd281cd85,"[(2, 37), (39, 59), (71, 80), (97, 99), (107, 114), (749, 777), (1404, 1406), (1426, 1439), (1604, 1608), (1637, 1638), (1644, 1817)]"
dd9016a6-4eb3-47b0-9c7d-8274a6109308,"[(677, 682), (695, 703), (901, 962)]"
6e2eccd6-17dd-420d-b495-352810d41a02,"[(0, 46), (49, 56), (58, 107), (109, 170)]"
cd2d9145-3baa-4c98-9798-9faac4656b63,"[(53, 112), (119, 184)]"
6acfc72e-e3b3-454b-bc95-8871c74c86f9,"[(0, 28), (108, 139), (144, 360)]"
035408e0-2164-470a-8795-f4a9495505bb,"[(0, 135), (144, 168), (215, 219), (223, 281), (288, 359), (399, 402), (420, 449), (520, 527), (537, 539), (565, 571), (572, 915)]"
15482ad9-23df-44e6-813c-85fb345e4d59,"[(3, 202)]"
fd5844f9-77f9-4b79-9828-e162ccd56152,"[(407, 409)]"
6481e23d-f45f-4ad5-8cbe-3eecd2ccb0c6,"[(149, 150)]"
a8d1b4dd-5a79-4640-9971-fdc54e58d642,"[(5, 21), (22, 142), (215, 230), (291, 296)]"
68517208-2b96-4cef-a801-713f8e9c94a8,"[(29, 63), (77, 115)]"
2ba3f08f-6b95-48ee-8960-21aacd12d1ab,"[(2, 7)]"
2a18c2fc-183e-424f-acbc-28e9348d2127,"[(96, 126), (183, 323)]"
aa088319-559a-4d66-9cf3-012c2a003c42,"[(37, 41), (48, 55), (60, 66), (156, 172), (226, 360)]"
1f137c09-19f6-40cd-b028-a1d83c6ce876,[]
b779361e-97ab-40c4-92bb-e48ea886b043,"[(0, 17)]"
cfc19152-dfae-4ef1-ac0b-329e2a28057f,"[(60, 167), (429, 434), (439, 441), (448, 454), (659, 666), (675, 697)]"
2e97d9dd-7e32-4bea-9d4b-6266f7b2c849,"[(80, 106)]"
f450267e-1e37-4a66-931b-3291f8617ebd,[]
14c6f37d-b9ca-47a9-ac1c-9ad4d066528b,"[(2, 13)]"
8c430ae1-3744-4015-a488-1d59862d262f,"[(46, 52), (61, 77), (80, 175), (183, 194), (211, 222), (228, 230), (241, 244), (270, 371), (408, 434), (441, 470), (471, 477), (534, 541)]"
cfcee74a-e9f4-4404-8cfd-9b3ec066fc50,"[(0, 0), (2, 57), (64, 660), (678, 685), (700, 1577), (1597, 1603)]"
24c5a197-61d0-4342-b61e-4d7024aec2ee,[]
c55c02d2-9686-438b-ac8e-9ed4bc935a2e,"[(290, 451)]"
f109a0c3-cc5b-41b5-8a08-4e4be93ffdb2,"[(8, 26), (38, 56), (89, 98), (101, 109)]"
a2e32e37-0852-4524-b071-a1388fda058a,"[(0, 0), (43, 61), (64, 72), (104, 114), (117, 158), (161, 166), (176, 198), (213, 239), (252, 309), (320, 340), (343, 444), (447, 821)]"
bbac9d3f-c663-4cbb-8463-6039f375f71b,"[(428, 470)]"
ff23d844-3fdc-48b8-ad57-5d72dc8843a2,[]
84b283c0-c98a-40ed-b64d-6034535bc566,"[(0, 249), (289, 290)]"
df8cdc06-10e0-4811-bb85-65d380914167,"[(5, 50), (53, 61)]"
8b3a367c-9ff3-4637-baa5-58c9de855018,"[(46, 49), (65, 66), (101, 102), (133, 181)]"
47433845-b109-4f63-b621-c6942bb2e6f9,[]
d6e6a30a-23f0-4741-9317-88d7b0270d98,"[(257, 302)]"
1eb84210-a2fb-4cec-848f-1e300b190e5a,[]
7618af37-afd1-4d6c-902e-5f86aedbc796,[]
3c09d7f2-0dc9-4cc2-8870-06e18a8fe5cb,[]
4a01b838-1253-48c9-b233-6edf7f58c9a2,[]
15cfaf1a-84d7-4ae6-95ec-bf092c37f125,"[(0, 80), (81, 97), (161, 165), (203, 343)]"
1e70f4d2-9682-43cc-ac0a-7b07e5061c56,"[(850, 865), (866, 871), (876, 879), (881, 933), (940, 961)]"
337d67b4-ef23-48f6-b272-a68a561ad3d2,"[(0, 727)]"
e17f9f2c-8bbe-4391-abae-f1b3c54563ea,"[(152, 344)]"
a2daa614-c8ad-493e-8ec0-2c064886ba55,"[(0, 58), (93, 105), (112, 189), (203, 208), (225, 313), (318, 356), (475, 476), (496, 506), (513, 514), (526, 535), (540, 641), (789, 0)]"
8d6385ea-ac2f-4a29-8040-17dc4f1076c9,"[(0, 120)]"
0ba89943-815a-432d-a23b-c54b65c50dfb,[]
44826401-e1bb-4e36-a4b3-c279fd837074,[]
6ecb3cd7-c52b-40fc-b517-bb76af90f42c,"[(59, 333), (340, 459), (460, 482), (489, 568), (572, 573), (592, 604), (619, 624), (657, 756), (803, 834)]"
eb7b74b4-5cd1-46f2-b756-5b8952b88d7b,[]
15b71423-5d9b-4a28-aaaf-8b5658f0fce9,"[(254, 274)]"
297f6450-c001-41ec-bceb-3b00bfc11943,"[(0, 0), (2, 6), (9, 52), (60, 69), (90, 208)]"
cac28599-d607-4c98-8982-a17e7e4e5042,"[(14, 34)]"
ab30ef9c-c8e0-44f2-8cd7-0fdfcefb4a66,"[(135, 147), (148, 210)]"
ac6d67d5-0db8-4945-98a2-97876d80a13f,"[(16, 37), (38, 55), (58, 99), (104, 107), (115, 143), (146, 154), (158, 163), (172, 194), (197, 199), (219, 221), (222, 226), (235, 277), (302, 370)]"
8d293061-4869-412d-b9eb-2657615a5a4e,"[(48, 106), (133, 134), (193, 202), (205, 229), (410, 440), (442, 466), (468, 492), (494, 534), (536, 572), (574, 619), (621, 624)]"
a4c4eb97-4b5a-4e66-89b3-3e2388d5753c,"[(157, 202), (203, 204)]"
0e791788-8733-4f74-9dd6-d357a6404c51,"[(0, 120), (202, 223), (229, 240), (242, 270), (302, 306), (328, 351), (353, 377), (381, 471), (474, 515)]"
dbe79865-5bf1-498b-846a-9c7aa7fbb9ae,"[(90, 93), (283, 380)]"
5c9fc0c6-382d-4d80-b5cd-2205a9687596,[]
eaf3116b-7add-4fea-a8ea-b6d9f5ae47d4,"[(0, 1), (2, 36), (52, 65), (69, 72), (75, 138), (154, 288)]"
21e27bcc-6a18-495c-b701-3d87c211bc5c,[]
647375bd-94fb-42e0-9cc3-63fd3062f8e1,"[(89, 222)]"
c36a2263-6a2c-4b78-9d18-a29d5e9419a8,"[(0, 1), (185, 186), (267, 370), (382, 451), (457, 621), (628, 0)]"
3163c01b-3344-4ea8-ae5f-2ad316b82ccd,"[(3, 7), (12, 34), (72, 162), (165, 239), (241, 279), (280, 361)]"
9535d4ee-3eda-46ba-b4f9-994823d00590,"[(0, 175), (352, 459)]"
e1d2f8ad-7b1a-4b28-9a8a-c583546012b2,"[(47, 56), (145, 215)]"
43f34e9b-a34b-4eeb-bdd3-25d8a6881d9b,"[(416, 426), (427, 489), (490, 516), (517, 532)]"
87390991-f8d0-461c-bf71-fc0bf0aaa8fc,"[(5, 19), (20, 48), (84, 87), (91, 146)]"
1f1d74f1-50e4-4957-b467-bd6af3e06c7a,"[(25, 35), (48, 250), (254, 258), (259, 304), (305, 353)]"
60b549d0-b5a8-429a-bd2f-b1e596a63342,"[(2, 92)]"
e6e517fa-36e3-41b5-9e66-83de39e69d7c,"[(35, 57), (60, 61), (62, 74), (77, 371), (372, 385), (387, 402), (431, 435), (465, 469), (476, 496), (500, 584), (587, 707), (772, 788), (805, 861), (864, 871), (873, 1021)]"
eeeeb163-69f6-4b1e-b754-24035e2ecd7f,"[(0, 0)]"
24c0bef0-c342-41fb-805e-ba34ac53c8e3,[]
e6ee88a1-e32c-4ea0-8b08-ae1bb1c1ee46,[]
fef3cf7e-1cda-4cfa-a946-b7bddc9567a7,"[(4, 20), (441, 445), (446, 507)]"
fcf2c9a2-ea0a-46ee-8194-c6b59edeb8d2,"[(3, 7), (9, 38), (329, 350), (361, 412), (1341, 1414), (1415, 1449)]"
742bf757-d533-4329-84d8-f2ac10e1ad66,[]
22432e81-ac55-4ebe-a4e5-8e1568c52716,"[(0, 0), (40, 312)]"
94aa1951-1679-4e0e-922a-03747c02a1d6,"[(3, 13), (14, 22), (132, 140), (182, 186), (300, 306), (314, 323), (343, 354), (361, 364), (372, 375), (377, 449), (479, 488), (504, 552), (577, 604)]"
1e09ccaf-dc1c-4f7b-acf7-0282ffbb02a0,"[(0, 102), (138, 146), (188, 197), (201, 219)]"
2e9cc06a-0d05-4559-b783-8bc658b3671b,"[(74, 89), (224, 237), (238, 250)]"
4ed0363e-4dc6-44ac-b6d2-f3bff5373c56,"[(0, 102)]"
81bddbc6-dd86-4a6e-b358-a1a99cbd076b,"[(67, 103), (297, 442), (443, 461)]"
edcddb9e-4f0b-4545-b37b-d4587605e6ea,[]
7b687ddb-85d2-443f-a400-b3964e81508a,"[(0, 138)]"
c07f6a2a-ea9e-46a0-823e-fb3b1bb2251d,"[(61, 99), (149, 178), (187, 203), (217, 218), (247, 249), (473, 488), (508, 536), (599, 603), (608, 630), (864, 877), (880, 881), (892, 974), (1154, 1157), (1180, 1182), (1187, 1233), (1426, 1452), (1453, 1464), (1465, 1483), (1515, 1518), (1534, 1553), (1559, 1565), (1653, 1668), (1700, 1758), (1759, 1788), (1816, 1823), (1827, 1913)]"
a87a698f-f891-4f87-9abc-520ff1c65f07,"[(0, 217)]"
e8397b7b-885e-4e8f-aa0c-be3404ae3883,"[(0, 1), (33, 34), (40, 43), (64, 313)]"
7da5e5f8-81fe-406f-a94c-335c52cab217,"[(136, 179), (213, 216), (217, 221), (223, 228), (261, 276), (437, 455), (457, 563), (614, 630)]"
1ae29a3b-6f43-425d-bb5e-9be851a10bc2,[]
18bf516f-eb15-40e0-b436-b2ae15e67e0a,[]
9d84e5cd-d593-4cb9-9d15-457b9c43b0f5,"[(0, 0), (9, 173), (184, 185)]"
23af7fd8-c749-46a4-9cb5-dc0601e4cc80,[]
604f42b4-f0d3-48c2-9c21-6d8dd8c82d4d,"[(0, 0), (7, 8), (55, 56), (58, 66), (79, 228), (230, 231), (233, 234)]"
56aeef14-f46c-40f1-9605-29846ec09e30,[]
a846cd8a-1535-4627-8df5-b9ef89999f6d,"[(223, 264), (295, 306), (314, 336)]"
8406e47b-d4bf-47b5-82de-3b7b574135e8,"[(80, 126), (127, 165)]"
b12530bb-bd6a-4cc9-a445-63cadbc396cd,[]
aea6c243-56b2-4fb8-84be-e01327def6c1,"[(0, 0), (40, 43), (80, 700), (731, 736), (741, 966)]"
e80c5352-d1fc-4c09-95c6-afd5ed23eec1,"[(3, 64), (250, 303), (392, 481), (491, 526), (600, 614), (619, 621), (628, 639), (645, 646), (659, 667), (676, 683), (714, 715), (731, 756), (787, 836), (903, 907), (920, 930), (934, 949), (950, 998), (1003, 1053), (1156, 1160), (1212, 1286), (1287, 1357)]"
438f91ba-0fb7-4b1e-b0fb-4459589221c6,[]
8613162c-db90-4d38-ad64-8994314e7b77,[]
43e79000-952a-4d27-98f0-3aecfc0aaceb,"[(23, 121), (123, 129), (130, 173), (176, 181), (212, 218), (253, 281), (301, 311), (329, 330), (335, 337), (446, 453), (475, 541), (828, 909)]"
f9011772-2503-4f16-8148-9c3c7dc7efb8,"[(44, 60), (88, 95), (140, 149), (150, 170), (182, 184), (260, 297), (519, 522), (851, 854), (892, 900), (905, 930), (996, 1019), (1077, 1084), (1104, 1108), (1142, 1147), (1152, 1222), (1224, 1231), (1538, 1546)]"
a7037eb6-079a-4b7a-a907-e5e62c4e552b,"[(32, 43), (49, 60), (120, 216), (220, 257), (263, 292), (293, 294), (305, 323), (329, 510), (532, 666), (673, 678), (685, 687), (732, 790), (817, 976), (999, 1008), (1011, 1042), (1056, 1119), (1122, 1226), (1275, 1361), (1366, 1425)]"
d03b149b-5f23-4ad0-8e7d-4e79252ffd1b,"[(0, 15), (71, 134), (139, 140)]"
1b032d9d-9678-40c6-87f1-79c301fce706,[]
b76b437f-6a0c-4bdc-b153-90effc4f4dcc,"[(10, 280), (281, 621), (625, 699), (708, 728), (737, 738), (770, 772), (775, 777), (781, 787), (789, 790), (827, 844), (848, 921), (964, 967), (1002, 1013), (1018, 1019), (1052, 1054), (1156, 1341), (1347, 1360), (1361, 1371), (1373, 1404), (1407, 1413), (1420, 1428), (1430, 1440), (1485, 1486), (1605, 1619), (1622, 1659), (1826, 1982), (1986, 2020)]"
82fc66fa-e829-460b-bf9f-2964ff0bf28c,"[(81, 83), (89, 99), (129, 162), (166, 258), (287, 303)]"
109868d8-6edb-41e4-a349-cda313b35bb4,[]
4b02f870-5544-43ed-90d8-4d8388228f70,[]
4526810c-9874-44b7-a02f-afa0520d3392,"[(432, 534), (536, 567), (740, 742), (797, 838)]"
d805f356-eff6-4046-a611-293f55d97057,"[(0, 20), (24, 75), (77, 303)]"
17cfe1f9-34a6-49f3-8624-36ee4f416ca8,[]
da4366d8-59c0-4b0e-ab99-2c1c2a146233,"[(0, 110), (132, 341), (366, 665), (686, 687)]"
0b6ad556-59f8-4a1b-8a3b-ba68aa57b1be,"[(0, 2), (10, 94), (112, 139)]"
54a41713-5c91-4390-9e8a-86a0a5bd260f,"[(0, 101), (106, 107)]"
02217cfd-9370-44ca-be8e-471fc6b3a25e,"[(96, 237)]"
d975bf6e-04a7-4cd7-b50c-90779f688069,"[(0, 139), (191, 241)]"
bcee458d-df74-44a9-bd4e-9924a68d1eaf,[]
b24e3504-cc0f-47cf-b2ac-f46fb752ce7a,"[(45, 62), (230, 236), (240, 277), (351, 381), (452, 475)]"
71c90f99-a2a2-466e-8fe5-cd4ca4273e0f,"[(0, 17), (32, 39)]"
82806daa-f9d8-4ed3-ac40-c7d0897d1bb4,"[(0, 42), (44, 344)]"
69acd1c0-ebaa-4a3b-a991-d28b2fa917d6,"[(0, 1), (2, 117), (190, 193), (228, 237), (243, 300), (302, 541), (556, 558)]"
a59b106d-3f46-49d6-96ed-f29ca624abf0,"[(6, 37), (51, 60), (77, 79), (91, 113), (117, 142), (143, 167), (170, 194)]"
2af5a419-da70-43ee-b6e1-c2397cc88b0d,"[(148, 150), (161, 178)]"
fc1d777a-0392-4fcf-98bf-24e3a0d8c547,"[(0, 4), (32, 59), (61, 71), (75, 85), (103, 108), (117, 131), (190, 191), (227, 228), (234, 353), (402, 403), (471, 594), (596, 1064)]"
61da6f88-3060-46ab-8d81-33e7b625f154,"[(0, 132)]"
601caa59-7dbd-4e90-ba0f-490c78797332,[]
442dce05-4f00-4aeb-89bc-525f6ce8c9e1,"[(0, 3), (61, 81), (148, 197), (203, 211)]"
f59df837-23e1-434f-8916-df78ce34ed51,"[(4, 32), (33, 127), (128, 185), (414, 450), (456, 464), (468, 493), (494, 618)]"
9e37b1c4-8adc-4304-b2fd-e674049742e3,"[(2, 65)]"
512425d8-946e-4a5e-8ad4-97333c0a9e96,[]
dc6f11a5-21cf-4941-95ab-34f90c331a22,"[(80, 133), (135, 214)]"
9db6e443-9a30-4f53-a2e8-276874ff227d,[]
e6c816ec-05ff-47fa-8031-e64619d655da,"[(0, 0), (77, 89), (109, 234), (289, 295), (300, 303), (310, 346), (467, 603), (664, 665), (670, 685), (711, 742), (761, 1269)]"
72d8c4e7-323a-4574-ad81-2d711733e3fe,"[(0, 6), (10, 14), (72, 84), (89, 96), (482, 544), (557, 625), (628, 647), (656, 688), (690, 808), (818, 845), (849, 856), (858, 956), (958, 1034), (1035, 1065), (1103, 1134), (1135, 1143), (1682, 1690), (1950, 1999), (2035, 2045)]"
516eca6f-8d1c-46e1-b03d-c7d39810021a,"[(55, 58), (64, 105), (107, 115), (116, 159), (171, 212), (309, 368)]"
857e84e9-c5c7-4613-b452-bd39db4f68bf,"[(3, 86), (87, 116)]"
5239ccd6-0267-4e7e-bbde-cb9971edd16b,"[(501, 505)]"
4b110fc1-dca9-4a7d-bd28-96536e68921f,"[(4, 38), (48, 51), (54, 107), (279, 282), (287, 309)]"
e94261d3-ac7c-4c7a-91e2-b4ebe80b0134,[]
c9cae83f-547f-4f95-a1fc-d480ed20ee23,"[(23, 108), (123, 165), (168, 229), (257, 269), (350, 544), (583, 593), (596, 649), (659, 724), (924, 941)]"
5db3c8a4-c2aa-4c9e-828f-58efe64ea9b4,"[(0, 7)]"
cd0d4c79-424b-4469-9dad-1cc577039c8a,[]
9a40775a-7803-4502-9a4b-1b097a9a9176,"[(130, 153), (158, 169), (216, 223)]"
c3c48889-e279-41d0-80bf-e3632063778b,[]
f50fcc90-666c-409a-8b22-d9bc195d0950,[]
e202264c-9b8d-4c68-a934-875634ac9828,"[(9, 76), (383, 395), (397, 409), (1134, 1143), (1144, 1166), (1167, 1388)]"
5e2ee108-6ed4-4e8b-ae1d-b91b4c5b906b,"[(0, 109)]"
0f39115e-5487-465a-b4fa-e589bb371417,"[(97, 98), (102, 108), (158, 164), (175, 260), (636, 670), (825, 849), (860, 884), (947, 977)]"
8ca939f1-fefa-4e5e-bdae-cea1c59d16a1,"[(0, 0), (11, 14), (187, 195), (197, 249), (251, 268), (275, 277), (284, 314), (319, 358), (368, 373), (382, 404), (425, 824)]"
379affca-2732-4837-8bb3-d3b8731519cb,"[(0, 54), (144, 361), (366, 367), (373, 406)]"
305701e6-386d-45d5-809f-320a21018660,"[(14, 24), (66, 95), (96, 129), (212, 369), (370, 404)]"
5819c5bf-d4df-4c2b-9485-ec30ec75498e,"[(0, 67)]"
9082b53c-6b46-4bce-80fd-61c71f0a65a2,[]
e6e4a121-7ab7-4a88-b9db-ef293d169abb,"[(23, 42), (63, 68), (81, 88), (152, 153)]"
49b5b734-6aae-4a49-ab69-1e561f401f51,"[(0, 75), (76, 82), (1515, 1528), (1663, 1666), (1708, 1794), (1796, 1821), (1826, 1831), (1832, 1876), (1883, 1884), (2083, 2090)]"
3bab8481-701b-4241-b8c7-1e11bf976bf8,[]
fc76fcce-7b42-4947-a4c3-eea7a2c77228,"[(0, 1), (3, 4), (6, 151), (153, 368)]"
f428dfaa-cad1-4147-956e-4ca42ea70e86,"[(5, 7), (25, 40), (160, 182), (259, 272)]"
226240f3-023d-4dd0-b687-13e6f7058d65,"[(177, 180), (761, 763), (767, 775), (783, 793), (863, 875)]"
78fa3578-4f6b-42d5-b83c-8921dc6a2c2a,"[(0, 8), (106, 130)]"
6a48b59d-1039-40f2-86c2-5846bfb3b061,"[(524, 571), (580, 864), (1015, 1216), (1557, 1562), (1575, 1583), (1585, 1639), (1640, 1666)]"
d91662da-3aef-4f22-8d37-019ce2212e1d,[]
d7b65b39-c132-4834-8ca8-dc288d7c9480,"[(71, 78), (82, 122)]"
3f86eb63-19ee-4232-98c6-4beec985f044,"[(0, 87), (90, 91), (97, 98), (111, 156), (218, 375)]"
04d6b1f1-b1ed-4748-9b60-cc6247f1884c,"[(152, 189), (191, 246)]"
e5f20b21-23ac-43dc-97f7-7e9ce5b159b9,"[(107, 294)]"
388b2e3a-d07a-4d35-a18a-b7093d28c752,"[(36, 57), (109, 155), (260, 324), (450, 454), (463, 491), (551, 613), (615, 644), (645, 649), (733, 769), (874, 1247)]"
cc48f356-3b33-4531-b2e7-7531ce10c75d,"[(123, 175)]"
236291b4-e3c5-4880-871f-8159b2542f0e,[]
9d94e163-5d73-4c8f-b9f4-7e162fc7fe69,"[(0, 43), (47, 61), (72, 118), (120, 166)]"
18e92787-8f31-43ba-a17a-f874bfa7ca4c,"[(38, 50), (51, 105), (430, 449), (452, 542), (543, 731), (749, 781), (792, 800), (811, 819)]"
6db70512-e113-49c3-ae86-365a7ee30abc,"[(0, 29), (32, 63), (75, 81), (90, 578)]"
a2580b06-0844-4ac5-8a2d-bc205239847c,[]
c03181bd-b466-4bde-bc43-521026860ba7,"[(0, 53), (61, 81), (84, 154)]"
bfbc6833-1b05-4c2a-a32d-61c170d28fc5,"[(0, 98), (455, 474)]"
103666df-7bf4-4fbb-ab1b-8246f9945a75,[]
4c15e21a-8359-4df2-9393-43f092af960a,[]
f040958c-27f8-4919-a404-7903e3aed613,"[(1, 16), (93, 94), (153, 154), (162, 199)]"
83462f1a-1115-4458-82aa-32701fa83c6c,"[(71, 78), (82, 122)]"
30cfa507-7fe4-4a03-aa33-56152b1c1eec,"[(0, 0), (61, 66), (82, 207), (209, 249), (266, 285), (308, 691), (693, 694)]"
1a98a9b7-192f-47c1-9f8c-ebbb907f712c,[]
9f88902c-bb13-4f90-b797-46abff2ddfd4,[]
699f6632-fcca-45ae-97ec-293074181bd1,[]
a0f8234e-4d29-4f66-b406-40221a1646b2,"[(0, 69), (74, 111)]"
ff0a4aaa-be35-4cf0-b3d3-541cceae4d5a,[]
8fc00cd9-4f8d-4a22-b51d-8521fddae1cb,[]
bf98155e-a8c3-4836-9eb9-d671ffcbf104,"[(2, 23), (24, 73)]"
065348d5-5c52-4115-be36-4b7959308770,[]
295358b9-93af-46b1-8569-f419a7f0d2d9,[]
25bac846-652a-4b45-bc8a-2bdebee51d7d,"[(0, 350)]"
02f00a77-15fe-411d-8133-2d2582d04175,"[(29, 121), (139, 142), (224, 264), (341, 353), (355, 362), (463, 481), (570, 629), (630, 657)]"
20d24339-a444-48f2-a149-3054a050063b,[]
746041e7-36d4-4251-86bb-7c1b78399e49,"[(24, 60), (61, 73), (218, 221), (228, 293), (296, 379), (390, 404)]"
d0535ecf-089e-403d-adbf-e11954e19277,"[(60, 66), (82, 88), (100, 184), (376, 513), (514, 529), (553, 637), (640, 809), (810, 929), (934, 1205), (1207, 1226), (1227, 1432), (1433, 1454), (1748, 1844)]"
e5702a0c-7e47-4915-a127-50d12663acd6,"[(0, 0), (24, 60), (112, 113), (123, 171), (173, 217)]"
8b9f37c8-8c63-4f72-9bd5-307ca35e42dd,"[(0, 73), (75, 124), (130, 215)]"
9ec270b0-7dfa-4740-82c3-5ef85654a643,"[(54, 60), (236, 288), (316, 325)]"
2ceaedc6-bee1-4d23-b582-8fb8ce358d33,"[(15, 65)]"
8cf146ec-2c19-4769-afde-5fc248063418,"[(0, 0), (13, 451)]"
24ef8499-9dd5-4460-b793-1878ba37e5a8,"[(9, 15), (20, 61)]"
f0f60e5f-5106-469f-9193-d9284b529ca3,"[(0, 45)]"
7e414921-54be-45fe-9131-85d8b1ae6838,"[(0, 0), (55, 56), (76, 77), (92, 353)]"
0adfa579-f025-4c40-8181-6fb0fed91b01,"[(6, 13), (26, 120), (857, 887), (888, 1019)]"
a120ad9a-c580-477e-a110-aee9875c49fc,"[(0, 0), (1, 346)]"
0ee21de4-c1b3-4329-9640-1eb533e16558,"[(57, 61), (129, 166), (168, 199), (200, 281), (462, 465), (592, 616), (800, 801), (852, 915), (922, 925), (937, 942), (954, 967), (1561, 1566), (1569, 1582)]"
f84b1458-8a9f-42d0-ade5-c447653a9589,[]
8a83596a-0763-4b68-8ab5-b765bbedc0ba,"[(0, 25), (87, 89), (468, 486), (506, 597)]"
da3028bc-3efa-4e7e-8b79-ea942880cebe,[]
ee94cd3c-cbab-4149-a2b6-b3615387cf53,"[(178, 181), (191, 193), (201, 213), (222, 238), (286, 287), (341, 377), (380, 404), (483, 543), (544, 568), (590, 610)]"
3be3107e-b5c1-41d5-b47e-f681e6fb67b6,"[(36, 41), (62, 150), (151, 158)]"
2b049391-835a-479b-af60-f9bff01b3a65,"[(0, 1), (3, 26), (60, 156), (158, 219)]"
9af09f22-884f-4034-a2de-cd4d09786d69,"[(0, 0), (4, 1378)]"
143ad363-5078-4134-a45e-240f599ddf24,"[(112, 155), (313, 340)]"
658b0282-9336-4be5-b173-65af7553aeba,[]
3e820378-2fcc-4eb9-b547-0c9a4a32292b,"[(324, 333), (334, 370), (393, 406), (570, 603), (604, 726)]"
8db3821c-0e32-44cd-8793-e941ef8d220b,"[(99, 109)]"
49e8fff4-767f-4bd2-be7d-29855a774a30,"[(439, 477), (478, 479), (480, 481), (482, 501)]"
f40bb68f-155d-4002-a2a6-ec762917dce2,"[(2, 9), (87, 106), (146, 228)]"
3848f13d-1e06-40d0-a237-802e90bfdae2,"[(0, 28), (31, 32), (60, 61), (65, 90), (95, 135), (270, 341)]"
e8d01afd-cd55-41ad-95ea-d6c43a03b146,[]
bbd4743d-cbcd-49dc-a0bb-7fa8a021b1b7,"[(0, 1), (2, 128), (146, 682)]"
238205bd-77df-4550-a356-3c36255666f0,"[(3, 107)]"
dfb80296-edce-4f09-86eb-a2a23e55da7b,"[(85, 134), (243, 254)]"
3dd88005-cfba-425b-89d5-83b84fc233bf,"[(0, 1), (23, 33), (36, 163), (173, 174)]"
73498a27-160f-4f99-892d-c85fa5d0f544,"[(0, 61), (1953, 1978)]"
30a3d129-2bc7-4af4-8d04-e25f7fd7a226,"[(283, 334), (494, 495), (496, 552)]"
55791040-5f86-4c9e-b8f7-b9f7ebd5ccfb,"[(0, 0), (2, 33), (36, 38), (42, 63), (66, 155)]"
ca7a3288-6961-434e-8683-6ed86d129543,[]
9cb9254c-a93e-4e46-a5fb-13cb3cbb78ea,"[(100, 208), (209, 220), (374, 435), (440, 461), (599, 601), (602, 655), (657, 705), (706, 863)]"
62e27ff5-a1e2-451e-81d2-2cb2bf8c016c,"[(177, 178), (179, 180)]"
f240f99d-3838-4955-a9de-b6d0c4e460f9,"[(41, 67), (69, 106), (107, 141)]"
8f3080be-e308-4c67-a8e5-2878af3a5524,"[(0, 109)]"
8b8b62f3-c1fc-4ee9-a1fa-5f7727dcfc8c,"[(36, 48), (55, 140), (167, 172), (177, 181)]"
b6373c72-1c12-4804-ad8d-6220b9262a7d,[]
355e2b53-fec7-4dc7-97c9-a4b84c602484,"[(0, 0), (14, 80), (82, 346)]"
1ea3f616-f1a8-4cc7-888e-5fe10d8dde7b,"[(227, 273)]"
e0b91a59-727c-4b4e-9764-e40a88772dc8,"[(33, 131), (138, 139), (145, 167), (169, 279), (280, 365)]"
ddc71081-1864-41eb-a00f-de963f21d7cf,[]
5a239ec9-13a1-4cef-a8d9-bb01d7e211eb,"[(0, 39), (78, 93), (96, 99), (102, 155), (156, 245), (251, 254), (259, 312), (387, 391), (392, 399), (405, 445), (472, 479), (547, 552), (601, 611), (689, 789), (796, 798), (802, 814), (825, 830), (837, 858), (1089, 1125), (1127, 1135), (1228, 1233), (1243, 1283), (1502, 1519), (1594, 1651), (1663, 1678), (1715, 1721), (1726, 1731)]"
269921d7-552f-42c3-ac15-d2a9e42a820f,"[(0, 62), (65, 148), (207, 218), (247, 482)]"
621065a3-85bd-4af4-8308-d7488f2caad4,"[(0, 1), (4, 5), (8, 83), (87, 198), (201, 217), (222, 363), (368, 446)]"
cce700c1-122a-49ae-bc52-80df90301c8d,[]
5a970c9e-2f9f-476e-98fe-b6412fea2512,"[(0, 239), (256, 257)]"
2b0f8770-a08e-48c5-b4a2-d4028e9d14d4,[]
24695e64-1186-45c7-ac39-86f52568cd01,[]
5aaf81a9-58af-4fb3-8689-eefab58f9ddd,"[(139, 151), (153, 157), (176, 186), (190, 222), (415, 431)]"
a217f15d-16d0-4ade-950f-7dcbb264330e,"[(113, 126), (214, 217), (223, 295), (296, 310), (311, 323)]"
da048824-c4ab-4a1d-9a17-37637f25426d,"[(0, 61), (62, 176), (221, 310), (533, 627), (629, 679), (684, 782), (927, 930), (933, 949), (960, 966), (970, 971), (975, 1008), (1052, 1323)]"
a862cf16-022b-44c6-97c9-2cb6e66397ad,"[(0, 0), (45, 641), (648, 783)]"
37c823df-cf07-4172-8cc8-843c50e77c79,[]
5de72198-fb46-4a73-833a-693bf44970c3,"[(0, 0), (87, 94), (110, 128), (138, 353), (398, 405)]"
bb23fc22-46de-445e-a704-06b0d2d3306e,"[(467, 476), (480, 486), (491, 518)]"
1604e245-4c37-46da-beb5-fb254f21a425,"[(0, 4), (20, 37), (38, 47), (1467, 1642), (1645, 1710), (1726, 1728)]"
e3595fea-69bd-4765-be89-566ccc6a4b72,"[(887, 1171)]"
f97a846f-06a2-41a3-8ef5-0fc408c7d5d7,"[(0, 26), (202, 209)]"
aeff8ece-ecf4-4840-a661-a6c7026a17c4,"[(2, 118), (121, 124), (288, 293), (295, 332), (391, 434), (436, 491), (493, 499), (526, 528), (536, 547), (585, 622), (653, 654), (658, 684), (686, 701), (708, 716), (722, 725), (748, 749), (754, 775), (781, 797), (1156, 1196), (1200, 1236), (1243, 1330), (1384, 1397), (1467, 1474), (1641, 1656), (1659, 1683), (1709, 1733)]"
459c11c3-219b-480f-b6a6-1261e9951f01,"[(0, 152), (156, 181), (193, 199), (205, 240), (248, 249), (262, 282), (288, 349), (350, 381), (383, 410), (429, 431), (435, 437), (454, 558), (621, 627), (671, 694)]"
2c41dd15-a982-456f-9c3c-91a073bd6221,"[(7, 64), (105, 110)]"
9a711f59-42b4-47bf-8c0b-cbfcc14262ff,[]
fe853c8a-d764-457f-8e9a-b93546926c42,[]
38b836d3-94a5-49df-bad1-fb846ea21dd2,"[(5, 169), (217, 307), (310, 348), (357, 394), (397, 405), (425, 437), (463, 473)]"
386a1703-78c4-4c00-81a0-fc473d8705de,"[(4, 125), (188, 240), (244, 247), (249, 322), (334, 561), (565, 580), (587, 725), (726, 851), (901, 905), (911, 947), (969, 1016), (1021, 1041)]"
f83d5c35-ae83-48c3-9db8-eb7c343a1ce9,"[(0, 107)]"
bf5bd1e2-ea2f-466f-a762-d4fc8486a509,"[(73, 147), (268, 304)]"
29d6ade7-b9e9-42f0-bbbe-054d9c918d4c,"[(0, 17), (18, 73)]"
f4c21114-9c9a-4446-823d-ea250e4aaf82,[]
4b63e7dc-10f3-4a4b-97c3-ca59b9c9496d,"[(48, 53), (58, 60), (69, 74), (103, 121), (147, 148), (149, 164), (166, 195)]"
e28c2351-a8ff-4dee-b462-f623fe602a9d,"[(8, 16), (20, 29), (58, 79), (138, 230)]"
1be6c8be-556c-40c2-ba0d-e935339a8565,[]
59a6813f-6392-468e-8222-9fbe739c5153,"[(0, 0), (48, 139), (143, 145), (148, 1000), (1030, 0)]"
0d26876e-b370-451e-873a-85826d3fd51a,"[(25, 231)]"
227391b9-891d-42e4-bc21-8abc529a3ee2,"[(3, 56)]"
e38a9de7-b48f-45cc-8868-acafdb85b94d,"[(72, 83), (84, 130)]"
7be00aab-9381-4e40-834c-e61d45f7c715,[]
3d048285-145f-4cdc-8556-a8be3ab57951,"[(0, 63), (78, 550)]"
7dc8379e-e6d5-40e4-b7e3-0eae8b241ac8,"[(72, 146), (414, 423), (426, 433), (436, 446), (523, 704), (705, 709), (740, 760), (782, 824), (853, 868), (870, 905)]"
7d209364-dfeb-456b-85e1-88c0279310b4,"[(22, 30), (64, 75), (80, 89)]"
523ec07f-b4d3-487f-8068-1d02268961d8,[]
12c2610d-0124-4b62-a9e1-fbc0a871f494,"[(0, 408)]"
f84c4b26-067a-4206-99d5-187fa3d5c9fa,[]
d5895fe6-0ffe-4664-a471-fdef17f95d33,"[(224, 243), (244, 252), (283, 305), (307, 315)]"
1ed14e8c-46f7-4676-b727-a684486ea6ed,"[(0, 1), (2, 88), (116, 164)]"
ababccf6-1ef8-4a2a-93ed-4004d07a8566,"[(0, 76), (78, 91), (97, 265)]"
21189950-ed60-492d-902c-4469c5618be1,"[(0, 4), (5, 45), (102, 109)]"
13294d3b-67bc-46b8-b76a-c1da0af61f3a,"[(0, 1), (3, 158), (181, 186), (190, 196), (202, 220), (316, 317), (327, 355)]"
0efa0d63-4f18-4829-9cf4-0542e62ebd8b,"[(93, 159), (190, 197)]"
69ebb099-ae61-408a-9093-5b046d71a441,"[(106, 140), (141, 170)]"
f23e22ba-e444-493f-85d8-9ee07ba31da0,"[(724, 738)]"
88b18a55-bec6-425b-ba63-7d89f2679dad,"[(2, 35), (38, 113), (331, 344)]"
8bb6047b-012d-49f3-9701-4b6baa8739be,[]
0093db23-4698-4e2b-a5c0-8db1f7d51a77,[]
4302767b-45e1-4a7e-9230-bd83bb734fb4,"[(145, 243), (246, 258)]"
d006700c-25ba-4fb8-8b6c-16844c7241aa,[]
c84b9243-b77f-4e7e-9c8c-159c9e906994,[]
d2c8bd0b-f169-4e55-a8f6-5c2e9076a82d,"[(191, 197)]"
5af6a7ac-fc9d-490e-b690-9399b61d8bb6,"[(0, 1248), (1251, 1279), (1281, 1296)]"
5b896c26-5768-46aa-89b9-4688c92a7f7b,"[(137, 138), (141, 144), (153, 174)]"
fde6a90c-2c88-4300-a261-334b7eb0f5fd,"[(23, 26), (45, 64), (66, 94), (118, 149)]"
30ca261f-f255-46ad-94b9-37322f510252,"[(0, 220)]"
261cd0b7-7610-4140-85f8-f9f0dd347ea0,"[(4, 75), (128, 289), (290, 389), (390, 524), (544, 578), (612, 615), (780, 847), (848, 927)]"
f75c02e1-9c11-4309-a353-e7e5bd3666f7,"[(3, 10), (523, 552), (568, 592), (652, 679), (1321, 1355)]"
95f69429-244c-4605-971d-398514393e25,"[(208, 216), (222, 292), (316, 338), (340, 448), (458, 463), (526, 527), (537, 647), (648, 721), (723, 782), (827, 830), (868, 874), (937, 949), (998, 1015), (1025, 1030), (1038, 1071), (1199, 1223), (1224, 1236), (1241, 1249), (1278, 1280), (1286, 1289), (1358, 1367), (1371, 1373), (1382, 1395), (1417, 1421), (1436, 1445), (1460, 1479), (1487, 1504), (1514, 1652)]"
5d1ab7e7-4991-4549-b3e8-da6d77cc73ba,[]
fb4c78c4-0369-4c2c-a121-8672a9073c00,"[(178, 179)]"
f597bf84-9364-4cb6-bfa9-d6b9a86d1e2a,"[(0, 0), (13, 16), (21, 220), (223, 250), (253, 337), (340, 345), (348, 372), (378, 466), (473, 778)]"
628b7be9-97a1-4b2c-a520-7cb926b6002f,"[(362, 373), (382, 392), (403, 412)]"
bf7f074f-652f-411d-b8cc-3d76fac95f9f,"[(56, 95), (96, 183), (185, 271)]"
7ecf06d9-f7d5-4fb3-8556-2c5ad8a87954,"[(66, 141), (645, 669), (914, 935), (945, 954), (958, 962), (1556, 1557)]"
2da558de-98ce-4ca5-9b26-e6cbea340375,"[(0, 211), (214, 274), (297, 309), (411, 452), (532, 544), (552, 658)]"
41c708d3-e6e4-44ec-8967-2aa2d63c830d,"[(67, 279)]"
bd9b4ac2-9180-41fb-b75c-3da72dc26e69,[]
4864d17a-3ca2-45b5-beeb-63e842cba4b8,"[(0, 27), (38, 132), (0, 0)]"
a4ad602d-0897-4d99-bb63-cacb69849064,"[(39, 94), (120, 132), (158, 168)]"
f684aaa6-dade-4363-9c56-e22d3e3c4931,"[(234, 236), (250, 273), (275, 310), (385, 405)]"
a0ade9f0-fe47-460a-b900-093e0b05a0e9,[]
ae09790c-ddd0-410d-a037-14d9042afe2a,[]
5180ae7b-b1be-4b74-aa20-69392f10bdab,"[(0, 0), (42, 49), (178, 1132)]"
3e6abfaf-610e-4cee-92a9-d83ea4954b60,"[(209, 249)]"
7f747d69-1a76-46e2-ad7d-5e76be26ff3c,"[(73, 97)]"
09cd7720-7a16-4072-b479-f206f42e755a,"[(42, 56), (77, 81), (92, 133), (142, 149), (151, 162)]"
09146876-d1a1-4f27-88ac-3e5e4b659156,[]
e53f63e0-db2e-4312-970a-ce2b68280c9e,"[(0, 46), (86, 131)]"
3979cbf5-78ac-4e34-9038-93432a51e068,[]
4b487b05-d45b-4635-9c4a-63e7f350d93f,"[(67, 70), (74, 80), (208, 212), (217, 224), (231, 235), (272, 322), (324, 350)]"
4b86b183-a99b-4e42-b091-a13559a820a0,"[(3, 51), (82, 260), (292, 392)]"
834674e9-c2e5-472d-a659-fdae6fe20845,"[(75, 104), (110, 113), (117, 120), (152, 219), (220, 288), (289, 365), (367, 542), (551, 606), (642, 807)]"
7bb8ee62-e885-4dd5-a771-776391b5aa60,"[(609, 686)]"
d2d2c503-e952-4bc1-9eaf-fb4fd20ee66e,"[(66, 98), (143, 205), (213, 227), (228, 337), (466, 520)]"
ba3154a1-bfd0-4f7b-90e9-40713ddf2326,[]
8f5d9aa3-9f1b-4513-b5e5-d0577a57ecb5,"[(66, 69), (71, 72), (83, 123)]"
b21f9ee8-942e-4a67-83ca-9f0a4dc88e53,"[(142, 272), (274, 289), (290, 317), (318, 402)]"
43f8d318-a94d-4896-9ebf-cd8a8700a3b7,"[(0, 35), (40, 57), (60, 82), (85, 188), (243, 258)]"
df231de3-5984-4408-bf6d-d3fbeb71465b,"[(78, 109)]"
1d9c151a-909f-4c18-8b4c-ad7c2c2219cd,"[(0, 107)]"
4af7aa20-ffd9-491f-bb03-2f682673229c,"[(0, 86), (88, 500)]"
dfff7f35-0c0a-4052-9582-fd847cee8721,"[(0, 116), (124, 125), (176, 254), (256, 286), (288, 318), (344, 348)]"
5ac37c48-6e12-4b2a-ba12-a19ee8f3b560,"[(339, 367), (385, 405), (414, 415)]"
f468f801-5de1-41cc-9bff-1429b7531f7c,"[(0, 207), (239, 244), (245, 249)]"
4a36d1cf-5c88-445f-9efb-0b9ac1410a1e,"[(5, 51), (177, 208), (224, 226), (234, 236), (237, 342)]"
8bd0cdd0-3a33-4b44-92ae-f76860b6fc24,"[(83, 87), (92, 100), (117, 147), (148, 178), (321, 322), (353, 358), (465, 467), (474, 493)]"
33b9b4c9-8387-45ec-9a52-55dc244dc6f1,"[(0, 135), (143, 193), (210, 211)]"
db074635-d80a-48b3-97b6-5c23def0038d,[]
804c209b-bb27-4b59-9912-2d56d99e0890,"[(80, 83), (111, 117), (128, 144), (208, 211), (217, 269), (271, 272)]"
cae44f58-6e7d-44cd-ae91-7af6a3d4c692,[]
ec1cb2d5-fd1e-45dd-be4d-922d19c4e64d,"[(316, 322), (532, 540), (695, 710), (711, 721)]"
052816e3-5626-4490-963b-37ea333ea55b,"[(0, 44), (68, 69), (82, 145), (155, 158), (160, 164), (187, 403), (417, 458)]"
a0ff7b0a-be7c-43ee-9479-785c80b19bc4,"[(0, 128)]"
d4c35189-4ad3-48ad-bd18-415adf5237ee,"[(0, 0), (171, 621)]"
2a8d76d7-7ede-4b81-89dd-881cbb7ff99c,"[(28, 37), (57, 87), (136, 169), (248, 267)]"
19821a27-f7eb-4c79-aacd-3ac7368dda72,[]
d05f202a-8e74-489b-934a-a6ec3a679911,"[(25, 65)]"
8fa20f6c-7361-4e54-b346-5dc229f07650,"[(0, 21), (23, 60)]"
9933ace5-6f69-491b-96ca-88f59fef6497,"[(78, 128), (131, 135), (138, 301), (632, 662)]"
d1d33f17-c2fc-4be1-b37a-43fd64d813fb,"[(24, 39), (60, 143), (145, 151), (156, 162), (223, 226)]"
334765f0-6173-409f-97f4-ccf3e1e534c6,"[(0, 0), (46, 62), (88, 236)]"
c9cae4df-3cfc-4bcd-9d47-abade72ea968,"[(44, 58), (75, 93)]"
e6174127-1956-448a-bba6-7f62dc8f0d6b,[]
c8dc024e-6837-48ca-bf76-62d89a612d9b,"[(83, 141), (143, 150), (152, 177), (301, 332), (425, 507)]"
d254723a-e378-4f8a-944e-b63f810d22a0,"[(0, 0), (50, 53), (87, 90), (100, 155), (157, 173), (197, 818), (820, 828), (831, 832), (853, 854), (873, 882), (896, 990), (998, 1000), (1004, 1020), (1024, 1322), (1336, 1371), (1386, 1387)]"
08d9724b-d542-438b-b5d0-eb9b5e76f5c4,[]
98b3b796-a73d-4c93-955b-74e6a9fa452d,[]
6d7c1ef6-f04e-4a41-839c-a0f158122de7,"[(57, 60), (64, 118)]"
fce91dac-942e-4a05-893f-d9ba2fb42650,"[(44, 58), (61, 174), (210, 219), (221, 234), (243, 252), (253, 258), (277, 313), (317, 319), (338, 343), (346, 349), (353, 418), (421, 436), (602, 624), (631, 648), (651, 759), (782, 800), (806, 992), (994, 1000), (1020, 1045), (1052, 1056), (1064, 1188), (1190, 1201), (1204, 1231), (1233, 1248), (1251, 1268), (1270, 1307), (1308, 1423), (1424, 1489)]"
6caceef0-c3cf-4607-8dc9-af4f45addfd9,"[(0, 0), (29, 35), (50, 57), (69, 77), (82, 101), (108, 171), (173, 581), (584, 618), (621, 681), (692, 897), (910, 931), (933, 946), (948, 1664), (1673, 1713), (1715, 1716), (1728, 1734), (1752, 1756), (1790, 1851), (1853, 1927)]"
cf4fc370-572e-40ef-bfe6-03531dc3c084,"[(119, 155), (360, 362), (435, 489), (514, 589), (594, 608), (609, 619)]"
3f0ab2dd-2583-4555-8bc8-401418993a0d,[]
a304be27-9133-484a-a911-8d562478aeb3,"[(0, 70), (108, 291)]"
2782a448-e430-4176-a50c-504ca1c43f31,"[(0, 1288), (1290, 1316), (1324, 1328), (1346, 1352), (1354, 1358), (1364, 1772)]"
13d845bd-377a-4628-9213-95f88a4d5515,"[(164, 239), (524, 529), (676, 790)]"
7a2bf3fa-4e57-485c-9711-9ca2c5e72454,"[(0, 50), (219, 252)]"
a36bbeb1-9461-47b6-bd0e-12ec6354f145,[]
87d1f159-5ef8-483f-8c90-6d089861fe89,"[(46, 53), (59, 62), (66, 74), (319, 333), (345, 346), (352, 386)]"
abfa68e1-eafb-4d66-831e-e4e9afae224c,[]
d23a0ade-f21e-412c-94e6-4b5604715440,"[(55, 108), (119, 311), (312, 321), (322, 328), (334, 340), (380, 414), (415, 435), (442, 446), (657, 660), (783, 963)]"
e5744373-8bd6-441c-babe-33f2d8c8792d,"[(0, 0), (52, 201), (202, 390), (441, 442), (553, 603)]"
036a99b7-564c-4e60-ad17-ed13b0428940,"[(0, 34), (39, 72), (80, 99), (108, 109), (114, 261), (263, 559)]"
b82a1047-9ddf-4001-995a-664bffb825e3,"[(0, 3), (5, 40), (41, 51), (52, 159), (163, 167)]"
902994b1-651c-480d-85ad-552075b9147b,"[(0, 1), (2, 101), (103, 126), (129, 133), (136, 142), (150, 199), (202, 385), (388, 616)]"
2a688955-77f1-4be0-9cbf-5acbcd5a41e7,"[(33, 34), (35, 38), (248, 255), (256, 276), (277, 336), (338, 359), (362, 433), (435, 467), (468, 480), (493, 516)]"
8c6f6002-c520-4869-af39-bd51b4594ea6,"[(39, 44), (70, 73), (75, 128), (130, 184), (186, 308)]"
c52b56d1-5686-478a-8c25-105a4711cfc3,"[(0, 66), (89, 219), (223, 500)]"
c6491eb6-71b9-4af9-be6d-8d7158593ecd,"[(0, 0), (29, 126)]"
39ed40ea-4462-4181-a33f-13a8b52bdf69,"[(0, 0), (48, 49), (54, 156), (158, 296), (298, 435), (437, 507), (523, 559), (562, 571), (579, 596), (623, 707), (709, 763), (765, 914), (916, 939), (941, 959), (964, 968), (980, 985), (991, 998), (1000, 1110), (1112, 1129), (1136, 1174), (1217, 1218), (1239, 1243), (1246, 1250), (1264, 1265), (1274, 1275), (1279, 1280), (1282, 1343), (1345, 1367), (1369, 1400), (1416, 1418), (1422, 1423), (1433, 1468), (1504, 1506)]"
918c5f4f-0b29-444f-adc2-c8823a4ae8df,"[(0, 31), (38, 176), (177, 210), (212, 244), (250, 273), (281, 283), (289, 321), (824, 827), (832, 852), (871, 896), (900, 934), (941, 942), (965, 985), (986, 992), (1001, 1006), (1065, 1126)]"
bbce7232-593d-4618-9c5d-8e9d12c63805,"[(0, 0), (20, 51), (57, 210), (216, 313), (324, 327), (333, 334), (340, 485), (489, 497), (502, 936), (941, 983), (988, 1086), (1124, 1141), (1150, 1155), (1244, 1493), (1529, 1533), (1552, 1581), (1588, 1690), (1692, 1906)]"
58fd6194-8ce8-4292-a60a-ede7756c9aa5,"[(185, 255), (346, 351), (474, 694)]"
8e70e12e-749a-4941-a8d9-10f19983fbcf,[]
8d5ecd08-1720-4a0e-96bc-3491718c52b3,"[(29, 64), (67, 72), (97, 122)]"
0862e5ee-1d20-4120-8d01-c1b2cdd6765b,[]
bc305ca6-8d79-43f9-8c0c-cc496cf13d4b,"[(0, 1), (2, 135), (138, 511), (523, 526), (546, 659)]"
571d2418-2ce4-45a2-834d-dd0191baf8b9,"[(0, 134), (233, 259), (261, 412), (423, 456), (472, 515), (558, 606)]"
6b1865ff-49bd-4862-944e-f0e842564706,[]
f0fe16b9-2980-4845-a8bb-148bd934b793,[]
41669b39-08ec-4f9f-8fa0-8e58a9d4d0cb,"[(107, 148)]"
37a79b08-f506-4dd9-b07b-b8187749228c,"[(2, 3), (441, 442), (459, 467), (468, 525), (687, 696), (726, 737), (742, 783), (787, 850), (857, 887), (899, 939), (942, 949), (957, 967), (980, 1031), (1035, 1039), (1048, 1054), (1059, 1078), (1079, 1107), (1236, 1420), (1425, 1537)]"
aacdace3-a937-4a34-b9fa-fd4cff0c8823,[]
2c37d96a-cdbc-44d6-b0ba-2240463c1d84,"[(0, 77), (80, 81), (85, 90)]"
e20c559e-eaf9-4850-a64c-c7ba751b019f,"[(0, 684)]"
035416a2-9e51-4eea-a3ef-816eda6c8afa,[]
beb42989-2c5f-4f56-8595-8e340ec4426e,"[(112, 129), (130, 147), (151, 168), (189, 200)]"
88e52d9d-52c9-4656-a259-3ecf9d476c1e,"[(0, 12), (42, 43), (45, 181)]"
48d712b3-93b5-4783-bc59-70256f5c90eb,"[(65, 72), (77, 93), (94, 98), (119, 176), (440, 474), (525, 528), (530, 544), (545, 566), (576, 583), (588, 595), (598, 888)]"
fed2ed4c-91bb-4ec5-b26c-836090fa25c3,"[(18, 80)]"
2129cb97-7140-4f14-bc1c-a5c4f6c7dcb9,"[(116, 159)]"
e2fb6023-2c61-4aef-b5fa-68a3a6760fe2,"[(34, 46), (70, 130), (132, 223), (224, 245), (246, 288)]"
edad8b69-9433-4b06-93ef-a5bb89ff03e3,"[(131, 188), (210, 236)]"
5bdc0f63-382e-4481-a875-bc6b8e8ff92c,[]
992d69af-4772-49a6-9b64-ac85dc56358b,"[(71, 100), (244, 325), (329, 348)]"
d0d2478a-6bf9-4db0-b924-5b86c4d65cbe,"[(0, 205)]"
a9ec48a0-945a-4361-98c7-16ef2de81fcd,"[(608, 609), (617, 622), (647, 649), (654, 673), (737, 745), (749, 883)]"
0ed04ef2-19a5-4612-b945-a3ca2aac6eba,"[(0, 194), (196, 234), (236, 353), (363, 612)]"
20dae267-893e-492e-8632-e1af26304689,"[(80, 204)]"
dfcca7b2-25bf-4796-bb57-bd70fff2320b,"[(33, 39), (145, 169), (364, 380), (381, 404), (405, 410)]"
7df4b11f-4050-4cc0-a34d-8024a8c17eed,"[(0, 0), (8, 31), (61, 284), (320, 322), (325, 330), (429, 438), (442, 487), (489, 513)]"
b6027e41-fe7c-47ad-8530-51b2ce27bc04,"[(14, 47), (48, 137)]"
682e9ac5-0d61-4722-a906-a45f2f94336c,"[(0, 0), (33, 39), (41, 43), (64, 141), (197, 207), (284, 468), (833, 839), (843, 849), (868, 899), (902, 1077), (1079, 1081), (1090, 1093), (1180, 1405), (1412, 1415), (1421, 1460), (1462, 1463), (1466, 1681), (1717, 1815), (1817, 1849), (1853, 1986)]"
c8005063-bdb5-4ec8-947b-fd3726ab81d0,"[(103, 139), (436, 437), (445, 469), (471, 508)]"
4df259bf-a70a-408d-9e60-280b97edf65a,"[(475, 510), (518, 521), (532, 541)]"
e3c510db-fe43-45f8-86c8-f0e036cdad4e,"[(0, 20), (38, 135), (136, 213), (216, 231), (264, 270)]"
f8fb363a-d518-49cd-85e7-abddc909749d,"[(3, 44), (50, 53), (58, 63), (78, 149), (181, 229), (278, 288), (299, 360)]"
7f78a13a-3a18-46e5-9a89-74522f52fce9,"[(0, 336)]"
907b6a7a-5961-4e78-80c3-f532d086d1a9,"[(219, 371), (375, 376), (399, 438)]"
75511549-0874-4b2f-908d-2135cd02acde,"[(2, 43), (293, 311)]"
0b313c27-6451-48fd-9a41-4ce844dc1361,[]
d3c24dbd-92ef-45a9-a2fd-1f697ac48fa5,"[(0, 100), (124, 310)]"
d92424de-8721-4569-9731-0987b81d4604,"[(0, 1), (99, 127), (144, 319), (320, 447)]"
4fb95f5f-02c4-4872-a7d0-da1c5d2f415a,"[(0, 182)]"
033e35b5-3836-4c67-97f8-bc2fdf090ab3,"[(209, 212)]"
de7c7a94-1777-4476-9e36-cd04c26b7dfe,"[(20, 96)]"
fa4d56cb-16af-44d9-be66-88a3cbc4fd7e,"[(0, 9), (12, 167), (174, 187), (192, 212), (222, 229), (254, 282)]"
bceec3de-01f2-407b-92fb-9ccc72aaed6b,"[(92, 130), (136, 185), (187, 188)]"
b70480a3-e429-406c-b66e-c8d6a4ff1b1f,"[(0, 256), (301, 373), (379, 386), (390, 392)]"
46e4263e-447c-4a08-974b-f8f976b4c49e,"[(0, 139)]"
20c18819-1cec-4586-a6ad-bc1e8e2ed0c2,[]
aaccf2b0-4916-4088-a710-03e52bd2c0c7,[]
452b4064-deca-487d-9ff0-4a1162565892,[]
175885a9-d0e9-489b-84ce-01a04a5d61a1,"[(0, 63), (64, 285)]"
cabc2e91-5912-42c5-a901-fcdf0e5d4496,"[(0, 92), (143, 253)]"
9ea18a4b-fd71-42a9-bb3e-dfe1a122a503,"[(3, 10), (11, 78), (109, 148), (154, 218), (235, 348), (349, 419)]"
ec458100-bff7-4a1b-9a2b-15a55efa77dc,"[(54, 87), (94, 95), (116, 244), (733, 814), (817, 891), (893, 998), (999, 1027), (1029, 1067), (1070, 1092), (1109, 1117), (1121, 1123), (1146, 1155), (1166, 1183), (1214, 1225), (1231, 1289)]"
973d3a1b-0d4f-4026-ab31-69773d51df23,"[(3, 124), (223, 268), (413, 484), (486, 508), (538, 555), (611, 678), (681, 722), (760, 806), (810, 819), (821, 930), (931, 976), (977, 1006)]"
b070b2b6-9429-4ca4-bfa6-1f0f8e903047,[]
9db8fcf4-9436-41b6-a647-4db438505d6b,[]
c8c6fd9f-c03f-4419-a1c3-a6d84ef260a0,[]
71c7df11-e5a9-4d74-b176-37caf3d44061,"[(0, 211), (221, 222)]"
38740db4-8690-4416-966f-a36df77268ca,"[(228, 246), (248, 261), (265, 276), (1039, 1057)]"
79e4848c-13cb-48c9-a7fb-5983a1113ba6,"[(101, 175)]"
1c9270e1-c0b4-4176-ba92-89991c53d074,"[(15, 156), (275, 320), (357, 426)]"
e3d9a6b0-b6a2-454e-b9d2-5bd9f7bd6bf3,"[(199, 210), (241, 272), (299, 312), (333, 492), (561, 563), (572, 601)]"
10c486f7-70e5-4529-9c83-75cac72f82ab,[]
209d104c-cf03-47e1-8d5a-f0ee3337fd53,[]
5feec093-61b4-413d-9d47-a081bfdc4c63,"[(62, 143), (144, 151)]"
7a085af3-90ca-4f84-a33e-63b111962fa9,"[(107, 197), (284, 377), (521, 530), (674, 704), (705, 773)]"
4fa5a859-0d25-41e3-86d3-9b201d4d7c44,[]
0c73dc9c-aaa2-42f8-ada5-925e4fe15a8f,[]
ba616989-942c-43db-9192-85562c791324,"[(124, 136), (141, 143), (170, 245)]"
ceb1b2ab-d831-47d7-9dfb-25aafafc8713,"[(0, 247), (256, 257), (286, 291), (317, 351)]"
32f3071c-ee4f-4b40-bd02-6e0091d7c33f,"[(21, 39), (41, 74), (77, 87), (94, 101), (104, 109), (119, 135), (165, 220), (223, 261), (264, 313), (366, 388), (399, 408), (429, 436), (443, 451), (525, 529), (637, 658), (685, 724), (725, 857), (877, 880), (885, 886), (889, 903), (904, 918), (920, 931), (932, 965), (1049, 1121), (1128, 1258), (1274, 1281), (1287, 1302), (1308, 1312), (1325, 1329), (1332, 1348), (1350, 1406)]"
eaa58c56-5405-45a8-8903-237cd8a9f7cd,"[(21, 26), (41, 84)]"
b84c1a12-59e6-4b6a-b569-3ba08d78fbe2,"[(22, 98)]"
7ce54624-c1c1-403f-91d3-02eea117c73f,"[(0, 29), (38, 59), (62, 64), (83, 90)]"
e5fb972d-9623-4b46-af4e-25e5a0b5c236,"[(190, 206), (209, 222), (229, 349)]"
52f57635-6712-4626-96a5-87c66cf1a1c7,[]
3b4a741f-6962-4137-91ff-58791df23bb6,"[(30, 135)]"
b5dfe630-44cf-4480-b18f-737a92b4d872,"[(49, 88)]"
26d1dd0d-bb13-4798-b20a-7c6e3f143eae,"[(0, 0), (175, 320)]"
b5005459-c042-41e7-8d10-20b49e077202,"[(0, 14), (22, 23)]"
ca762fce-259c-491a-b440-e2e54c407742,"[(40, 108), (109, 153), (164, 364)]"
29766817-212b-4e50-ba04-162391327ba7,[]
325acfac-0ffa-444c-ae45-2fc3e34a1b70,"[(0, 109)]"
735dd69d-d108-4b3a-8e6b-545b64a7ee92,"[(0, 58)]"
0d3b9232-f9ec-4917-9d50-49784d7b7f88,"[(70, 225), (242, 257)]"
d48823fa-bf67-44b0-a88a-9f65598a7d89,"[(22, 27), (38, 63), (64, 99)]"
37cc11ca-8b02-42ea-8010-59c1df247a5f,"[(0, 18), (22, 113)]"
9c789296-226b-4769-8c05-bca10f98054d,"[(0, 84), (85, 92), (195, 223), (243, 250), (257, 260), (263, 267), (269, 299), (301, 360), (625, 628), (665, 695)]"
2b240a63-89f6-467a-ac05-268c5612b7f6,"[(42, 52), (53, 70)]"
7915b537-53a5-47f4-9c26-de8b2b068e4d,"[(275, 307)]"
40591251-3289-45c7-9a44-4e9f944c322a,"[(0, 9), (10, 20), (201, 227), (340, 498)]"
8bbb2a58-6e0a-4ad2-8cc1-22717d7c7921,[]
ac513d8c-df52-45a1-b47a-07172f198d99,[]
f22408b5-955a-47ca-94f0-2e3161f95679,"[(183, 230)]"
c9d6c395-b203-485d-a7bf-97043874a50a,"[(89, 108), (110, 121), (127, 199)]"
347f5bdf-8d77-430e-b681-e227b3a9af1a,"[(128, 162), (363, 435), (468, 529), (571, 590), (600, 601), (604, 606), (625, 652), (654, 882)]"
64691677-0606-4d62-b8d2-2b49d298ca5e,"[(0, 190), (214, 215)]"
12fdcd38-1811-4676-966e-02cdc85659f2,"[(178, 186), (270, 302), (303, 322), (368, 388), (390, 453)]"
cc91e4e1-1a21-42ce-b6a6-bd54026a0d8f,"[(0, 1), (26, 29), (62, 159), (234, 277), (278, 402), (403, 404)]"
7e57517a-0130-4ad9-84bb-c170a46a8da3,"[(47, 63), (72, 84), (192, 250), (251, 271)]"
e8fc5bbe-5f37-4ba3-a9a3-ebe116dca7c0,"[(0, 37), (41, 42), (51, 52), (63, 64), (70, 76), (81, 150)]"
d0187d17-d334-4107-a9b5-8392867b8b96,"[(0, 56), (64, 110), (129, 142), (190, 244), (294, 304), (325, 369), (371, 429), (430, 497), (538, 595), (610, 630), (645, 670), (763, 950), (951, 1052), (1132, 1211)]"
89b346f6-accd-4ef8-88c3-d41289dff89c,"[(18, 106), (108, 182), (183, 222), (223, 261), (262, 299), (486, 609), (631, 644), (703, 766), (959, 976)]"
035f58c6-b203-4204-9eda-5f0bb4586bb9,"[(0, 322)]"
b3db0d66-6087-438d-928d-954d9d0f007b,"[(113, 128), (139, 140), (154, 174)]"
34c46d62-a75a-4115-b792-ced820b2e8f4,[]
db9c44ac-2790-42a8-82cb-be0a7805f052,"[(957, 1053), (1077, 1081)]"
2f33b9d5-8310-490d-a1f1-da50ed1d2573,[]
f8daff66-2d4c-4f56-aea0-09e2f9b3401e,[]
c81141da-01cc-40e9-8278-595eeabeebdb,[]
35b93156-1af5-46d2-a0fe-562f202be445,"[(0, 54)]"
c56e84d5-a715-458a-858e-3d09c6390542,"[(0, 0), (92, 93), (101, 122), (131, 545)]"
cf0157f2-fa3f-4a54-b2c1-c822a0102f3a,"[(2, 9), (14, 91), (92, 194), (222, 351), (482, 513), (515, 521), (523, 531), (604, 609), (619, 750), (753, 754), (777, 784), (876, 883)]"
c4ac2361-4705-4b48-b3e5-988d979e1bb1,"[(0, 130)]"
e1d59af7-59f3-4a63-a3a8-dafd63187ec3,"[(446, 466)]"
c912bd4c-efb9-4d0e-8352-f723e62e6249,"[(38, 92), (99, 110), (114, 127)]"
3a589a13-bb82-461a-9807-a4b7bd79d0fd,"[(0, 332)]"
1cb0f1cb-2d40-4ce1-8914-9d98a8f31af2,"[(0, 53), (56, 172)]"
07f9d3bd-328a-471a-a074-f78b10eeb3e9,"[(0, 0), (15, 95), (102, 473), (475, 488), (490, 645), (654, 658), (668, 669), (674, 677), (693, 699), (702, 731), (761, 763), (765, 1022), (1026, 1038), (1041, 1044), (1049, 1056), (1059, 1081), (1105, 1161), (1166, 1167), (1181, 1185), (1192, 1193)]"
6c9a15c8-3e6c-4097-a0d0-b4e85947634e,"[(0, 97), (99, 318), (609, 622), (630, 632), (647, 648), (658, 660), (719, 781)]"
80a70da7-2bec-4387-bd63-00df79530997,[]
ab9f426d-4530-438a-8df3-cf03769bb63e,"[(0, 31), (33, 313), (316, 320), (323, 339), (343, 349), (365, 367), (380, 386), (411, 988)]"
ae002de6-001d-4495-964b-1d196d1c3886,"[(0, 117)]"
793dc498-e4f2-47c8-989c-f6cc7d112ab4,[]
19a54b67-550e-4e13-b049-071815ba15bb,"[(425, 431)]"
95f1f05c-8a9a-4235-8a95-2a8ee2789132,"[(0, 173)]"
c236da2e-b4aa-4052-b9a4-064ea249be57,[]
08c977c7-4b78-4ee7-ba26-eec4140f4869,"[(20, 36), (43, 46), (57, 59), (113, 123), (184, 191), (518, 519)]"
3ebd3e95-6d36-487a-b48e-9dcb8fc45678,"[(301, 330)]"
415c1dd5-bcbb-4f20-9732-ad173cd69874,[]
ef4ad25a-38dd-4521-a52f-0f47ee2734fc,"[(189, 214), (216, 217)]"
335098bd-cda4-4f48-bf7c-19373f0263fd,[]
98f3c1f5-2e72-4d91-97cb-7c3c57da4932,"[(0, 23), (26, 33), (34, 225), (226, 244), (256, 412)]"
9f5f70ea-a323-49c5-9e90-3501c6cd877a,"[(5, 7), (11, 41), (56, 57), (60, 61), (66, 75), (211, 212), (215, 269), (315, 330)]"
5cd435f4-05b8-4ecb-a530-66a346857ab9,"[(24, 60), (111, 112), (135, 143), (148, 156)]"
842fd0c5-0fcd-489c-b821-03213f73d7c6,"[(0, 0), (44, 81), (84, 91), (98, 270), (318, 319), (374, 397), (400, 467), (484, 492), (494, 495), (517, 525), (556, 709), (711, 982), (1009, 1013), (1035, 1039), (1041, 1148)]"
7c36dbf0-b84a-4826-8161-e25de867200b,"[(0, 114)]"
7a753b95-64c1-4175-b24b-5af5492295f7,"[(91, 94), (101, 126), (399, 420)]"
1c202ba2-406a-44c6-a15d-9270d89eeea2,[]
fde8fba4-ed9a-4e22-a94f-63e4ea1107a1,"[(158, 221), (255, 342)]"
1088d3f0-fcb2-4600-a23f-c54b57ad724e,"[(62, 64)]"
5d2670b8-9d66-4fc2-8410-34e296ac1a1e,"[(0, 34), (35, 36), (41, 42), (90, 98), (101, 103), (105, 135)]"
78b7fd2f-4b7e-45a1-96de-3ac5b6bc9f92,"[(4, 41)]"
d087b9cf-b767-4b80-b9fd-6a1920b0ec8b,"[(0, 0), (118, 119), (158, 229), (233, 251), (252, 538), (580, 1003), (1005, 1006)]"
e597229c-f2a6-4580-9f24-eeacf7fd8dd7,[]
1d4167c5-2733-45d2-8f6a-2b7c7869e8eb,"[(149, 150), (201, 245), (252, 261)]"
006ab1ad-71d2-407c-ba6c-0a1ecd8ab6bf,"[(0, 1044), (1048, 1177), (1210, 1211)]"
25e78281-b7d8-4561-8b7a-2d463a9c8e26,"[(18, 60), (86, 87), (88, 98)]"
4801ee85-d362-4676-a05e-d6facd50fddf,"[(0, 0)]"
c120c89a-9b5e-4ce6-a264-8dfe5e2622d9,"[(59, 79), (86, 98), (99, 120), (124, 129), (390, 453), (454, 501), (502, 549)]"
a206771d-5be9-4f8e-ab8e-fa814b14aaf5,[]
70f3101c-3027-4264-b51a-894470318cd7,"[(0, 0), (11, 13), (25, 141)]"
9faafb37-1f17-4db7-9260-f0fb01fcd0a2,"[(16, 17), (99, 112), (113, 188)]"
73a1361c-55cc-4919-ba49-4564e8e7af43,"[(0, 0), (38, 109), (128, 199), (223, 224)]"
e6984238-0423-4e16-aa40-351f94e9de71,"[(0, 70), (71, 233), (234, 342)]"
30951143-4ccb-4359-9557-30815acd3cc4,"[(20, 138), (139, 186), (401, 505)]"
86ef8b9c-9ea1-41f8-bb1c-3e92008235d1,[]
cfd89079-30d8-45a1-8303-1e5c4e2736b2,"[(121, 328)]"
e8d37909-6f8e-4c34-a2a0-ebabc015ab9b,"[(27, 32), (268, 307), (312, 382), (395, 412), (423, 425), (500, 597)]"
53bcc511-fec8-4a53-b9f2-16d105523909,"[(3, 10), (190, 193), (196, 198), (204, 205), (221, 244), (282, 336), (375, 479), (976, 999)]"
36c80ebf-9aec-4390-a589-c36a44ceedfb,[]
e8ed7622-a369-48be-8c17-fd22acb551a7,"[(0, 226)]"
5e47ec64-a732-43c4-a8d4-ad046a20f08f,"[(76, 98), (103, 110), (377, 437), (439, 489), (713, 731), (773, 780), (860, 870), (909, 932), (934, 937), (1138, 1143), (1150, 1153), (1236, 1260), (1310, 1314), (1429, 1454), (1466, 1508)]"
bd31e7b4-b102-4258-b8d6-0328d6c51668,"[(0, 58), (64, 67), (82, 99)]"
9b337979-7d5d-435e-bfac-198600679ac3,[]
d629e79a-2874-490a-aab3-aba1908c4bed,"[(1, 40), (285, 333), (334, 366), (367, 431), (638, 664), (672, 687), (707, 760)]"
35893e6d-4c45-44b0-b32d-0a6917f3d7ac,"[(0, 24), (37, 39), (67, 68), (118, 121), (127, 133), (145, 307)]"
0093d428-2e95-45e7-932d-8e5c37a4be3e,"[(0, 327)]"
67fa91bd-0b0c-47e5-8e83-c12536787e77,"[(0, 0), (145, 178), (182, 363)]"
51f8873a-c24d-4d55-a998-89cbee57cf55,"[(41, 53), (59, 63), (332, 349), (350, 362), (365, 428), (430, 443), (772, 773), (781, 782), (790, 793), (801, 802), (808, 844), (898, 919)]"
391369ca-dd91-42e7-b21b-b68bf5f9ed63,"[(0, 0)]"
a17bf307-61a6-4f76-a9b4-a5462bd01fe8,"[(956, 959), (965, 972), (983, 991), (1009, 1047), (1119, 1123), (1127, 1129), (1160, 1161)]"
34369975-9c8e-481b-a3d0-4bb4a1210d6b,"[(28, 38), (39, 58), (62, 105), (134, 135)]"
291cf9bf-ab26-4e90-9121-758b9971aad6,[]
88c5c455-842d-47fd-a97c-999e5a5d3fa8,"[(0, 1), (56, 67), (76, 78), (80, 233)]"
fa3733ca-e980-4ffb-9fb6-20eda6233f7a,"[(0, 0), (53, 175)]"
5322dade-9e3e-4b4b-a291-90f630a86011,"[(102, 124), (131, 150)]"
3aa4745a-6846-4c13-ba75-8aec8d62b442,"[(0, 231)]"
9ab6970c-242c-4e83-a88b-205b8c97422d,"[(0, 0), (2, 6), (19, 23), (37, 82), (99, 290), (293, 360), (365, 684)]"
cbb72e5d-62c1-4d33-b12d-85f8272484cc,"[(471, 485), (487, 497), (501, 509)]"
a36799d4-5138-4ac4-94e0-d5baefd7a14b,"[(0, 10), (22, 23), (31, 33), (53, 54), (58, 64), (84, 85), (205, 206), (213, 460)]"
4125a6b9-f844-4294-a59e-7f8a4bd76ede,"[(0, 37), (68, 69), (78, 164)]"
a3879295-2c8e-443a-aebc-5042aeb7a8c2,[]
b59c3f68-b9b6-4342-abda-39ec9eefe313,"[(0, 0), (13, 64), (68, 75), (78, 85), (101, 729)]"
6582722b-8572-4eef-9e59-c72b418498a6,[]
7c8f3981-558f-40ed-91ef-54be0d36ba97,"[(0, 0), (3, 5), (24, 52), (56, 57), (58, 70), (74, 75), (80, 82), (88, 98), (102, 103), (105, 197), (199, 280), (282, 376)]"
190cc7cc-0fcc-4ca7-b45b-3cca4048c7a0,"[(75, 90), (98, 114), (124, 140), (224, 232)]"
738e2307-eae0-449a-961a-c983252a6578,"[(0, 472)]"
65627009-8d97-42fd-affd-39fc278fc02c,"[(305, 327), (329, 374), (376, 403)]"
c34187fc-6b07-4772-a588-4ba41cc1174e,"[(54, 75), (76, 194), (241, 249), (253, 265), (273, 277), (279, 293)]"
42c84e98-2206-4868-aab9-20ee89915479,"[(86, 122), (124, 246), (512, 563), (582, 584), (626, 775), (776, 810), (814, 1011), (1028, 1124), (1125, 1140)]"
417258c0-3cfe-4922-8284-d1a7ca538e7e,"[(5, 18), (80, 107), (429, 432), (584, 601)]"
b2aea25f-d07e-4de7-a1ee-75f0d85d2ead,"[(1188, 1195), (1201, 1210)]"
1aa8254e-8eee-484e-856a-4bd9bf54ef0c,"[(0, 86), (102, 229), (310, 311), (338, 491), (493, 643), (646, 798)]"
30903972-0921-4d4b-9a10-1afeb4d80e47,"[(0, 0), (34, 40), (46, 54), (58, 59), (82, 143)]"
439d56fe-b678-4475-b1f2-99d99c83aaeb,"[(45, 100)]"
e30b1b8c-adf1-439a-8d23-04aa3b465a02,"[(500, 504)]"
edc8c73f-a7ce-409b-97ea-a5d66c9aba11,"[(0, 414)]"
1bce8b77-f313-45e9-b1dd-4fb847a272ba,"[(2, 15)]"
d2c12b21-2ab8-4950-a217-8e8f6737402c,"[(0, 23)]"
07208173-28fb-44f0-a09a-c4ac1c2344bc,"[(5, 35), (36, 80), (134, 139), (148, 208), (225, 264), (310, 427), (433, 624), (628, 643)]"
60f54bb0-f9d4-4d86-9e5a-aa386d5620bd,"[(54, 134)]"
f3190031-d832-4077-811a-0f5ad3281183,"[(108, 125), (127, 223)]"
f191f1f9-e0ca-4ec5-94e6-22b731c2f88b,"[(238, 257), (258, 271), (275, 279)]"
5c165bb3-6b0f-4a85-9abf-f97a42baf7b8,"[(0, 0), (13, 72), (88, 159), (181, 182), (193, 200)]"
50d9bfc6-0ca9-45e2-bd95-8b5085f7384f,"[(21, 47), (53, 58), (60, 124), (129, 218), (247, 255), (258, 292), (295, 305), (309, 323), (326, 333), (334, 336), (339, 367), (370, 403), (507, 593), (594, 597), (602, 669), (670, 690), (762, 1096), (1101, 1129), (1266, 1276), (1278, 1324), (1325, 1326)]"
8e30c604-ca7d-4690-b8a4-adb1b0618095,"[(0, 6), (7, 24), (143, 205), (306, 411), (422, 425), (430, 431)]"
75fdc15e-d64b-4f77-9230-6246b0f69dc4,"[(0, 148)]"
6ff46f5a-e431-410d-b476-2857f84e1225,"[(0, 0), (44, 46), (52, 326), (333, 596)]"
b1e24276-b008-47fa-9e74-a85e1f441140,"[(0, 293), (297, 302), (307, 327), (338, 371), (381, 415), (442, 443), (500, 1006)]"
774a9375-be71-4416-b186-dc51bd1f54ab,"[(0, 0), (77, 236), (240, 253), (266, 273), (307, 308), (327, 356), (358, 573), (583, 585), (598, 781), (950, 951), (977, 978), (983, 1015), (1021, 1069), (1079, 1143)]"
e7bd2d06-c33c-465f-91ec-858f691822f3,"[(25, 42), (43, 54), (169, 190), (191, 237), (302, 310), (313, 323), (331, 337), (348, 349), (361, 412), (413, 464), (466, 839)]"
f040a950-c79a-4ed1-8935-bc3356c69dc2,"[(22, 34), (36, 87)]"
bcf47420-ba25-48ba-9a8d-a62f2c29f1d0,"[(3, 18)]"
fd0e41d1-54d4-4fe7-b8f3-af853c9d0ee3,"[(7, 150)]"
17e4b25e-f8e2-4688-abbe-390126f6b2a7,"[(34, 93), (99, 100), (105, 109), (201, 204), (279, 323), (333, 385), (400, 420), (476, 493), (529, 584), (585, 598), (602, 610), (615, 622), (625, 632), (635, 648), (857, 883)]"
fe051eee-df1c-41c0-bd9d-a715f5d4b660,[]
e00c86f8-4c7f-407b-a8b5-da1c161f0cfb,"[(0, 169), (171, 196), (198, 199), (266, 288)]"
f76cf82c-bc99-4c29-8c21-63f47a8eb8e5,[]
422f756c-e341-415f-9bb6-066783878820,"[(115, 172), (298, 299), (355, 423), (425, 466), (474, 490), (492, 539), (542, 679)]"
ed4e1c6e-6b3e-4a19-8ace-82f808f15bc3,[]
9b1f08b7-d125-43f2-9c1a-2c6b74b2cd28,"[(0, 329), (334, 436), (470, 471), (476, 481), (508, 534), (662, 804)]"
a0ac863e-92d1-4b8b-ae4c-53c724ecfafb,"[(61, 88), (94, 118), (120, 127)]"
982bb540-6445-4a77-9b9b-f5749a925baf,"[(0, 2), (3, 36), (38, 51), (57, 76), (77, 99), (100, 106), (107, 119)]"
a854f96b-734a-429e-a7b2-df2da8ec17e2,"[(182, 183)]"
2b5e0ce7-377f-48da-8a72-c226d94a1dea,"[(3, 92), (93, 96)]"
b09d8e33-6548-4f7e-8cb7-ea94e6942de0,"[(0, 26), (79, 80), (90, 114), (122, 125), (141, 370), (399, 400)]"
8d276f14-a3a6-4cb7-8a72-239b472b5d2a,"[(3, 48), (131, 140), (141, 146), (229, 231), (238, 266), (327, 351), (353, 406), (414, 473), (485, 525), (528, 540), (545, 569), (572, 579), (591, 647), (649, 734), (735, 921), (927, 1070), (1098, 1101), (1104, 1125), (1127, 1133), (1137, 1143), (1168, 1171), (1182, 1187), (1202, 1205), (1213, 1296), (1431, 1480)]"
5b7cfd73-faad-487f-929f-3550feb3e622,"[(122, 134), (147, 217), (219, 295), (297, 298)]"
95501666-28ef-498b-b782-4a8948e47f91,"[(0, 52), (56, 86), (142, 146), (161, 171), (173, 192)]"
cabcb009-d6a5-49b3-9cd4-687e538b0d91,"[(0, 9)]"
ce3bec93-6d20-4be6-a1e8-323e7f19f998,[]
8758f0c2-424a-4544-ad23-30ed21a802c5,"[(252, 303), (404, 409), (423, 492), (522, 528), (530, 543), (546, 557), (558, 570), (574, 603), (669, 676), (686, 744), (746, 920), (922, 931), (934, 1015), (1016, 1068), (1069, 1075), (1091, 1101), (1154, 1176), (1216, 1224), (1230, 1237), (1242, 1335), (1337, 1388), (1395, 1440), (1451, 1454), (1459, 1520), (1525, 1544), (1576, 1579), (1591, 1594), (1595, 1672), (1674, 1677), (1696, 1697), (1706, 1753), (1803, 1830)]"
4c84c2ac-0ea9-42fa-b8bd-5941e750c51d,"[(0, 97), (112, 149), (151, 200), (207, 245)]"
8b543a79-e98e-4110-9734-9a40c0410e32,[]
73bbed3d-bb5e-4aad-9523-43d4520f98e4,"[(0, 118)]"
8ca9b026-f8e1-4188-85a0-fbe6982793d4,"[(0, 8), (11, 43), (102, 103), (109, 114), (212, 215), (219, 423)]"
86276a73-2268-48ac-9847-2804fea0f677,"[(152, 241)]"
05b25330-d519-4f49-9b82-4477b8ef0980,"[(86, 95), (209, 220), (253, 292), (293, 354)]"
ffa63ccc-c9da-4c67-9ce0-745f5e01f03b,"[(0, 79), (192, 207)]"
6ed75a6a-4308-47bb-ab6f-28a5c19d20da,[]
a17a1a7f-d919-4aad-8c33-3c6bba073c45,"[(314, 317), (323, 360), (397, 558), (560, 734)]"
9c7cb7da-cf3e-4d50-82ff-0acf1aef6201,"[(51, 86), (105, 192), (597, 598), (633, 634), (638, 704), (710, 767), (835, 910)]"
bca062ea-0a31-4933-ba1d-b07195de01b3,"[(0, 54), (143, 144)]"
59bc5e98-fff6-4565-abfa-db59d3a49a3f,"[(0, 0), (31, 33), (287, 455), (549, 860)]"
ee1f0ce5-963e-4837-bbe1-c725ed9d2d7f,"[(62, 80), (162, 337), (345, 363), (369, 435), (474, 489), (660, 856)]"
32f8375c-71e3-42ff-bcff-35860be7a083,"[(156, 166), (175, 251)]"
52d93be3-a332-4ddc-a829-b969cebc4456,[]
792814d5-8f4f-4e08-8966-63bc9c3c1f6f,"[(0, 198)]"
8e48ccee-3c97-433f-b788-ca65067cdeee,[]
68fe5d63-c19a-4f87-b929-c0a810918b54,"[(140, 141), (287, 309)]"
b10f55e4-0fdf-4ad2-92e7-56b7de4b03b6,"[(0, 0), (29, 30), (48, 271), (289, 301), (306, 545), (547, 548)]"
ac6deb93-1f7f-435f-8b09-908d628ec5e7,[]
f7e423ec-f0fe-46c8-a194-664522c49ae4,"[(0, 97), (100, 262)]"
8de5bfc0-a8a5-4da1-8b71-316dcc0c1260,"[(26, 31), (34, 41), (117, 119), (244, 259)]"
3015206e-12da-4463-a936-856503d76be7,"[(0, 422)]"
dc38b8ed-aa42-4998-9846-0fb6d13a1329,"[(0, 34), (63, 64), (83, 98), (102, 120), (124, 150)]"
4a5fc1cc-58af-4bd7-b301-a9e3bf264687,"[(7, 33), (221, 260)]"
5bdeb84b-6297-4747-8c40-70ecf24f03c8,"[(2, 4), (8, 56), (57, 93), (118, 121)]"
16f16720-f492-4830-9671-022a8bb720c9,"[(9, 35), (54, 157), (166, 200), (348, 355), (361, 384), (385, 395), (531, 577), (591, 607), (611, 612), (683, 696), (697, 728)]"
8cd5fe9f-c410-43db-9b7a-cf0dff1bae18,[]
6424de01-9133-4380-bcd1-b2b229fe7164,"[(3, 107), (114, 117), (127, 146), (157, 158), (237, 314), (356, 360)]"
82bfb6b0-073f-4813-a69b-e095284750ea,"[(0, 10), (19, 33), (37, 42), (44, 73), (102, 605), (607, 668), (670, 734), (747, 835)]"
6a1e9ef8-2623-45fb-a920-bac0627aa782,"[(0, 129)]"
57ca1051-08c6-49f3-b029-13fabddb685c,"[(71, 116), (119, 279), (280, 288), (303, 327), (346, 378)]"
aea9e852-47a5-42d7-875c-d9869a9f65f7,"[(73, 126)]"
89861291-c4eb-4a51-9581-029da6c9cb6a,"[(0, 44), (51, 58), (63, 67), (75, 120)]"
1c0453d9-5dd2-4064-8e5c-58c1ad21c0f7,"[(492, 528)]"
3cecbf2f-14de-4259-96a6-25b41f26f4a7,"[(0, 1), (2, 119)]"
ca2daf20-b808-4c6f-9231-79e8f06dcd83,"[(61, 63), (66, 118), (131, 147), (171, 173), (192, 201), (301, 314), (327, 328), (331, 384), (385, 389), (429, 433), (521, 557), (558, 609), (712, 869), (881, 890), (891, 903), (907, 1051), (1060, 1064), (1077, 1084), (1088, 1095), (1110, 1111), (1114, 1116), (1148, 1167), (1172, 1192), (1194, 1211), (1347, 1393), (1408, 1510), (1611, 1618), (1628, 1640), (1811, 1813), (1818, 1825)]"
7156314d-de01-483c-a39e-a7ccb6f0830c,"[(0, 0), (36, 37), (60, 214), (217, 311)]"
13b60b62-f6de-4f2b-9dc6-4ffa53c03765,"[(3, 98), (205, 256), (266, 271), (272, 275)]"
d32b89d9-af26-4373-a584-b4ce119be8f0,"[(102, 120)]"
c8178b0e-a83a-4905-aeb1-288d4f7abe69,[]
0cd382ce-91a9-4d81-ba6d-dfd20d2ce8d3,"[(58, 196), (198, 245), (249, 258), (259, 264), (267, 272), (285, 286), (289, 290), (297, 326), (331, 332), (380, 419), (420, 432), (433, 464), (575, 580), (589, 596), (601, 607), (611, 617), (781, 790), (791, 858), (859, 880), (884, 888), (890, 892), (913, 1005), (1063, 1070), (1524, 1556), (1557, 1583), (1609, 1612)]"
a9302ac1-2428-4b5e-b3f3-cc4c67adbfda,[]
e494c394-f80d-45d2-a0a1-e1c613296393,[]
2553ad6c-27f3-4288-a6ea-c92a795d80a2,"[(0, 404)]"
94dc9638-b0b6-411d-a1a9-9d41b3271675,"[(20, 22), (45, 66), (68, 117), (165, 175), (176, 180), (250, 284), (375, 460), (495, 519)]"
2c252353-a884-48ca-b50b-ef1b0fef8ee2,"[(0, 105)]"
4470c5d4-9999-43a3-a7ec-593c38f4279b,"[(446, 461), (510, 521)]"
40c9f7b9-8aab-47a5-af76-3f283a343683,[]
b69e6169-0ff5-4f58-b227-f84c8631ad49,"[(0, 92)]"
700b7a9f-7420-48ee-8cc7-da4feebfb394,[]
88af48d2-d721-441b-8afc-e843454fae19,"[(0, 321), (331, 336), (340, 344), (361, 369), (377, 401), (403, 654), (661, 883)]"
8b31d80d-2ec3-4a8e-b93d-6a7a9a677cf2,"[(43, 67), (343, 346), (347, 351), (352, 364)]"
55de736a-42f6-4d83-bc6c-a422966600ed,"[(0, 9), (12, 155), (176, 177)]"
c185bec6-51bc-40e4-95f2-9a81bb3bc8b7,"[(0, 170)]"
c231b03e-c4d4-42a6-9b94-fc8ba4b9196b,[]
252e5815-8766-4707-9292-77241e86467b,"[(0, 0), (2, 508)]"
684aab03-0404-402f-a74e-c33c2d681b8f,[]
58bd26d6-c1a0-4a6d-96fc-97e321799a4a,"[(0, 11), (20, 90)]"
3ee81726-8645-465d-a953-ecff1e82ed3c,"[(0, 108), (110, 236), (326, 332), (336, 358)]"
e6352348-b707-4d60-8b9f-cab74106156e,"[(90, 123), (208, 228), (239, 241), (315, 383)]"
54a78a7b-b178-43d5-9e01-9dd56e7cdc64,"[(70, 144)]"
9a98766e-fb7c-437d-83d7-46b2e8f0514e,"[(196, 268), (269, 279), (280, 328), (554, 563), (573, 578), (769, 785), (794, 810), (827, 865)]"
ed62bf5b-6ab8-41b1-b0e5-ee2f6170ae06,"[(55, 59), (62, 157)]"
ebae0c10-3ef6-490f-b405-d4d99b750c9a,"[(0, 0), (60, 230)]"
e7198d11-061c-4e4f-b350-c79b624d7ab8,[]
af73788f-44ed-4bab-9f3a-8b1be9711588,[]
aadb86b2-66ff-4bfd-b5cf-14f586d37140,"[(0, 158)]"
2bc23e97-84d5-4d7a-b4f1-e628892f37ec,"[(0, 476), (478, 500), (505, 534), (549, 550), (555, 556), (560, 566), (570, 575), (605, 645), (660, 682), (724, 725), (805, 811), (823, 824), (865, 871), (876, 900), (913, 1179), (1181, 1183), (1192, 1199), (1205, 1276), (1327, 1337), (1358, 1359), (1370, 1372), (1402, 1403), (1424, 1431), (1531, 1547), (1549, 1657)]"
0b9d045b-f82b-4314-8da7-36a2aa590c83,"[(2, 36), (87, 90), (123, 175)]"
e2bed8aa-ac7c-4017-ac95-17485ee9289a,"[(0, 0), (1, 189), (200, 213), (233, 358), (360, 563), (565, 1084), (1166, 1167)]"
49ea7565-2412-4be3-9e45-36e1d0b5c367,"[(606, 611), (677, 701), (702, 723)]"
fb348a7d-5863-402c-9863-a7f50513f706,"[(0, 325)]"
29e569ba-5ae0-41e0-8bf4-dc82477ed8c5,"[(0, 54), (66, 67), (71, 72), (83, 85), (91, 98), (100, 1089)]"
d42dbb24-603b-4014-a814-f5a3e035df25,[]
b653b98e-0804-4125-b13c-8e58837681db,[]
16e947ad-b806-48d0-a9fc-6c221f36484f,"[(61, 73), (632, 730), (731, 748)]"
f07d0020-26da-491b-b81e-a47f31dbc680,"[(0, 0), (91, 92), (99, 148), (174, 366)]"
91f4710a-3b87-4ffa-9e7a-97b1bf9752f1,"[(24, 35), (36, 80), (94, 125), (199, 228), (246, 253)]"
e75832fe-c544-4352-b4e9-17ca41f9ef31,"[(0, 131), (479, 487), (495, 560)]"
d5d0414e-fec4-46b1-8110-6266f485ab9f,[]
a99d7cea-5dec-4436-950f-b28d26b7a377,"[(63, 71), (73, 85)]"
af4f5e59-5466-4f5c-ac90-2627cb343431,"[(7, 13), (16, 20), (23, 39), (42, 68), (74, 79), (84, 92), (116, 119), (147, 167), (171, 179), (188, 241), (243, 244)]"
1abf08ec-7cd9-48de-b505-f83ec3a3ba79,"[(164, 205), (262, 322)]"
4152e588-7bc5-4221-902d-d18fda24028f,[]
e9616cf9-6e39-419f-9b6f-a72cc45c03de,"[(395, 412), (435, 440), (453, 458), (473, 484), (486, 489)]"
d4c56fe2-8105-46fc-9cf3-aee1bf6d231e,"[(9, 39), (43, 44), (52, 53), (55, 59), (297, 355), (356, 409)]"
8e0f8652-4089-4def-bc1f-95cccfcb720c,[]
a40655a7-8b4e-4a01-b40a-e3c14e534426,"[(2, 5), (11, 32), (156, 161), (181, 187), (196, 202), (206, 238), (288, 293), (294, 325), (384, 388)]"
1bd8fdc6-b3a6-47c8-93fc-ca620f2550a3,"[(0, 0), (11, 100), (163, 267)]"
945c6b83-ff9c-49e8-99e4-db186173a029,"[(73, 226), (227, 230), (307, 345)]"
1949bba9-5c48-4c83-9b59-f7ce59854e91,"[(3, 21), (115, 191), (193, 228), (229, 297), (356, 376), (382, 385), (389, 419), (422, 448), (453, 532), (768, 771), (779, 802), (813, 822), (827, 845), (911, 989), (992, 1061), (1106, 1112), (1115, 1125), (1128, 1134), (1138, 1139), (1143, 1146), (1149, 1157), (1192, 1273)]"
07a64907-4f9a-44b2-876d-b85de66f940c,"[(4, 16), (19, 21), (53, 171), (174, 279), (280, 297), (298, 310), (311, 325), (350, 352), (373, 419)]"
99f2bf5d-278d-4172-86df-4514fd32d089,"[(20, 117)]"
ec948550-d043-48a1-a434-3612aadb8690,"[(175, 182), (184, 200)]"
c2efbbb0-eb81-4e96-ae2f-e77ce3b702aa,"[(91, 104), (416, 471), (473, 574)]"
cd12bffd-d9a5-4420-83bb-96c2efe4b6a0,"[(0, 129), (158, 164), (169, 177), (178, 179)]"
64725bb5-bb63-49b3-8e9f-cc03cb09fe12,"[(5, 6), (46, 83)]"
8e8ca1ce-eb59-49fe-9bb2-b755f6b63827,"[(539, 560)]"
9220d0e2-d276-403a-a28a-4a8f8655f3b2,"[(0, 392), (408, 409)]"
9ae7b660-adf6-4e5f-a607-06d4e66e8801,"[(0, 15), (36, 38), (43, 54), (63, 64), (70, 270)]"
4931916b-1247-46b9-a00b-2550e5f48e16,"[(612, 664), (668, 675), (685, 709), (963, 969), (977, 987), (1017, 1211)]"
d0053fd7-1284-41c4-9282-5f3b062d9d07,[]
facf547e-3433-4ba9-9d5e-aeccd2aea349,"[(261, 279), (285, 384)]"
103265a4-d11b-4251-b516-4f296068496f,"[(0, 0), (1, 108), (112, 200), (205, 434), (440, 441), (450, 456), (466, 467), (471, 472), (477, 581)]"
ab15d67e-c800-4850-844e-f34df16fc916,[]
d05c1119-7071-4c09-b55d-204d341b89b5,"[(0, 151), (179, 180), (209, 210), (315, 458)]"
236fd269-0712-4b3c-9db7-713c3b0be561,"[(148, 251), (252, 413), (486, 488), (710, 713), (721, 750), (755, 766), (775, 829)]"
548d139a-a3b2-4f00-a017-fd62a88f11a6,"[(33, 109)]"
69678a01-35ea-42bd-9877-0270887cb799,"[(0, 40), (64, 78), (84, 108), (133, 435)]"
faf84b43-6b72-4e43-b59a-c3e71247c327,"[(0, 29), (35, 40), (48, 50), (200, 264), (269, 272), (362, 363), (372, 374), (375, 420), (422, 423), (430, 465), (468, 473), (487, 525), (550, 565), (566, 661)]"
f02d76da-859f-4c06-a234-8ebc3c8fcac8,"[(82, 126), (127, 134), (138, 154), (156, 170), (175, 176), (181, 313), (362, 373), (381, 382), (529, 594), (595, 734), (944, 966), (974, 981), (994, 995), (1022, 1039), (1057, 1092), (1135, 1140), (1154, 1162), (1166, 1202), (1968, 1979)]"
0dce4eb3-5aec-4347-93f1-8c0ecca663f0,[]
900663d0-e78e-4c30-bab0-40a94ac69f81,"[(219, 300)]"
92c4a82d-5102-4f8c-a4c7-c057674b3dc3,"[(0, 155), (178, 210), (211, 282), (301, 374)]"
239418d4-011d-422b-bb65-0ab875c1cb1e,[]
01a4b093-fed9-4f99-b978-7f65ad080b2b,"[(599, 693), (709, 716), (764, 848), (852, 924), (927, 1003), (1004, 1052)]"
70d46734-62e6-4cb5-b006-f0bbda72247e,"[(5, 10), (16, 20), (79, 88), (129, 169), (175, 221), (248, 262)]"
d303a7e2-86df-47d0-b303-61a4e4454fea,"[(0, 159)]"
a2d76d22-a644-408d-b70e-0b9d076e171a,"[(0, 492), (494, 504), (506, 515), (578, 1205), (1216, 0)]"
284ab48b-5a02-4bb2-9721-c8cc5470a13c,[]
2f22c888-05d7-4853-887c-e6b91981230d,"[(83, 115), (118, 140)]"
d1344484-d79a-4be8-a069-ba80469b4914,"[(82, 251)]"
8bf631ed-2afd-4d21-bfe4-ceb3dbb20422,"[(2, 71), (230, 247), (626, 631), (633, 668), (704, 715), (718, 723), (726, 782), (815, 918), (920, 1002), (1317, 1348)]"
11869a10-2455-40a1-8a95-fa87facbcf6e,"[(5, 6), (197, 212)]"
c635173c-86b2-4ebd-839d-948556618a67,"[(0, 201)]"
b7aae31d-79f0-4c7d-9d3e-086b1e0388f6,"[(0, 0), (28, 30), (64, 66), (72, 423), (424, 680)]"
c58b477e-2874-4c88-a01e-01b86fb819ce,"[(0, 0), (48, 57), (81, 82), (111, 205), (207, 640)]"
7b04fcc0-9142-4aa1-a861-500b3634b72d,"[(141, 158), (649, 652), (658, 661)]"
7d6ba4d5-269f-4fbc-964e-61f62e8591f9,"[(114, 127), (129, 181), (185, 238), (242, 289), (292, 314), (396, 427), (510, 517), (523, 597)]"
1879ff32-04ee-421b-b3dd-f8ccedd22124,[]
da100b1c-7d89-4ec2-88b9-0bc422bb2e95,[]
6f71701b-8c6d-4069-ad94-01ea39bed989,"[(21, 26), (35, 46), (69, 147), (148, 158), (159, 178), (191, 194), (212, 226), (235, 239), (242, 291), (294, 326), (389, 390), (443, 499)]"
b5972b8a-1d7d-4252-9d35-be98c4b7ab3c,[]
ede4d9b8-84ba-4fe9-9ef7-f62e369c1b89,[]
999d5f64-c731-4147-a389-7822e03ac431,"[(0, 188), (202, 203), (325, 353)]"
de121811-be64-4ba9-841f-3da76c7367d8,"[(89, 111), (114, 140), (143, 154)]"
5b3cf37f-aca4-4639-971e-8109f40d737f,"[(0, 0), (15, 50), (69, 615), (717, 725), (729, 901), (948, 965), (984, 986), (991, 1009), (1012, 1074)]"
f80bfd29-d424-43ad-87ae-4bbcc46750d5,"[(2, 30), (61, 78)]"
b62b10fb-212a-424a-860c-1e2dab600cb6,"[(25, 94)]"
cd1b261f-0b8d-4c87-9df8-cf85492d6505,"[(0, 0), (9, 652)]"
4811470c-41e5-4a75-b34b-ea140fa05e71,"[(4, 8), (11, 92), (95, 137), (169, 171), (173, 245), (262, 266), (301, 324), (338, 369), (372, 397), (430, 440), (549, 556), (581, 602), (604, 628), (631, 817)]"
7e95744a-cd0d-4a77-b330-226736f194a5,"[(0, 31), (202, 336), (337, 378), (424, 455), (474, 477), (508, 563), (564, 571)]"
a89d796d-a851-429e-bc1f-cc80f150dd00,"[(0, 1), (27, 110), (157, 186), (188, 891), (907, 941), (964, 965), (982, 983), (1003, 1008)]"
b07893b4-e6b7-4941-96f5-1530f9425006,"[(111, 114), (125, 147), (153, 222), (238, 243)]"
5854eed4-c27a-486f-8286-7ee5b13f4702,"[(124, 141), (243, 325)]"
279db871-5759-4d23-a588-3e26d64d337e,"[(39, 57), (83, 103), (223, 232), (247, 260), (295, 338), (342, 352), (383, 407)]"
efd1ac0d-88de-43bd-9cd0-97e676f67cd3,"[(0, 153)]"
f2301ccb-50dd-48d4-b68c-149e00991dfd,"[(0, 1), (2, 307), (361, 362), (372, 400)]"
2d2fa27a-f28f-4f1a-a947-5bfeec14f713,"[(0, 0), (11, 318), (353, 429), (457, 562)]"
920fd219-bd60-4152-9eae-1b135d245938,"[(0, 287)]"
f69739c9-1164-4c1b-8f21-5a726423e48b,[]
e8f3b941-ee50-43ae-80a6-e7efe559c419,"[(254, 257), (325, 339), (342, 368), (808, 814), (824, 842), (881, 890), (899, 909), (911, 922), (923, 934)]"
065e8ddd-3e92-4af2-9b1c-d18bb61faa28,[]
2b399310-50ef-4bf1-8fa2-8b5e4eb3bfd7,"[(0, 130), (248, 249), (484, 540)]"
b3e97958-c39b-4553-9d96-8c149a82f214,"[(0, 29), (33, 141), (142, 187)]"
1d8a458d-d7cb-42ca-abf9-ddb34b7bd8c4,"[(0, 108)]"
a29ebba9-2d3b-4b4e-9bfd-5b68e23b6b9b,[]
a5ffca9e-44bc-4014-ab0d-fa78db43bfea,"[(0, 0), (11, 27), (33, 159)]"
9bd38da7-5c5b-431a-8136-1f3049898864,"[(0, 66), (96, 264), (266, 286)]"
2522b929-2728-4be2-98aa-1be9647a40c2,"[(194, 233), (242, 247), (271, 276)]"
a0bd150d-2368-40af-822f-ec2cdd01e58f,"[(52, 56), (57, 76)]"
c8facb68-8657-445f-9500-13e334fdd025,"[(0, 0), (30, 189)]"
30aaa9b9-4226-4ee2-8ef1-8c76a44181b6,"[(0, 67), (82, 85), (105, 297)]"
15fcd8c5-efa6-459d-8cbb-7281f90f8abf,"[(0, 8), (13, 20), (31, 38), (43, 59), (61, 147)]"
7989f6e6-ed7e-41a0-a7b0-a8f951d23528,[]
cd351500-048a-426b-b452-e37e6e7bfd7b,"[(0, 314), (336, 337), (355, 356), (359, 381)]"
9a249a6b-17d4-49d0-a2b7-69c58312883d,"[(0, 22), (23, 44), (46, 106)]"
6b2acb68-a9c8-4fd5-8cf0-59681b39c986,[]
bbebcf19-ecbf-41d1-ac1b-d696727b8987,"[(15, 254)]"
ddbe4a67-b4c4-4acb-ab5c-dcd15e93a5c1,"[(0, 0), (15, 250), (327, 577), (677, 1057), (1077, 0)]"
684e8aac-0886-4be7-869e-55f22c422784,"[(7, 90), (128, 203), (214, 239), (240, 382), (384, 392), (394, 416), (425, 587)]"
2632fe7a-a5d7-4c15-a751-89ef23278f4a,"[(79, 134), (754, 780), (881, 922), (923, 996), (1060, 1061), (1066, 1112)]"
5a4a9019-438d-4442-a70d-fe90bcf6ab5e,"[(0, 1), (26, 27), (140, 181), (277, 423)]"
db7a6ff0-3d2e-4bda-b204-9348f408c13d,"[(0, 0), (57, 401)]"
b87c729b-2042-4e05-8408-200832af37ac,"[(0, 0), (40, 41), (68, 217), (220, 228), (240, 242), (267, 305), (310, 377), (379, 381), (385, 389), (397, 417), (473, 474)]"
cd4f120f-5ea9-475f-b6c8-b26cec926cd5,"[(0, 1), (22, 23), (47, 48), (90, 256), (266, 599)]"
8c9dd858-a29f-42a3-b01c-0c554f6a09d7,"[(0, 0), (8, 24), (40, 105)]"
360e8bc2-9cd1-4c00-964a-0f56c29454ec,"[(113, 117), (183, 260)]"
65ae23fd-9f82-44ac-885c-93cf5119ef37,"[(298, 356), (566, 575), (576, 612), (615, 620)]"
b46c17ee-b28a-4e2d-b542-1b2117fc8a57,"[(141, 184), (230, 250), (289, 318), (320, 333), (336, 374)]"
e68ef0b4-2d62-4d6e-a99a-482d128df172,"[(4, 6), (29, 45), (73, 99), (284, 290), (294, 297), (400, 421), (426, 452)]"
695b547b-80b3-4709-964b-034d2582116b,[]
d826d422-3ab7-49a0-8b85-d9f77e5e8429,"[(22, 86), (167, 175), (203, 204), (209, 210), (213, 257), (269, 270), (471, 485), (544, 631), (642, 668), (684, 708), (730, 796), (1024, 1028), (1031, 1034), (1050, 1074), (1110, 1164), (1167, 1196), (1632, 1641), (1709, 1728)]"
07955ea6-ae8c-45da-bb80-882818e1d45e,"[(0, 31), (175, 196), (198, 201), (205, 209), (213, 214), (217, 222), (235, 356)]"
b28e6f58-7095-4b47-a19a-66cca7b90dbe,"[(43, 196), (305, 325), (328, 348)]"
95171a32-90a8-4933-8245-598584d3305f,[]
400a730e-7557-4eb9-b72a-6ceb7d25f43e,[]
534264ff-f786-4aca-be43-829370fd0fdb,"[(222, 224)]"
f70e9c17-b2fc-4fb8-b34f-01bdf14e46bc,"[(0, 38), (41, 53), (221, 240), (248, 268), (270, 274), (282, 317), (320, 331), (350, 414), (415, 423), (735, 737), (743, 746), (751, 763), (797, 877), (883, 926), (934, 976)]"
dc1dd903-c2d7-4209-8ed4-89c25b4ea5da,"[(26, 97)]"
d566b1f3-af48-4844-b764-5e87da788d2a,"[(0, 0), (15, 21), (24, 225)]"
68739f48-b705-469a-a9c7-97faea3e3c68,[]
281cb690-3401-4764-9981-a651d1f55976,"[(91, 94), (149, 236), (240, 288), (295, 306), (308, 329), (330, 354), (360, 404), (406, 545), (547, 632), (633, 765), (766, 851), (853, 897), (899, 918), (921, 1073), (1086, 1096), (1109, 1123), (1124, 1133), (1134, 1148), (1151, 1209), (1211, 1384), (1385, 1400), (1402, 1475), (1478, 1510), (1512, 1586), (1587, 1898), (1910, 1982), (1993, 2035), (2073, 2082), (2099, 2105)]"
48f82444-ecbd-4c67-a8f9-ef36f263625c,"[(0, 69), (88, 98), (177, 190), (193, 195), (201, 314), (317, 361), (378, 380), (387, 390), (401, 405), (409, 414), (426, 435), (451, 550), (552, 677), (688, 689), (692, 708), (714, 1028), (1086, 1092), (1101, 1236)]"
6b6c7b91-7e23-4a73-840f-9171830ee908,"[(0, 0), (23, 32), (132, 145), (189, 190), (302, 564)]"
0a6c55dd-51a7-4cbc-97a6-8ea3e0a6b5fd,"[(0, 6), (8, 545)]"
fa74a382-e144-4b7a-8437-3fd9b3f000a2,[]
b6231f85-f069-479f-b78d-c591301ccdf7,"[(54, 81), (266, 274)]"
f6d71917-ce41-4e99-8925-1b06caa887c2,[]
681cae27-2e1d-4c7e-858e-c08bcbe5291b,"[(4, 28), (29, 116), (327, 334), (336, 431), (916, 942)]"
a4529b55-0702-48ad-b6cd-545070e064c7,"[(0, 0), (2, 115), (122, 125), (131, 390)]"
fddb821a-76e5-4d36-869a-d0bfeb87920a,"[(55, 224)]"
3cf7b302-e216-4bc9-9334-5c823ef575f5,"[(68, 73), (109, 115)]"
16c85b00-1774-4b17-b7f2-979298323952,[]
a3c0600f-7ce9-4853-bd3f-bf1eb17cb101,[]
b4cb700d-5cdb-44ae-a401-14cb9a3990ab,"[(75, 78), (267, 276), (278, 305), (422, 428), (914, 994), (1026, 1049), (1068, 1080), (1372, 1378), (1384, 1394), (1698, 1708), (1784, 1798), (1898, 1979)]"
00b9958a-d7a1-43b0-9620-e7d1a16f5880,"[(324, 331), (508, 569), (571, 574), (589, 593), (610, 633)]"
96a56d7d-762a-4750-ae80-2cf2d4cd01f1,"[(856, 865), (867, 877), (880, 914)]"
dde19a9e-e1c3-43ac-a7ee-d21212577aa0,"[(0, 182)]"
dfeee857-85ae-42ca-8a68-eb5ddb865285,[]
db5fa8dc-78fc-4d19-9745-703da7e7dd2d,"[(0, 151)]"
99acff75-90d9-422e-bc3a-7ea5c1e7edcc,"[(0, 29), (31, 97), (164, 167), (208, 209), (226, 227), (234, 307)]"
03b45811-9023-445b-a776-15f88a1686b7,"[(0, 0), (1, 249)]"
ec8afc59-2107-4fc0-8883-36575420df69,[]
585e7607-5641-4670-8b76-95444679d9c7,"[(0, 3), (124, 128), (132, 138), (142, 165), (169, 172)]"
6f251112-f8c7-45b6-8872-bcc8d1bbcc29,"[(0, 46), (48, 59), (521, 541), (970, 1014)]"
ce35e2b6-c125-43ca-9d4e-356649cd7c0a,"[(0, 265), (456, 483), (497, 506), (928, 933), (1045, 1075), (1101, 1137), (1431, 1840)]"
f2f7f306-af49-4b18-9ec7-ed14654257f4,"[(244, 249), (252, 256), (275, 400), (401, 426), (463, 480), (509, 517), (518, 523), (532, 537), (548, 554), (556, 561), (989, 1040), (1396, 1398), (1423, 1426), (1444, 1491)]"
9c5d706f-6eb0-4813-8635-daa3ecb1f033,[]
7f067f59-dba3-4212-9c0f-f9ead11a191b,"[(15, 21), (22, 30), (178, 179)]"
8a466e36-5652-4ce5-adcd-e4dbaaf3d1c7,"[(14, 33), (43, 50), (54, 68)]"
0ac9f22c-e224-40bc-99b6-b8da56d87d47,[]
82ec8344-f2b7-439e-bd9c-6bb671f6cd72,"[(250, 257)]"
57afcc8e-0999-4eb1-9b05-fc0843178ae4,"[(0, 73)]"
13e1ea0b-66e4-40d4-961c-b2bc3ec47241,"[(0, 22), (25, 28), (35, 59), (76, 82), (566, 596), (602, 652), (653, 858)]"
6b5a3e52-69d5-45b5-b977-50d39f606b02,"[(81, 124)]"
14e1cde6-a9ff-4078-bc94-ca3e5de358cb,"[(0, 137)]"
ee05dab2-49b4-4175-9d3c-3c0ce7389feb,"[(43, 118), (127, 129), (142, 143)]"
85347977-0f2f-4fea-ab16-712c4472ae36,"[(0, 1), (27, 116)]"
a3e488f6-f886-4f02-bcd5-4fbdd4c69531,[]
81f45dbb-2f3f-4871-bbe5-2dfc9a2a150b,[]
e5be1538-70da-4204-9e76-8b8f5e439d79,[]
44186a75-56bc-44e1-8e19-6d4e12fa50f7,"[(138, 140), (144, 182), (187, 201), (232, 234), (242, 291)]"
5c5fbc57-a4fc-44ba-9c4d-331421e52390,[]
b54089dd-c4ee-4407-9c3a-0dad94acebed,[]
eeab6659-c43c-47ee-a8ff-863d71cb2367,"[(2, 99), (110, 118), (205, 208), (242, 243), (257, 260), (309, 318), (321, 367), (375, 406), (518, 551), (639, 659), (870, 873), (912, 1016)]"
03b0da66-a51b-4ac0-9341-48eeb49a3e83,[]
f35c6697-e08b-462c-a223-a9e790c642a6,"[(0, 1), (57, 83), (85, 93), (96, 99), (145, 271)]"
b7dc2aa4-bbbb-42b0-adb9-00a48a8144ba,"[(0, 81), (121, 151), (154, 159), (0, 0)]"
7d143243-163f-492d-829f-446936ef6050,"[(0, 122), (131, 146), (191, 200), (202, 210), (384, 406), (426, 429), (438, 439), (504, 505), (521, 522), (531, 575), (577, 578)]"
9d08b148-9f86-4a2c-81a4-25be6b51773d,"[(0, 3), (6, 153)]"
b96eeb55-4312-4a62-bd3a-63292cdef163,"[(287, 291), (419, 421), (452, 453), (463, 481), (534, 538), (621, 725), (726, 773), (777, 783), (788, 800), (802, 860)]"
f845f4e9-8a9e-4021-ac63-190fa60c54bf,"[(0, 67)]"
531bed47-00e0-4c36-b375-048399d07bd5,"[(402, 425)]"
deef1691-2659-4abe-a110-5cb7692e2630,"[(32, 33), (36, 39), (50, 58), (331, 334), (337, 340), (343, 364), (375, 376), (395, 396), (623, 624), (630, 647)]"
683643cc-3a43-4014-bbeb-d5b088ba5183,"[(78, 102), (170, 197), (237, 240), (257, 262), (671, 735), (736, 806), (808, 907), (967, 974), (1000, 1024), (1030, 1049), (1064, 1069), (1273, 1402), (1403, 1591)]"
8b66156d-b87e-4023-97e6-91ab5d5e233f,[]
952fc3d7-c0ab-4a51-bc23-b8ce7b1b663d,"[(0, 0), (59, 60), (80, 81), (84, 275), (289, 297), (303, 305), (345, 705)]"
9211e764-9bd8-4e8e-ba60-5551ff764b34,[]
6a091e7a-dcd1-46a1-996e-80d34db365c3,"[(0, 0), (3, 71), (74, 142), (177, 294)]"
2edd7cb3-c59f-4094-baa4-0b88c00fbfc9,"[(0, 65), (87, 88), (93, 99), (103, 258)]"
41ef57d5-5a7a-447c-949a-f6099455b67f,"[(221, 267)]"
62437107-d4b6-4b9a-9678-d128d8ec1d11,"[(0, 1), (6, 8), (12, 16), (19, 0)]"
08883acc-bca6-4877-afca-c53b894ac690,"[(3, 73), (74, 149), (150, 182), (183, 260), (423, 432), (644, 661), (723, 728), (729, 852), (853, 860), (1363, 1365), (1366, 1375), (1533, 1659)]"
325cbf7c-28e6-4dbb-8ddb-0a03569afdb6,[]
83b11787-0683-4dd8-baff-7ad51b3f059b,"[(4, 5), (20, 30), (35, 59)]"
a22fa615-3997-40f5-9e95-48a79baee04f,"[(349, 413)]"
0bed0924-c7cd-42eb-95ca-87113b8b6f26,[]
0eecf6f4-043a-47de-8b84-590bac9263af,"[(757, 764)]"
444de1f9-ec6a-4045-90f7-8ac255ed0e80,"[(0, 4), (11, 74)]"
61a4568f-9ba4-4f41-a9dd-287741c2b812,"[(126, 127)]"
7d7c4efb-e32e-4ba1-a8e8-7ba83df8fcf2,"[(0, 17), (87, 123)]"
f60152be-6ccb-40cd-8c9b-0b74b72a9f52,[]
4828adc3-4bb3-4d6d-9151-d46568e3b8d2,"[(0, 779)]"
dd04855f-7d55-42dd-b8be-36ca5b3ff449,"[(0, 1), (3, 289), (306, 371), (384, 407), (411, 446), (451, 695)]"
122c1537-5402-4f81-b389-8b265886b84d,"[(8, 17), (24, 29), (89, 91), (92, 111), (182, 188)]"
b8dacd2d-6d02-4dfe-91c7-318bf80a12cb,"[(0, 145)]"
e7f59a85-cf71-4122-92e8-dc8b987ef321,"[(0, 36), (124, 129), (130, 145), (154, 162), (175, 236)]"
b2707252-7d37-4699-bf48-e21fc6f7e1fa,"[(0, 129)]"
fbd891e6-6800-4141-9f0c-f54d54d0ccad,"[(51, 67), (165, 176), (182, 184), (1854, 1912)]"
3dfbd163-9ea1-49f6-8118-4acecef619a5,"[(0, 13), (21, 142), (147, 152), (164, 165), (196, 330)]"
3893da3f-654e-497b-9966-05bd80daa382,"[(11, 17), (21, 27), (33, 70), (146, 171), (175, 229), (231, 315)]"
d4cc9b20-3066-4b93-a8db-6af70b2612b8,"[(0, 1), (10, 71), (74, 509), (519, 565), (578, 588)]"
6a9d9986-e50a-433a-8c6b-207ec16be9c7,[]
df799f0a-3c0a-4c54-8efa-8fb1758a4c0e,"[(53, 62), (63, 93)]"
af56ebd4-cdac-4da5-acdd-8d2edabd9be2,"[(75, 219), (366, 551), (552, 593), (594, 606), (607, 650)]"
977b9900-1c2f-48f2-b947-24b2e80e34c8,[]
7cbd7a38-87d8-40b2-a921-cdc978f38ccf,"[(0, 53), (61, 62), (76, 85), (94, 122), (132, 137), (151, 262)]"
2fa5e401-ac53-4c02-82c0-020b35ad231f,"[(0, 350), (353, 394), (399, 400), (413, 846)]"
02c0ba58-059a-45b5-833b-296ee6c1492c,"[(131, 139), (147, 207)]"
fe39ee39-eac9-4970-8080-23a0936153b0,"[(0, 0), (7, 26), (32, 42), (58, 0)]"
c101028c-795d-4d98-96ed-48342ec4dbab,"[(10, 64), (68, 70), (72, 74), (109, 111), (128, 134), (135, 139), (142, 314), (325, 336), (399, 629)]"
d50f7219-acfa-4c35-81e3-3f6874d269bc,"[(152, 174), (175, 237), (270, 368)]"
f66309c2-ab53-4b59-ae84-513d250248c5,"[(0, 60), (74, 92)]"
0db735b5-b8f2-400a-afdc-b8ea09bc5294,[]
ab93a493-2868-4b74-a21d-53587db7f641,"[(168, 226)]"
87d8d893-199a-44c8-a775-dc0276452b6a,"[(0, 1), (3, 71), (223, 226), (238, 251), (255, 278), (286, 706)]"
654beee1-71d1-4316-81b7-a0e8672eef2c,"[(0, 1), (3, 273), (274, 275), (278, 311)]"
58981bad-5818-4d40-aed8-c4ab21e6f08a,"[(8, 16), (21, 120), (1029, 1032), (1051, 1067)]"
0fe6db9d-4c4a-4932-875c-8b679743e9c6,[]
1df79815-f03b-40dd-bef5-88cc81267283,"[(0, 181)]"
76d81366-6824-4a5d-ad84-20584c7139e3,"[(33, 113)]"
e959933b-f12a-4a69-b3f7-30c9f43d34e5,"[(0, 127), (238, 239), (271, 560), (573, 574), (602, 936)]"
35f58bfb-85fd-404a-9f71-63630975a3cd,"[(3, 26), (128, 144)]"
e2f15831-6064-46da-b389-be367730baed,[]
2bcdd199-273e-4414-9f4a-a5bedeca1b5d,[]
6b1407c2-0816-4da2-bdce-5012cf618d70,[]
3bfc5744-66ca-4867-b5a4-b31ef538c26a,"[(47, 57), (68, 76), (86, 89), (283, 359), (361, 445), (447, 500), (508, 509), (520, 541), (667, 697), (699, 709), (711, 722), (726, 728), (732, 734), (762, 888), (889, 898)]"
fd46e6b2-1f74-4d44-a074-9ab71db0d179,"[(0, 171)]"
6b86c69f-61fb-42fd-8c0a-c0d2ee32b1f1,"[(0, 0), (86, 178)]"
0257dc88-c5a5-4039-89eb-185aa1e1943d,[]
ac147064-4643-4d5d-b7a9-fdbdcece555c,[]
f5e0fd33-534b-48df-86b3-1c96c49257cf,"[(88, 114), (115, 145), (148, 152), (156, 182)]"
059b79d6-0202-4672-b540-718d45e38118,"[(30, 38), (39, 62)]"
e7db96af-9aa8-48d4-b797-b87f606c9bd9,"[(0, 2), (5, 25), (29, 33), (68, 110), (139, 140), (155, 201), (212, 221), (225, 228), (231, 232), (241, 244), (249, 456), (464, 482), (484, 487), (575, 698)]"
c60421cf-4119-455b-b2c6-3693ac0efa20,"[(0, 18), (34, 86), (90, 100), (105, 115), (136, 143), (153, 415)]"
fb6178b1-2a65-4274-a64e-f2b891d2c161,[]
bc9c3ad2-b2fc-4c9c-899b-78c65a5623b0,"[(0, 60)]"
f81efc67-0dd1-4f47-b648-52ec0e1aed6d,"[(0, 1), (13, 55), (60, 109)]"
f7ac6b08-8b8f-48c3-a074-45af0fb62939,"[(0, 24), (37, 39), (53, 54), (73, 193)]"
98f6cd00-4705-4d5a-bd55-c07cd09b6e84,"[(204, 238), (253, 280), (282, 318), (344, 410)]"
09bd6747-d77b-4e7b-832c-de903d6ba0d9,"[(3, 5), (6, 11), (19, 21), (84, 138), (232, 278)]"
22f01db7-3552-4edd-b564-1205a0fad817,"[(22, 44), (54, 73), (215, 231), (241, 300), (302, 330), (332, 405), (472, 488), (764, 768), (801, 807), (901, 995), (996, 1030)]"
e73a0e3d-59c3-4914-8a77-1298bb6b9f03,"[(61, 100)]"
f26f9978-ed29-4a65-b9da-ccb11db19fea,[]
024fc983-a91d-4d70-9bdb-f8b2d3a0b00f,[]
ac82da4c-33c8-4ad8-8d2e-5c9b79a43d2e,"[(0, 42), (180, 181), (205, 244), (246, 285), (286, 353), (366, 373), (378, 382), (391, 401)]"
9aefed94-3ecb-4c8a-b520-91edc9e1f1dc,"[(8, 167), (202, 259), (338, 342), (353, 373), (375, 379), (522, 555), (557, 574), (576, 668), (670, 686), (761, 821), (879, 882), (887, 907), (953, 967), (969, 1052), (1053, 1061), (1183, 1211), (1212, 1249), (1260, 1266), (1267, 1268), (1288, 1300), (1327, 1404), (1406, 1445), (1455, 1462), (1463, 1467), (1588, 1592), (1643, 1653), (1656, 1672), (1674, 1704), (1717, 1720), (1727, 1731), (1733, 1747)]"
339e0083-2aed-4d7a-a54a-1326858384f0,[]
051ecffe-3dff-4e7f-9c35-09bf82b97d8a,"[(323, 338)]"
fa101cf7-92e9-4cdd-8893-34450d5d7f5e,"[(228, 382), (384, 398), (406, 409), (521, 526), (530, 564)]"
5bb79f3a-75c0-466a-a1e1-869065cbb6c6,"[(432, 524), (530, 531), (537, 539)]"
b4926ac1-5517-4826-a270-7add592ac03f,[]
d8561a7b-a93c-4576-991b-1843aec1a4cd,[]
46c18612-d345-485e-8e61-fdcd261421e9,"[(32, 37), (45, 61), (65, 119), (120, 149), (150, 157), (159, 255)]"
89b71c13-06f6-4873-8a4a-8a7957e2a0b5,"[(0, 0), (41, 162), (276, 283), (289, 306), (307, 357), (377, 383), (387, 393), (396, 401), (406, 586), (597, 600), (647, 705), (707, 964)]"
301ed598-c676-41d8-b8aa-e17477901e92,"[(71, 93), (96, 103), (704, 713), (781, 816)]"
a3921192-b241-4c70-8296-fdf02b6b72a2,"[(81, 97), (98, 327), (396, 404), (435, 454), (466, 537), (538, 548), (928, 932), (936, 942), (947, 969), (980, 986), (989, 996)]"
32751b55-cae5-4521-9079-fea03b7ca99c,"[(13, 25)]"
2be78d62-e119-40cd-8847-890ccd269d85,[]
cfd8558a-f8b9-4009-ae6b-546a15b3185f,"[(0, 0), (81, 135)]"
dbbda982-e2b5-4d5f-9e53-b56e9a3488bd,"[(0, 0), (25, 34), (40, 41), (80, 329)]"
ebab2d6b-22d8-4167-a537-97618f5b6516,"[(0, 29), (42, 44), (58, 59), (78, 84), (88, 112)]"
9eb07508-b17f-4fac-b96f-78ed822116b0,"[(0, 79), (104, 114), (116, 149)]"
3b3b3b6d-caac-4701-9e08-4ef33b378936,"[(0, 0), (19, 131)]"
7d42e53a-9b3b-4c29-95ea-46f08556c50c,"[(0, 21), (24, 90), (103, 111), (0, 0)]"
f89856fb-e77d-497c-ba63-78c1739fd165,"[(0, 682)]"
d9d95c6e-eccf-4e31-bfc2-7843d8053167,[]
45e37b4d-d708-4b06-99b3-2906ad89f571,"[(0, 1), (3, 199)]"
dccc7e40-5863-46b7-b850-20a852a18368,"[(0, 488)]"
b6cc85a9-10f0-4e85-b599-30a8ea4c7cdf,"[(0, 17), (24, 34), (36, 67), (338, 389), (390, 410)]"
44b4aea1-e835-4c39-8ed9-ce7cc4e77a36,[]
0f90c019-b2d2-4ac5-b2d7-6973605cf737,"[(0, 1), (44, 46), (67, 106), (202, 307)]"
f83eb5e0-7270-4fd6-b44c-b82195b0eb4b,"[(5, 180), (181, 363), (364, 423), (425, 437), (450, 455), (464, 472), (479, 542), (544, 587), (594, 599), (614, 639), (699, 702), (721, 730), (801, 995), (1459, 1484), (1569, 1578), (1583, 1624), (1625, 1707), (1730, 1746), (1747, 1804), (1810, 1818)]"
0f664382-6443-4ab7-8cf5-a62872dbd10a,"[(0, 87), (89, 174), (175, 313), (314, 406), (407, 491), (535, 544), (545, 583), (957, 1045), (1047, 1080)]"
13144e5d-3e34-422a-b251-304398459e93,"[(9, 167), (168, 184), (326, 348), (349, 393)]"
c5a99811-2947-4ffd-b2c4-477b1d4b4a13,"[(51, 76), (112, 142), (177, 181), (224, 228), (563, 598), (607, 636), (674, 707), (709, 724)]"
273b65c6-1902-4f9d-83e5-793b66af385a,"[(140, 240), (243, 253), (256, 295), (296, 328), (494, 501), (506, 540)]"
75c0926d-3034-4106-91c1-7456ebf64b04,"[(0, 0), (31, 505)]"
9bc7b0f5-e686-4f62-b1de-0ef86663aafe,"[(57, 114), (117, 328), (355, 417), (418, 476), (478, 753), (862, 944), (957, 976), (979, 1178), (1239, 1262), (1264, 1268), (1278, 1297), (1348, 1356), (1552, 1556), (1741, 1822), (1824, 1863), (1865, 2000)]"
cbe102b7-32a0-43a1-953b-4a74a20c9d4a,[]
b9105d5c-0153-46aa-bf4d-343cc586bac4,"[(4, 15), (85, 259), (283, 294)]"
718c09dc-6bd6-4749-84a3-882704e7dcd8,"[(3, 62), (140, 160), (163, 190), (195, 197), (217, 221), (242, 289)]"
0c871cc0-869b-4794-ad21-1facef2ac78a,"[(0, 46), (49, 58), (60, 81), (86, 145)]"
99bc81fe-d22a-41bb-8107-c55e21640df2,"[(0, 219)]"
89550553-79b3-418b-aa7e-8058659ce28f,[]
06ed37c4-b5d4-4f02-86c3-b15a03ead401,"[(0, 34), (53, 64), (66, 126), (128, 178), (179, 192), (193, 268), (286, 305), (420, 434), (530, 564), (594, 652), (658, 671), (675, 732), (748, 758)]"
69cf1fcc-2a53-4f78-9f9e-b408674544f8,"[(49, 72), (586, 589), (592, 595)]"
b6eb669b-7670-4ca3-a2a7-5018a73a093a,"[(124, 129), (260, 269)]"
84704f3c-8a74-4437-a23f-5da7fae808fd,[]
ac18e780-5106-4b23-9502-135efe646dcd,"[(0, 1), (21, 22), (42, 172), (173, 174), (176, 177)]"
d9fbea6e-58a9-40e6-b25e-4ca2886b2849,"[(129, 135), (140, 171), (400, 428), (432, 549), (558, 567), (898, 933), (935, 1036), (1069, 1073), (1075, 1080)]"
d83de013-6f39-436a-baca-c4ac39cfb0ca,"[(0, 0), (75, 251), (279, 394)]"
0f7a6f8f-03bc-4cf8-ad01-89562cc32150,"[(43, 44), (47, 48)]"
e5d537c4-5e92-4927-ad5e-3ee098196dc9,"[(4, 185), (186, 221)]"
c49c573a-35dd-45fd-9783-f29f6cf7e2c8,"[(15, 16), (24, 27), (144, 156), (158, 177), (196, 197), (204, 215), (221, 362), (387, 425), (431, 446), (454, 456), (462, 489), (490, 502), (504, 547), (552, 556), (558, 567), (612, 613), (621, 629)]"
d4b9d621-80c9-497c-ae43-8af4db072f59,"[(0, 191)]"
5724e125-ae0a-445e-ba8f-42c2c4c79776,"[(0, 1007)]"
41adb2fd-7e31-414d-80bc-1fa835e9233a,"[(597, 734)]"
9a38b16e-1183-439d-94ff-4fa4af78e732,"[(85, 88), (92, 98), (141, 147), (475, 499), (1256, 1261), (1269, 1276)]"
20a1596d-551f-4e69-b063-4c16aab90bf4,"[(0, 0), (6, 11), (16, 30), (33, 215), (218, 360)]"
8635ccb2-8ac7-45a3-8dbe-d3e82aa460ba,[]
f39826f7-aaae-470c-b7a3-6716be5b2a1e,"[(230, 234), (256, 432)]"
b8bfa43c-3943-40ad-bf3a-7f4102cf0cc1,"[(5, 45), (46, 69), (172, 176), (177, 180), (239, 276), (282, 284), (971, 976), (1040, 1088), (1090, 1124), (1139, 1140), (1144, 1173), (1316, 1328), (1336, 1337), (1344, 1353), (1525, 1567)]"
49d99b7f-2778-4c9b-a59f-a522b671042d,"[(0, 0), (60, 166), (168, 169), (170, 565)]"
2968fc28-e895-4a8b-be46-6c35a236714c,"[(0, 0), (19, 395), (406, 956)]"
607f17fb-cf3b-41eb-b88e-f59e8895d6d1,[]
ddc705e9-81b1-41d5-bec7-4b8e0069e326,"[(4, 8), (46, 50), (55, 77), (80, 88), (108, 112), (117, 133), (138, 146), (239, 275), (315, 319), (326, 328), (394, 400), (452, 508), (516, 523), (526, 558), (559, 721), (817, 818)]"
d9fef48b-773d-44ef-b803-e5589fbb64be,"[(0, 0), (11, 13), (99, 103), (108, 582)]"
b0571d9d-1531-4aa7-8faf-994971030322,"[(0, 4), (25, 27), (30, 66), (69, 117), (134, 135), (156, 161), (665, 845), (933, 956)]"
74571a9d-f1d1-4220-9153-15877c1ae0f3,"[(0, 0), (40, 44), (64, 75), (88, 206)]"
2c5bcddd-3899-4e47-ab86-0cbbae3055af,"[(0, 34), (46, 101), (132, 568), (571, 806)]"
f851a18f-0792-4de9-813a-711f2d875205,[]
549389f6-5e86-47bc-a6e1-7e9cd6093233,"[(116, 163), (171, 229), (291, 292), (296, 323), (324, 357), (358, 405)]"
5c27f9b0-edd3-4c08-9131-eebcfff229f3,"[(0, 1), (7, 25), (26, 69)]"
09d7f007-a99c-4c01-9aca-62ba96e8cd7c,[]
e8685590-e1bf-4623-ba7a-aad94aa2a667,"[(0, 17), (26, 32), (46, 47), (66, 201)]"
cb468dbc-e839-4112-a5f0-663a8b96c821,"[(0, 53), (54, 170), (363, 364), (372, 380), (386, 396), (402, 449), (450, 479)]"
c6e6e4dc-0445-40c9-ad1c-f6e25740f8d6,"[(0, 0), (43, 48), (58, 59), (61, 159)]"
fb1c74db-0f6f-4ab2-b3f0-20869b9e67fd,"[(3, 10), (141, 158), (293, 294), (301, 330), (332, 340), (344, 347), (402, 406), (478, 482), (559, 640), (672, 677), (691, 726), (1373, 1407)]"
a8e383e4-1281-49bd-9851-4de7f7a37ef8,[]
c5c6531b-46a3-4f5e-bafe-464213e1ebf6,"[(2, 8), (34, 51), (137, 171)]"
5025e029-0ad3-44ab-bbd2-2d4a6fa6e382,"[(0, 83), (170, 397), (398, 508), (562, 675), (751, 754), (761, 0)]"
cfc93bad-0df9-449b-a4c7-f72df9fed35f,[]
cccf169f-2412-4119-a0ba-7a0d894259f4,"[(0, 1), (76, 77), (82, 86), (97, 362)]"
9d2aacad-862a-4403-8390-1f1815b46f38,"[(0, 0)]"
5908bddd-9a3d-4128-a40f-577ca53631c3,"[(0, 0), (114, 115), (158, 369)]"
16d8c1c9-dc9f-4744-ba69-6dd9d806a63b,"[(28, 32), (35, 47), (131, 155)]"
1fb9b86b-4c05-4c99-a08b-acbf4d6214f8,"[(0, 205), (211, 227), (237, 339), (363, 380), (426, 616), (618, 835), (842, 843), (853, 924), (926, 1059), (1072, 1207), (1227, 1256), (1263, 1289), (1298, 1300), (1319, 1324), (1352, 1533), (1542, 1543), (1556, 1557)]"
4f40586b-2b07-468f-afb5-33ea53ffd635,[]
abfeaddd-1b97-4e79-af9d-149515a44066,[]
ef13be84-d5d8-4314-9612-256c7734b740,"[(437, 464)]"
9d29fddc-ac21-4d9e-ba95-2b2f5379de70,[]
8b9f2133-997c-4407-9575-df72fd5ce3e4,"[(0, 57)]"
64881075-6e21-453e-83c9-75950224ff9e,[]
e638868c-eac4-4552-add3-a378f8001360,[]
17479a00-bc12-4f74-88da-4deb07691549,[]
f3a7df23-ae25-4d27-9781-2828221e9301,[]
8d95c16a-029b-4723-ac0b-0118660fce92,"[(1299, 1348), (1457, 1478)]"
c5d96c0c-9535-4700-88eb-5da0401c764c,[]
e4189e71-15e1-477e-aa68-0a60513a4104,"[(0, 0), (21, 178), (180, 325)]"
e67aa0cd-980e-4108-a60a-0cdb1c2809e3,"[(473, 518)]"
385589e2-8126-4189-bb5f-4a741305417f,"[(0, 23), (209, 248), (250, 260)]"
d5c90347-25fa-45a2-89b1-f6cbb863a8d4,"[(661, 668)]"
29087042-fcbe-4893-9136-4971b15a3a09,"[(0, 1), (3, 52), (69, 70), (74, 82), (87, 227)]"
1418281e-9f71-4456-a5b8-6af9ca1c6692,"[(0, 1), (3, 275), (279, 382), (386, 488)]"
9f7acb3c-7227-45dd-a362-f547c7fd0849,"[(913, 923), (927, 930), (1494, 1552)]"
c0792077-8996-4990-a54f-0bf6a10491bc,"[(0, 7), (10, 142), (153, 156), (180, 185), (198, 209), (214, 218), (690, 700), (709, 715)]"
de1cc5f1-4722-4170-a07e-a20016d2fa56,[]
9d4a41a7-83ca-4690-97b2-2198d7b52f7b,"[(125, 186)]"
e080f945-d9e4-458b-b932-b0dce41440d9,"[(72, 91), (93, 188), (189, 213), (215, 252), (279, 351)]"
a850e2c5-d44b-425c-8acd-6f56dd0f9253,"[(0, 258), (273, 352), (362, 382), (400, 405), (413, 429), (436, 463), (522, 533), (537, 645), (806, 810), (885, 938), (942, 943), (969, 970), (979, 1079), (1093, 1097), (1138, 1145), (1148, 1165), (1177, 1204), (1206, 1212), (1225, 1230), (1270, 1271), (1336, 1337), (1346, 1351), (1361, 1368), (1534, 1538), (1603, 1684), (1685, 1894), (1901, 1943)]"
0f07d0f3-b26a-4d3f-b1c9-4d68f70944d9,"[(3, 8), (82, 85)]"
58072295-9956-488f-a0e7-cd3c2f6b441c,"[(107, 174)]"
67c8afdc-97c9-45f9-92d7-7655035834c7,"[(19, 23), (26, 63), (65, 157), (171, 175), (177, 191), (280, 301), (306, 309), (395, 491), (503, 585), (687, 712), (949, 957), (981, 1021), (1027, 1031), (1052, 1060), (1063, 1064), (1075, 1087), (1088, 1144)]"
eae81c70-eba6-4336-a20d-ad5745efab72,[]
b14348d2-d149-433f-87b7-480378aeb744,"[(0, 0), (37, 39), (49, 51), (58, 61), (122, 311), (340, 447)]"
ed2d52f5-b7e0-4180-b675-98f130d3fb4b,[]
970adec2-43da-47fb-87f8-c4c4d8eef795,[]
f1e66202-87a5-42ac-9974-d52d636a0c6b,"[(0, 87), (90, 94), (98, 172), (429, 456), (500, 507), (509, 528), (529, 561), (565, 569), (576, 579), (680, 828), (829, 912)]"
32b900c7-1398-4db7-8bf7-417b1056cac5,[]
f91413cb-0b35-4a6e-958b-0e2d1dd488ee,[]
376aa6d7-51dd-4089-b780-1c029f0fa3cb,"[(3, 77), (99, 179), (188, 205), (214, 215), (217, 220), (482, 485), (504, 515), (517, 540), (541, 605), (607, 608)]"
c1b8a7b6-7a41-4d36-ac93-c7d0f6ae6be5,"[(158, 159), (445, 446), (482, 483), (591, 592), (695, 696)]"
4fa95351-6d3e-4e7f-9a7a-9e8318ca664e,"[(0, 140)]"
5c9fa8ff-be82-4741-9829-3285d11c398c,"[(125, 150)]"
23071e1a-b8f6-410f-8ddb-d2eeac793217,[]
54dca581-93a7-4a5c-90a5-4d6d365a7d97,"[(63, 65), (74, 83), (182, 239), (319, 328), (337, 340), (346, 355), (677, 767), (770, 774), (779, 795), (797, 893)]"
7cdf7979-9f26-4612-9929-b06a8da1f688,[]
c978bb58-17a0-47d1-b3ba-2f8b9e7e0b6f,"[(0, 534), (553, 1741)]"
17c8feda-71fe-437f-81d2-e6c00c744f0a,"[(0, 596), (606, 607)]"
6d369986-c7df-4fe7-8e3c-81c5f7640610,"[(0, 99), (102, 103), (122, 124), (130, 145), (151, 574), (583, 586), (656, 678), (680, 718), (720, 841), (845, 852), (863, 1292)]"
24d845f5-d83c-4e13-be9c-5d01810e8508,"[(465, 523)]"
9ef19209-ad57-48eb-805e-a2a9bf2e855a,[]
afcd832c-28c0-46a7-a55d-2855f45ac232,"[(0, 0), (29, 262)]"
b5b64948-8ff9-4c26-89fb-621d607edcde,[]
f0d586cf-b8aa-4bc7-99b2-8bf7dc8f01f5,"[(27, 30)]"
073e56b8-6381-41c6-a735-0316d65ec786,"[(48, 78), (244, 276), (308, 350)]"
362e1b72-6326-4273-b54e-5cf07c999bcd,"[(28, 84), (343, 357)]"
d45776f1-2338-4653-ad72-acdd3738a8f1,"[(0, 0), (69, 70), (88, 89), (188, 189), (218, 246), (283, 285), (306, 757), (793, 794), (875, 882), (890, 922)]"
6b5b0d11-6bd9-4cce-bb0e-8a2dc0f5a305,[]
e1f0bdfc-d786-4f6e-a43e-45e237829389,[]
34ac3bdb-c521-4893-8af4-1efac8564c59,"[(0, 44), (46, 84)]"
81a7c9c8-ed58-4ad7-bc47-ad066b168c15,"[(564, 595)]"
9cae311a-7f6d-4e20-bb40-b6d9ee3db8ec,"[(22, 65), (67, 140), (141, 240), (364, 367), (382, 410), (438, 449), (457, 469), (475, 512), (517, 536)]"
9362a1c5-61a0-41ca-923f-b1d8de4ac060,"[(134, 174), (268, 309), (312, 328), (347, 354), (357, 363), (367, 407), (410, 426), (427, 561), (566, 602)]"
0bb531c4-b0fb-43ca-85ad-25e7cf9d94c6,"[(0, 1), (30, 32), (37, 301)]"
e99a3c76-a9c9-47be-9074-47aef542c344,"[(81, 129)]"
812045dd-6d42-4f3f-bb49-6f4aee2a38e0,"[(39, 63), (169, 195), (199, 215), (250, 270), (281, 289), (306, 345), (382, 405), (421, 432), (486, 501), (549, 564)]"
c95ff178-daea-47df-baca-1ea666dbaca2,[]
dc745862-0340-419f-b5fa-272a23fe7fa4,"[(0, 118)]"
36c8648d-e2a1-4fc2-8584-aede129cf812,"[(949, 1007)]"
463aa5bd-208f-4f04-9fc4-18e1a2a6776f,"[(0, 13), (14, 54), (67, 91), (104, 169)]"
42fcaec4-bde6-47e2-9b7e-c6be53dbd036,"[(9, 44), (46, 91), (98, 108)]"
fafd2bef-1c10-4ad0-8f16-682faaa79c9e,"[(0, 0), (10, 11), (34, 167)]"
aa4cb55a-d127-4a40-ab99-bec7f80d6380,[]
52ec3371-0d2f-43d8-a7e5-af70168562c8,"[(0, 39), (68, 374)]"
10aff589-d502-476f-a6bc-846972e5df6b,"[(0, 113), (122, 129), (146, 159)]"
ee61bba1-0d28-4f57-a94d-5848042f9376,[]
cf7d67a6-2bd6-499a-8805-16c09feaa6ee,"[(158, 172), (517, 541)]"
37031cba-3285-4e72-b640-579694fc46ce,"[(421, 427), (432, 435), (437, 443), (451, 462)]"
506f31f0-856a-4c9b-b888-6921406764ed,[]
735466ed-ef4d-4836-b40b-5fe5c64facf2,"[(3, 53), (55, 84), (294, 378), (393, 403)]"
19739e83-d982-44b8-a1f8-e36b77b3bcc5,"[(610, 640)]"
a6e2d80f-a587-4ec7-9be7-f3c5d3ae22f5,"[(0, 21), (22, 88), (180, 291), (292, 430)]"
73056db6-0848-4a55-ab1c-ef42c364106b,"[(57, 94), (98, 226), (392, 397), (401, 427), (531, 538), (540, 546), (750, 762), (765, 772), (792, 796), (851, 866), (868, 918), (933, 1016), (1020, 1023), (1084, 1086), (1102, 1116), (1137, 1143), (1189, 1232), (1290, 1349), (1352, 1410), (1411, 1441), (1451, 1452), (1472, 1525), (1527, 1530), (1554, 1565), (1603, 1608), (1609, 1676)]"
40d6f8ae-806f-49b5-9161-c249616c947b,"[(35, 36)]"
908ff062-c6dd-427d-8de4-72d44031e9d8,"[(0, 149), (216, 217), (484, 669)]"
1220c778-dd1b-4387-8067-c0a0e0ce4dc4,"[(5, 8), (14, 24), (25, 80), (84, 347), (349, 360)]"
dc75de19-04ff-458f-bb70-1096bad9668f,"[(0, 80)]"
1a3d005b-5a6e-4f95-9a17-7d50761620eb,"[(0, 86), (133, 168), (176, 246), (260, 332), (349, 386), (387, 399), (412, 467), (477, 509), (519, 554), (568, 573), (574, 590), (632, 646), (647, 690), (700, 769), (770, 799), (819, 878), (909, 914), (921, 934), (1022, 1033), (1036, 1042), (1043, 1056), (1134, 1142), (1452, 1499)]"
3c837706-1093-4c83-bfcf-3f9d2c634bf3,"[(3, 37), (76, 112), (122, 466), (467, 496)]"
aa819346-f1b7-46dd-93ed-23a2aaff1972,"[(0, 1), (5, 22), (87, 95), (97, 265)]"
50927524-74cd-496d-85bc-c3f42bd8c7fc,[]
e21f1def-4f39-4b90-bab4-d912a9b71c00,"[(0, 85), (87, 177), (179, 184), (245, 341)]"
073a8b97-9eee-4b26-a051-4384b52018ae,"[(211, 303)]"
f53fc6d9-43ed-4ba6-841a-9ba6db7627bb,"[(2, 7), (10, 74), (83, 92), (97, 104)]"
93464802-5299-4b4a-b8df-688952374f8e,"[(0, 304), (339, 340), (458, 641)]"
9f20a85f-4e5c-480a-9fdf-a889f03d257b,"[(0, 3), (7, 158)]"
b4abd700-cb5d-449a-8bcb-5021b0090789,"[(435, 511)]"
5eb356ed-1ec2-4345-9405-2883e05756f4,"[(79, 125), (126, 165), (205, 404), (405, 517), (605, 626), (650, 666), (798, 835), (961, 979), (1261, 1299), (1525, 1530), (1536, 1540), (1548, 1566), (1626, 1645), (1654, 1674), (1681, 1736), (1739, 1760)]"
135b0558-ac20-4b21-a021-c761d897835f,"[(45, 169), (171, 369)]"
c306c32e-3a06-4bc2-ba33-d37e3788f5f7,"[(0, 240), (432, 550), (556, 561), (574, 576), (585, 586), (593, 595), (605, 606), (622, 627), (631, 847)]"
e57f775b-ec5b-4238-8fd2-21f4db7b8024,"[(123, 125), (138, 152), (161, 166), (177, 279)]"
36cc1efb-ba1b-450f-b8bb-e625a9890c56,"[(0, 0), (11, 291)]"
a0f1720a-019d-4b36-bfc9-3da8f12215fd,"[(16, 30), (53, 57)]"
01ab635d-ebdf-40b2-8d01-12843668f79f,"[(1, 2), (540, 551), (560, 724), (725, 750), (751, 777)]"
d5245f91-40b8-4209-901c-698b8c5b291f,"[(0, 194), (203, 230)]"
acc63c79-a97e-46cf-839a-44e9f869a306,"[(117, 258)]"
7da7710d-5947-4e54-98c7-3f44fe0a9de9,[]
edfbaac7-91ca-472b-986c-18fdb1d0f130,[]
817f03ca-cb5e-4320-8ca6-4f1e868d09b3,"[(78, 197), (609, 611), (612, 665), (691, 707), (709, 719), (830, 872), (873, 1102), (1129, 1137)]"
85ea952b-e237-48b5-9ae8-4f9d83c1020a,"[(86, 133), (187, 194)]"
2deb94b2-f471-4a07-bf9d-d5dcd25267df,"[(1065, 1164), (1165, 1193)]"
4444039a-1ab3-48bd-9549-f2634973633e,[]
93bc31fa-dfff-4ee7-8910-ab03397d8783,[]
c12bfc8a-50a4-40ff-9854-bbd87fb9f497,"[(188, 210), (212, 272), (404, 419), (537, 668), (855, 861), (869, 981), (1003, 1013), (1022, 1024), (1080, 1103)]"
2dc31b98-1842-40a8-9a5d-f019b99b3753,[]
4881f61b-edc9-41a2-ab1c-2c3e7b3a2d68,"[(10, 24), (26, 87)]"
6c67ab41-64b9-42c2-984e-db5ed565208e,"[(0, 105)]"
a55de0fe-74a8-4f9c-a691-c11bd8b405c9,"[(91, 136), (248, 257), (265, 413)]"
9d29ab82-15d1-456d-a9b8-aeadf6b28048,[]
07462013-582d-4ffe-9df3-f8ecacf393a2,[]
6fb5afcb-a1b3-476a-a438-c7010ad8e944,"[(0, 138)]"
4cc55fb1-08f8-49fb-b7d9-2e942c7cb60d,"[(5, 17), (49, 57), (60, 62), (63, 142)]"
a8f6d3ad-c3ca-44cc-b7f4-aa5c8776c607,"[(0, 112)]"
f6fca144-4197-41af-a0ee-0c5748808cab,"[(372, 567), (569, 606), (613, 652), (655, 656), (660, 666), (667, 680), (681, 767)]"
deee17e8-80e7-4d03-9f93-e9102083d49a,[]
c5ae324b-638e-4fad-9ae5-bf5ed2dd44e1,"[(3, 30), (31, 58), (88, 133), (167, 187), (188, 196), (342, 359)]"
5d594f25-f8fa-46f8-9ff4-b67ac49f2149,"[(0, 29), (53, 74), (102, 114), (123, 177), (365, 371), (510, 528), (565, 591), (604, 636), (737, 835), (862, 907)]"
eea80777-725a-469a-a1b8-151b7f0b4df3,"[(0, 834)]"
1b0f8bd0-fca2-469d-8c79-8be4d2a2e824,"[(0, 62), (155, 190), (202, 206), (208, 218), (226, 232), (249, 297), (435, 463), (542, 570)]"
96d9b29c-7230-4afe-be9b-41dcbad2b615,"[(0, 37), (42, 109), (118, 121), (141, 340), (352, 353), (375, 588)]"
25600b1b-eb09-4701-8ffa-cdf20f1dd1ab,"[(0, 324), (334, 335), (372, 373)]"
e3efca58-6b56-4b7c-b88d-c76da590b040,[]
2b8aa974-1e08-4855-ae82-01b2612448b5,"[(140, 153), (163, 178), (208, 214), (224, 237)]"
2fcc17f4-d741-4bf6-9266-37de75d84ba8,[]
4a2d6c7a-ba46-4180-a5a2-15c3feb3d9b0,"[(69, 77), (91, 92), (123, 124), (168, 241), (242, 264)]"
e1e87dce-89d8-45fc-8c83-0e90501e177d,"[(0, 1), (17, 86), (87, 99)]"
0bb0eef4-9f53-42c9-828f-9ca28bd892fb,[]
b842b5bd-a7c2-4b03-902f-2f24a363a8d5,"[(124, 147), (172, 187)]"
d0d95e8e-1069-4b55-b263-25cfb5e2c90f,"[(0, 10), (11, 54), (58, 65), (79, 82), (86, 87), (102, 107), (114, 124), (125, 189), (190, 223), (234, 249), (275, 315), (317, 328), (503, 561), (562, 632), (683, 747)]"
c3a37fbd-a0c7-4729-97ec-dcb2aee4b732,"[(157, 183)]"
a6c78166-ec7f-451c-a60b-7475879ac824,"[(20, 28), (29, 53), (113, 160)]"
3724e06b-5c8c-4aa2-875f-48c0ade4e43d,"[(230, 264), (265, 281), (282, 296)]"
e0c4968a-c393-4de3-976d-53d5bb887632,"[(304, 371), (373, 506), (658, 714)]"
42903de6-4ecc-4a3c-84c9-4cb4215c999a,"[(270, 276), (534, 549)]"
d2cd9ac8-05a9-4cc3-b8cb-ab7a263b3503,"[(0, 0), (29, 30), (44, 72), (106, 165), (182, 0)]"
8e7da25c-2f1e-4067-b200-2dda9bc7d519,"[(0, 561)]"
fbf8a8e4-a7a6-487b-9fd0-6f96944a36a0,"[(0, 0), (6, 7), (12, 262)]"
d61e4a29-8ba8-4940-afae-78c290a8935f,"[(0, 27), (30, 67), (68, 79), (155, 168), (173, 222)]"
f7a98bef-57b0-4f03-a3d9-9d48434d1011,"[(0, 106), (117, 188), (190, 205), (211, 213), (221, 223), (231, 235), (241, 244), (255, 374), (417, 476), (478, 1041), (1043, 1304)]"
4de60733-a4ce-4e4f-8884-dde4f34b8685,"[(0, 0), (15, 17), (20, 85), (89, 105), (119, 244), (292, 293), (356, 357), (378, 433), (435, 504), (528, 727), (729, 744), (748, 835), (837, 940), (942, 952), (956, 1094), (1175, 1196), (1198, 1199), (1212, 1241), (1243, 1256), (1282, 1371), (1392, 1393), (1397, 1476), (1490, 1518), (1543, 1563), (1577, 1636), (1640, 1642), (1648, 1742), (1744, 1754)]"
6edd89a7-8d02-40ff-b450-a9f7d745156b,[]
c67d71d5-e0ca-4502-b116-5929f381d7c3,"[(0, 1), (3, 4), (5, 6), (8, 9), (10, 111), (121, 301), (314, 325), (375, 383), (422, 764), (803, 1015)]"
873bcfca-b917-4532-a151-e784f6d84706,"[(0, 0), (6, 7), (81, 295), (308, 543)]"
5379ce6b-5471-4970-972a-51c0c36a9403,"[(92, 99), (100, 104)]"
19940b74-eaa1-4076-b29c-52f70de5ca6f,"[(0, 24), (66, 79), (335, 337), (344, 347)]"
eb39b53f-1dd4-42cf-906e-b1d70a17ce3f,"[(127, 208), (382, 395), (396, 469), (498, 505), (508, 528), (560, 620), (621, 642)]"
1f5f19d2-66e9-497f-ab20-e09ae53749e5,"[(5, 37), (62, 99), (284, 310), (317, 332), (334, 340), (377, 410), (413, 491)]"
56d15d62-1b43-4547-814e-d184de9abcdc,"[(0, 128), (183, 197), (204, 421), (423, 448), (451, 471)]"
80fb4267-d3d9-4753-98f7-b4f98062c326,"[(57, 91), (92, 114), (116, 196), (267, 371), (372, 391), (399, 415), (434, 452)]"
c6da3ce7-83ab-4d1e-8bd8-dfb535f39b00,"[(0, 0), (47, 48), (58, 276)]"
62953d2e-be96-4cce-997b-9d572083251d,"[(162, 166), (198, 201), (223, 232), (349, 352), (355, 363), (379, 417)]"
b7d8eeb1-5f9b-4cee-85e7-6af9381795e3,"[(0, 320)]"
43aa38ef-a988-483b-bff4-9345fea02588,"[(454, 537), (799, 849)]"
918f8b74-daf4-4aaa-8fae-6adb6e375a45,"[(4, 27), (167, 370), (537, 618), (645, 647), (655, 862)]"
1085d546-1d02-4725-a9f1-634c755fb168,"[(0, 1), (6, 13), (17, 227)]"
323b6aff-72c9-49f6-ac24-bc44d1d453f1,"[(86, 96), (98, 111), (116, 124)]"
9cbf5968-33d4-40c4-b19d-63dd3e54b1af,"[(32, 79), (88, 92), (97, 103), (294, 297), (480, 499), (501, 502), (503, 504), (505, 520)]"
441ada5a-79fa-41ee-8fd1-c3ee439c4175,"[(1, 18), (19, 20), (142, 193), (197, 272), (273, 274)]"
511ea611-1680-439b-9f70-2a12463b7989,"[(0, 0), (53, 56), (118, 121), (151, 158), (173, 178), (180, 184), (246, 261), (406, 822)]"
51919c1a-9f75-418a-a7b7-bb7412fbfce7,"[(42, 46), (50, 58), (60, 155)]"
6cb46811-1c9a-4462-a308-4ca950878270,"[(406, 500), (507, 523), (530, 533), (539, 578), (579, 645)]"
4c23df1f-58c7-44b6-91da-27f4f15da4a9,"[(0, 0), (27, 28), (85, 88), (99, 459), (500, 514), (519, 661)]"
b4cb8582-6dfe-4f05-b304-953935de6801,[]
f48fb146-9b3e-4c60-86fd-24ca4777f9e7,[]
75e50c64-6b1d-4484-ac62-6158d4e70149,"[(0, 0)]"
2a071509-ed4f-4709-8d41-167e651d5386,"[(299, 338), (370, 375)]"
8d503e24-68b2-497d-95b7-dd1d9635cc3f,"[(0, 169), (685, 689), (765, 860), (861, 904), (907, 909), (916, 967), (968, 1076), (1078, 1117)]"
19cbe72b-0624-4c94-b09c-23646b7ccc5c,"[(146, 181)]"
c23dbe8f-a842-4a82-bb54-e73dc5e8ffd9,[]
37367ce2-0876-47a9-a179-e729606f8a24,"[(0, 145)]"
5661898b-9be8-4f64-bb72-f13a984fafa4,"[(214, 274), (375, 412)]"
baea0345-1298-42c9-b131-0607e6cae0ef,"[(73, 222), (223, 239)]"
1b57b1c6-7206-469b-bc70-af10ef874135,"[(0, 7), (26, 33), (43, 60), (63, 99), (102, 377)]"
e48ab0f2-7082-4130-88c5-125706c5cd48,"[(149, 165)]"
f4a88ce3-1a1f-4773-ba4d-1123c3f43b5c,"[(0, 124)]"
bff0b7a2-a8a5-4613-b900-5f7894354fbd,[]
2c573020-e97f-4011-bb89-c57b1e61971b,"[(0, 0), (24, 28), (60, 127)]"
0175f2c8-41b7-438e-a378-45e21a95faba,[]
e7c6fbd2-bbbe-4518-a8e0-336d2d601c7e,"[(70, 71), (73, 82), (107, 110), (116, 117), (147, 183), (203, 222), (225, 259), (261, 287), (289, 312)]"
4aa3c569-189b-4da7-b18f-15b8bee64f7d,"[(298, 342), (351, 395)]"
e6e58fbc-6564-4690-be62-370b1a2dbb15,"[(0, 54)]"
869ad138-85e2-44f2-800d-259547cbfaae,[]
7f303c51-fbd1-4198-865a-a38e90636997,"[(0, 23), (30, 33), (34, 43), (71, 109), (157, 194), (204, 211), (372, 376)]"
7ce16727-1506-4c36-9e68-8ca68a386219,"[(41, 76), (77, 84), (95, 137), (276, 286), (367, 384), (385, 404)]"
8167e6d9-b54d-4701-badb-2208bdf9a327,"[(0, 2), (4, 94)]"
4dae277f-419c-4ef1-85de-190736e36ded,[]
99f37993-d3a0-4098-bbff-bc22daac2695,"[(0, 33), (40, 51), (351, 352), (360, 453), (454, 461), (866, 878), (884, 945), (946, 997), (999, 1322), (1323, 1559), (1560, 1622)]"
192d6afe-8f3a-451b-a524-cfe0dcfef634,"[(2, 66), (892, 918), (920, 923)]"
d12ee16f-de16-4231-99ac-765d798a6968,"[(144, 151), (174, 294), (295, 298), (300, 394), (395, 584), (654, 675), (692, 699), (702, 709)]"
4d7b3b8d-a7db-4a09-b36f-8afa5e9724b6,"[(0, 15), (16, 32), (39, 43), (58, 88), (147, 211), (222, 242)]"
cc991ab0-36d1-4b34-8738-961eec11bf07,"[(0, 214)]"
f1f3ee53-9158-40bf-bc6b-96f1585e3d18,"[(21, 28), (32, 40), (104, 111), (115, 155)]"
b6ded609-ad2a-4c20-a466-ca4e34fdcf08,"[(0, 0), (28, 153)]"
cb2bbc91-5a89-4be9-a379-807bf08fa830,"[(226, 287), (288, 308)]"
4895fad0-d9db-4a4d-8447-9283d926f596,"[(170, 174), (493, 502), (512, 583), (584, 676), (984, 991), (992, 1002), (1003, 1005), (1006, 1011), (1012, 1018)]"
c28b379d-e861-4510-9526-6d957eea814a,"[(431, 471), (472, 477), (482, 494)]"
ebb811cc-38a8-4e92-8911-6d6aa3c533be,"[(0, 1), (3, 42), (134, 261)]"
217ef056-e1f8-4073-bc07-10b9b71e762f,"[(0, 258)]"
aa901367-3fc5-4f24-8cf5-9dc1daddeb67,"[(13, 36), (98, 115), (120, 123), (141, 146), (153, 175), (180, 184), (200, 214), (218, 231), (237, 309)]"
1b115695-93bc-4b0a-b644-06a6f5df58a7,"[(31, 56), (103, 116), (128, 130), (146, 150), (153, 270), (274, 277), (286, 299), (304, 305), (309, 317), (402, 497), (498, 527)]"
eefeeab0-a697-41cb-8ef5-c4585df6c59b,"[(0, 0), (23, 36), (44, 45), (58, 111), (112, 384)]"
5439503f-9ee2-42ac-8e1b-f24e828026bb,"[(9, 127)]"
7bdeeada-affa-494f-9eb4-0913ca6b0d56,"[(0, 182), (194, 227)]"
3466d65d-689c-4121-b8b5-804a9f9da385,"[(5, 34), (35, 56), (123, 140)]"
48f97206-d524-4e9a-91d9-5ebcf23f6cbb,"[(0, 6), (7, 26), (115, 132)]"
713f68dc-e90d-4ed9-9323-aa9296fd028e,"[(0, 9), (10, 27), (29, 36), (37, 135)]"
ed01e407-967f-4532-aefd-7bb27c52fc12,"[(0, 151)]"
184140cf-9eaf-4214-846f-99b26a17a3ed,"[(0, 271)]"
d3973f62-1d38-46a9-b02e-99ca5aafb4ec,"[(0, 0), (2, 8), (11, 29), (99, 480), (484, 700)]"
e72ecaee-7755-4dd2-b6e1-332e2350ddb8,"[(0, 0), (21, 49), (54, 206), (211, 424), (429, 516), (518, 571), (577, 647), (650, 787), (809, 815), (908, 928), (1021, 1049)]"
13f347ed-55aa-47df-aa93-bf927960e60b,"[(368, 370)]"
80426b55-e933-4619-bfd6-7e11d00512c8,"[(87, 156)]"
f0966a3f-5eb0-4bad-a8be-02ec7a363419,"[(79, 82), (98, 101), (104, 110), (122, 155), (170, 193), (204, 243), (413, 422), (457, 503), (517, 518), (528, 534), (714, 1018), (1019, 1132), (1291, 1337)]"
086eaa39-ee7a-4387-a0ae-cc900988fe43,"[(2, 16), (56, 84), (85, 197)]"
da2f6b89-eb69-4f48-9066-a8b187e10e0d,"[(422, 424), (425, 454), (456, 498), (723, 808), (813, 859)]"
31ffc205-d448-4255-86e3-b0d330739751,"[(0, 103)]"
7b7ee3a5-736f-46c1-b040-a0d79ae7678e,[]
b475e2e5-0a75-4d3a-93fd-e08411bac7fd,"[(0, 138)]"
269a4fe5-232b-46a4-9af8-1774011b68d7,[]
ed35331b-90f7-4a39-a7f0-ee3c63f15b13,[]
19bf896b-27c4-4a53-9f94-24fd02617dd3,[]
d5ab58bd-fa55-4ec1-b248-54876494c74e,"[(31, 43), (49, 58)]"
5ac252ab-235f-4a18-b11d-ffd55e1e846d,"[(2, 11), (12, 18), (21, 40), (158, 159), (166, 258), (265, 328), (336, 401), (416, 425), (429, 441), (449, 455), (457, 570)]"
e3bf7a8d-4b21-43a5-b43f-b91bedae3a28,"[(43, 49), (53, 84), (97, 122), (124, 162), (166, 168), (175, 262), (296, 356), (360, 365), (369, 465), (513, 539)]"
0eb31342-88a6-4f31-a225-2851de31f086,"[(449, 453)]"
f9b6b699-d41f-426a-9474-86292e2b3287,"[(0, 1), (22, 23), (24, 101), (104, 116), (119, 134), (146, 233), (239, 267), (271, 285), (313, 323), (336, 344), (388, 479), (480, 659), (661, 673), (675, 697)]"
fa77ac60-726f-4ba2-98a6-1e8c60a5bd1b,"[(341, 344), (345, 370), (372, 391), (393, 408)]"
5c9d9bef-2d91-4b1d-adde-8f0afae2c43f,"[(0, 41), (0, 0)]"
14b16997-eeb9-40f5-970a-a1b7c51dca08,"[(0, 34), (36, 39), (53, 63), (77, 78), (101, 111), (114, 133), (135, 164), (167, 211), (213, 420), (437, 438)]"
794634b1-f4ab-4e5a-9deb-8e6ee43230e4,"[(0, 148), (163, 164)]"
e5ef0fca-adce-4880-bbd7-c3482002034b,[]
5fda17ac-6bf1-4e99-bfcf-71e8d79c723d,"[(0, 0), (14, 15), (16, 159)]"
747edf1f-0935-4085-98ae-51b23d3995b0,"[(96, 101), (106, 107), (354, 357), (379, 382), (621, 623), (637, 641), (653, 656), (662, 696), (710, 713)]"
52677429-47f4-4c5c-8c52-40e40e958eb0,[]
0adf3a1f-cd02-4411-af5f-dfd7d0ff4a6e,[]
67ed0d61-9c0d-47d7-bdad-2c861f009561,"[(104, 139), (157, 158)]"
d5be430b-58db-49cc-913b-6acf98a97eda,"[(0, 178)]"
14e6cba4-45ef-42ad-932b-f79cf4ced11b,[]
bf10ff4f-ed13-4300-95aa-29b07aa1d047,"[(10, 135), (137, 196), (197, 206), (207, 210), (213, 577)]"
9c2c7373-3006-421d-b1a3-838c97efceaf,"[(655, 663), (667, 675), (676, 714)]"
738e8e7c-5d34-40de-8167-0d67c0f28818,[]
df6e1dd7-380a-4ad3-9d88-dad920f4411f,"[(94, 95)]"
8c5ddcd7-38c8-4157-9b02-63f99bd36029,"[(224, 303), (463, 469), (624, 629), (632, 635), (636, 673), (724, 734), (737, 747), (749, 762)]"
cc0fb0a6-3797-4f06-b046-34256988c98f,"[(0, 27), (31, 34), (127, 136)]"
5743e28d-551a-4319-a82b-0ecce0435c6c,"[(129, 254), (264, 277), (283, 285), (325, 327), (437, 441), (447, 464)]"
863a1a01-82ec-4644-bc69-ee72b875fc48,"[(0, 31), (97, 165), (168, 171), (175, 187), (197, 198), (207, 214), (250, 251), (257, 263), (337, 0)]"
eddd96e1-b4b1-473c-9911-db2ed8b87ba5,"[(47, 59)]"
7615b1e2-1be3-45c7-b7c9-a42cd0712982,[]
197043a8-afc7-4877-b8ec-d190d7fc27a7,"[(0, 366)]"
c57ef203-c856-4dd5-8f15-e0f6e63d4f0b,[]
934c316b-a980-4169-84e2-ddd6281450c8,[]
a58de9fd-af95-4e4a-998d-1e7ae475a951,"[(0, 4), (22, 95)]"
1371f186-7af4-4495-aa64-2211594ce2db,"[(0, 102), (104, 429)]"
dba12d38-e1c5-4154-b97b-50022ab98b30,"[(0, 0), (103, 160), (173, 488)]"
dadeaf74-928c-45b3-b7fa-db93dca2bf80,[]
cdcddb54-eeb7-4ff9-bc5e-c561bcf2d6bf,"[(0, 0), (14, 111), (135, 136)]"
ba5b791e-9411-48a9-af61-14e552d5c4c3,[]
49a7b425-9c39-4e24-90e1-dbac8cf67304,"[(1370, 1391)]"
7d8902a7-9d4e-4601-994a-bd1d195bd3d5,"[(0, 0), (48, 207), (223, 224), (232, 235), (242, 243), (247, 250), (257, 258), (261, 267), (277, 278), (281, 438), (485, 490), (497, 521), (524, 530), (536, 597)]"
1631bd69-d202-41a7-8c53-6000a3156849,"[(93, 109), (115, 119), (122, 147), (149, 175), (179, 181), (184, 211), (213, 231), (234, 265), (266, 273)]"
050bc2a7-379f-44e1-b758-5d7c44dd0d56,"[(86, 144), (161, 211), (214, 229), (235, 293), (294, 302), (304, 333), (338, 378), (381, 541), (547, 549), (586, 609), (644, 655), (694, 848)]"
86e9906b-9e4b-44e9-9ebe-8c0bd48ed10b,"[(0, 53), (61, 63), (73, 74), (124, 147), (180, 182), (183, 203), (272, 331), (332, 348), (426, 428), (457, 488), (489, 531)]"
7930e493-e54f-4f95-a19a-1ab2a9fdd2c6,[]
6c867d6c-596c-4493-9808-dddef843cc00,"[(0, 0), (7, 479)]"
99eed812-a2ba-42d9-9d63-a672cbb16950,"[(0, 47), (506, 558), (611, 673)]"
9124f968-7515-43b9-b55a-95dd73c5dac1,"[(3, 30), (35, 129), (278, 295), (315, 320), (503, 514), (516, 551), (704, 753)]"
23e365f0-df73-4c7a-99bb-b0b300cd77b1,"[(0, 0), (20, 21), (22, 125), (127, 222)]"
c0bc30b9-77f1-402a-b8bc-1cd06e86b073,"[(0, 447)]"
cef40341-6d6e-4dd0-b97b-e79a97a6f523,"[(2, 5), (13, 18), (538, 547)]"
71c2b948-c690-4ba2-8f0c-29ad24ada78b,"[(846, 987)]"
d1802ce8-5b3b-4f14-8632-5906fe1d47d9,[]
6636172a-ed32-4e8a-89fa-442afd602782,[]
72abb64b-e3bc-4ff2-9721-5a59c60e2156,"[(0, 0), (39, 40), (47, 48), (76, 78), (85, 300), (311, 312), (323, 324)]"
09aa0c4c-77ce-489a-a7f1-888b0b195b47,"[(107, 131)]"
07d93e0d-a356-49d6-864e-919d50011e66,"[(67, 80), (113, 150), (151, 170), (633, 640), (642, 662), (1788, 1790)]"
8424ac05-cd9b-481d-9f4e-5a297f02a8da,"[(40, 73)]"
352dfcb5-6aaf-4a5a-be8c-1ce6a4d55c76,"[(3, 53), (87, 120), (126, 128), (210, 218), (220, 307), (314, 344), (346, 374), (422, 445)]"
f5686cb0-05c4-4a33-aeab-86394dce6dcd,"[(24, 39)]"
b6cc82be-620a-4790-bf1a-86285c57dbf1,"[(52, 57), (302, 330), (341, 366), (380, 412), (415, 428), (445, 456)]"
c0aab2ef-17bf-449f-bd31-570308d6d017,[]
5e27de9e-fc33-4382-970d-f34b09cd469b,"[(0, 89), (105, 139), (357, 360)]"
605f7af4-6ee3-4e0b-824b-312f85388170,[]
32dc3bae-8c86-449b-b3f4-e9b45b2fb713,"[(0, 0), (8, 24), (82, 657), (706, 707), (712, 715), (720, 741), (906, 907), (913, 914), (959, 960), (1187, 1188), (1207, 1212), (1213, 1215), (1222, 1224), (1281, 1340), (1342, 1343), (1364, 1369), (1370, 1371), (1385, 1390), (1395, 1521), (1528, 1547), (1556, 1649)]"
07f89759-76a9-477b-be14-8a5dc67ca367,"[(36, 37), (103, 131)]"
a45406a2-69d6-4e9b-a818-d76566d2430b,"[(0, 62), (64, 343)]"
1735eb22-ff87-4fdf-bb92-0667095cf4c8,"[(236, 309)]"
c2108699-cdef-48b3-8ac2-4f6ad423d830,[]
8476cb95-ed01-42bb-96ab-2d0c8fdddf9c,[]
7631770a-f47f-463c-9786-3c220cae6062,"[(41, 45), (65, 75), (192, 292)]"
985551f6-4e5a-4460-8241-3c7003999838,"[(0, 0), (13, 259)]"
a80e9cb2-77dd-4cf1-a9a4-1d5e4f39bc8e,[]
6b07dd83-5a6f-42b6-9a2f-7defc0ba7d29,"[(165, 237)]"
35032c85-7ab0-4ae2-8485-e510ff11a6e9,"[(1149, 1152), (1819, 1883), (1884, 1924), (1974, 2006)]"
dd860a12-933e-406b-88a4-a1f49de8142b,[]
21d2b6c1-09a4-4a72-8de7-fd1ad6227cb0,"[(61, 72), (73, 108)]"
6f2326f6-2d5a-437d-a05a-da27e47919d2,"[(2, 3), (7, 9), (13, 61), (65, 66)]"
f8c0c543-58f7-41a5-9aa8-fe864679b283,"[(0, 141), (158, 159), (226, 384)]"
f3b3ca34-8590-4c33-aa64-4756644ab1cf,"[(0, 55), (106, 1361)]"
a570f4ac-b8dc-46ad-b58c-8d1013921c3a,"[(22, 23), (24, 32), (49, 64)]"
36baa1fa-9937-4e61-a94c-3f584c1e3b77,"[(128, 134), (138, 148)]"
f6fb22f2-ac90-4a9a-8328-21062302e967,"[(4, 5), (81, 162)]"
d44f90ad-84e8-4715-aa4a-cafbe45fb04d,"[(28, 44), (53, 84), (98, 130), (201, 269)]"
9741fc4b-5a21-4133-a6ea-37d4a734b718,"[(0, 103)]"
6d11bf48-4813-4f1e-9baa-0d1c986121f3,[]
7cbebb4d-e74a-4c2e-a7d1-c685fa89c80f,"[(115, 129), (386, 388), (396, 402), (409, 413), (434, 442), (489, 490), (504, 507), (719, 809), (818, 823), (832, 833), (839, 843), (851, 929)]"
ff5781c3-7113-49e2-b030-67237d5248a1,"[(21, 79), (289, 404), (436, 437)]"
21171523-ccc4-4b4d-8f9b-0fab99b51db7,[]
69e7ec07-8c38-415a-93b3-aae3319f6856,"[(103, 117), (157, 162), (287, 292), (301, 352), (353, 366), (367, 432)]"
1a8c1f31-2593-419d-8890-affc9405873c,[]
10c7a16a-dac8-48ed-b420-47c75bd16875,"[(57, 68), (75, 134), (142, 158), (162, 177), (501, 513)]"
94e02d5e-213d-4be5-8d62-cd94047cdf2f,"[(0, 143), (160, 217)]"
ec078acc-5453-4fdf-b76c-99fe4d080189,"[(93, 185), (301, 304)]"
26fc3390-034e-404c-bdd1-b328fc2ef0c7,"[(3, 6), (7, 38), (65, 85), (109, 134), (213, 221), (227, 228)]"
0e829d2e-3675-4fa2-97c5-47377404a158,"[(2, 14), (16, 30), (37, 40), (90, 176), (178, 187), (188, 220), (257, 275)]"
c60548d2-b75c-4e72-bcfb-00a24ffbedcd,[]
769b7249-f577-46b4-82fc-a4133ffdd784,[]
3799f526-4ad3-492d-93a7-7d98d404c5d1,[]
ac2eccd3-7b01-41cc-93a9-ceedfcd623bb,"[(14, 18)]"
b82027ae-b396-42d9-9222-3c68867f6b4a,"[(419, 420), (465, 466), (469, 475)]"
5e033457-8f33-41a4-8766-c8fe6411ae99,"[(0, 91), (92, 203), (204, 408), (450, 476), (498, 506), (525, 534), (536, 543), (799, 803), (921, 922), (940, 963), (972, 1005), (1050, 1059), (1157, 1176)]"
65c67f5b-2d1e-43f5-a045-b41da49e5a72,"[(0, 0), (19, 308)]"
f4ad17d1-cd66-494f-bc02-ef45dfc7066f,"[(56, 67), (71, 119), (124, 138), (143, 149), (213, 222)]"
5da684c8-8b0b-4198-83c9-04bd051ceb73,"[(15, 16), (32, 43), (44, 49), (53, 60), (61, 69), (940, 1023), (1024, 1039)]"
0e51e8d4-e49e-4b91-bc99-2dc1344472fb,"[(0, 194), (195, 249), (251, 344), (349, 421), (422, 452), (540, 553), (562, 569), (578, 581), (692, 698), (700, 703), (706, 738)]"
5b0a13ab-e1ef-476b-ba13-e0e879ccc19a,"[(0, 0), (2, 3), (8, 11), (16, 18), (21, 161)]"
29fdb16b-4efd-486e-b3b7-76d0a28e1171,"[(0, 1), (9, 10), (167, 185), (194, 689), (731, 732), (762, 771), (774, 992)]"
0bb4e4f4-1ad3-41da-b666-8e89d2e56680,"[(0, 0), (22, 27), (37, 45), (65, 66), (106, 486)]"
f1df533a-daf9-44fd-b61b-4f027c6c6a67,"[(0, 78), (375, 401), (409, 418), (423, 433), (438, 479), (484, 486), (524, 687)]"
ed4487e5-488c-4875-aa10-ad40124cf4cd,"[(4, 9), (310, 311), (316, 317), (320, 326), (331, 368), (409, 444), (745, 846)]"
0f3b66ab-6c2c-4250-aa3a-1f9e7f0d6c49,[]
f0a4c268-847b-4be7-8212-bd2116fd6499,"[(246, 255), (266, 270), (323, 372), (381, 387)]"
bbf7051d-6fc1-4f76-9e3d-8f7529118a88,[]
0a311e13-6f7f-4ef1-baef-9adac703fde7,[]
376442e3-cdff-4115-a966-2d89290a0833,[]
5b5dcf08-88ba-4b9b-ad8d-6629a4b10247,"[(87, 90), (97, 106), (131, 187), (195, 206), (212, 213), (224, 226), (233, 274), (286, 300), (315, 382), (391, 429), (479, 485)]"
1b7ddbb5-16b9-4bdc-8441-53aeedf8b258,"[(0, 93), (97, 121), (124, 134), (141, 177), (187, 193), (377, 387), (657, 660), (805, 876), (1501, 1552), (1595, 1596), (1602, 1641), (1646, 1705), (1736, 1829)]"
0a64c653-59b0-47c8-be47-10e0570c8cf9,"[(0, 0)]"
5328c3f4-6cfa-4337-ae34-2346c49e4eb9,"[(0, 0), (128, 0)]"
d6a0e9b8-3fa5-446f-9427-2a8c57c64d70,"[(738, 961)]"
748ec078-6a37-485e-8eeb-a28347cb73a5,"[(17, 26), (231, 237), (238, 259), (261, 291), (299, 301)]"
b3c8d86c-4955-4119-9e91-75456f989e28,"[(22, 23), (32, 58), (59, 62), (515, 518)]"
b31ea0a9-8898-436d-9580-7a1782b2ab35,[]
089cc532-1b7e-4515-909d-d2fe25f91e0a,[]
cc6b5af7-2444-4dd3-917b-a957995346d3,"[(0, 16), (28, 29), (51, 615), (632, 633)]"
69b8c5c4-6903-49d5-b275-e300d8d64446,[]
ffec6f13-42a7-4ebf-ae17-81edd722b3c3,[]
a0182938-d311-40c8-8308-30647e4dd637,"[(49, 51), (52, 87), (110, 171), (180, 316), (322, 375), (387, 465), (467, 514), (649, 661), (1172, 1175), (1200, 1272), (1274, 1290), (1424, 1432), (1433, 1452), (1504, 1519), (1556, 1580), (1581, 1624), (1628, 1633), (1638, 1776), (1777, 1795), (1797, 1890), (1892, 2018)]"
d66f8973-a672-4d8c-9661-200d91fd021d,"[(17, 23)]"
d1b8dc39-1f2f-4c35-a3bd-5cec3c091d0a,"[(0, 1), (3, 142), (197, 439), (453, 454)]"
45adee68-5353-4bfc-9473-ace0d82fe265,"[(0, 32), (35, 50), (55, 125)]"
e6a3d9e6-b299-4731-8bb0-39cfb91b90e0,"[(2, 9), (104, 157)]"
94bfe596-e19c-4dce-a2d5-99b64c4f6071,"[(0, 1), (68, 69), (75, 205)]"
2e198021-9ffc-4b28-8c2e-4bd2b90cee4b,[]
62118aca-94cf-4bcc-b99b-58ad24f5e32e,"[(29, 37), (64, 68), (72, 146), (284, 287), (298, 304), (410, 544)]"
f067b28c-0efc-4d3a-b4e8-7060bb2f21d1,"[(434, 437), (594, 609), (629, 634), (646, 650), (655, 663)]"
173da636-e145-4675-a5a1-4fe727f60d7a,"[(21, 22), (28, 98), (102, 121)]"
47f3a543-db25-46f2-b3fa-7d50e3ecdd18,"[(0, 449), (455, 567), (573, 605), (635, 636)]"
90b8ebb8-b74f-4219-b24b-9c6c7ae2c76d,"[(0, 111)]"
5d56e76b-d5a0-4e91-b558-e48021b6992d,[]
48001082-72c6-4e74-8baa-b8575b6239ce,"[(0, 483), (525, 526)]"
7d914df2-4305-4055-ad7f-72e97595219c,"[(140, 160), (161, 167), (202, 210), (220, 222), (294, 301), (403, 426), (438, 440), (458, 476), (507, 528), (529, 553), (588, 590), (601, 607), (637, 657)]"
ebaf2056-3266-4f80-a13c-de3159837f63,"[(3, 43), (45, 126), (138, 201)]"
3274050e-073b-4722-bb8e-f0b56d8217d6,[]
0b00c9db-f9b4-4a94-b8ef-0b4517e75bef,"[(0, 33), (48, 50), (54, 99), (102, 121), (122, 130), (139, 140), (154, 176)]"
ae594eb9-1910-4078-8e73-a249dc0592c9,"[(0, 380)]"
7d5b53be-6f1f-4e80-a28f-d7e40b87faea,"[(0, 482)]"
407c80c8-50c7-4a08-b3b0-0aeefcf1fea6,[]
5d434366-de6a-4e7f-9a10-348e9f85fc98,"[(304, 315)]"
1111daaa-ca4e-4607-884c-d6b45127765b,"[(11, 33), (36, 43), (47, 55), (141, 146), (153, 158), (173, 208), (297, 302), (433, 682), (687, 699)]"
f4571700-8dfd-4893-af45-846f7c06084a,"[(0, 0), (32, 36), (40, 41), (52, 60), (63, 130), (157, 234)]"
0775bfb0-f46f-4e3b-b0ff-83818db2c8a0,"[(18, 23), (69, 71), (72, 87), (94, 121), (131, 156), (176, 210), (404, 539)]"
ef3a38e6-7bb0-4fc0-b8ea-1a17d58afde4,"[(0, 39), (49, 50), (59, 63), (79, 109), (111, 114), (123, 125), (128, 129), (137, 494), (508, 510), (516, 524), (530, 532), (535, 552), (629, 630), (697, 698), (703, 707), (710, 889)]"
a84e4527-fdc9-459d-adc8-09255fa2d431,[]
7c5fdbd7-c5b4-4dae-b3d7-02f2c86808db,"[(3, 5), (6, 130), (337, 362), (389, 390)]"
f0bafbba-79e3-4baf-be09-fd1486d87a5a,"[(3, 13), (25, 28), (54, 55), (56, 58), (62, 65)]"
5d8c630f-266a-4019-b6f0-fff5c68b08f4,"[(19, 22), (67, 73), (278, 285), (289, 291), (307, 319), (320, 360)]"
cb633819-91c6-4327-917d-b798ad936f12,[]
ebaf485a-6d23-4d3b-a28c-4586d92cd2b8,"[(84, 115), (117, 118)]"
bf43a378-fbb6-4ebf-a9ee-f2eac05c515a,"[(136, 156)]"
9d7a227b-aa58-4047-a1c3-79b420ac9c25,"[(0, 113), (117, 144), (194, 211), (213, 214), (446, 447), (460, 469), (472, 477), (480, 506), (509, 564), (572, 582), (588, 591), (595, 627), (659, 664)]"
0615a1eb-7474-4a42-bcb6-b7af87070f76,"[(2, 35)]"
2b7dfb8d-7657-4752-85a1-11fbbeee2948,"[(993, 1048)]"
558c7eab-d692-4efa-97cf-4c2018e08c46,"[(0, 59), (112, 113)]"
2342f5bd-3158-4000-abec-168ff40f2ed4,"[(0, 239)]"
6f8a58ac-79b1-4d10-8949-d2c636e12ddf,"[(64, 128)]"
dad084ea-b772-4735-b9ab-ca3633e1fdf1,"[(0, 273)]"
41c95029-4fe1-44dd-91c9-53461d9dfdf8,"[(0, 46), (48, 49), (120, 138)]"
ce9eb7d1-8d8d-4978-a59b-c29c71a12c05,"[(0, 1), (5, 70), (100, 210)]"
f3c29ece-6ac0-47c0-96b7-99777679c69d,"[(0, 1), (18, 47), (48, 115), (195, 200), (503, 506), (545, 561), (675, 830), (832, 841), (842, 1061)]"
5d7d3498-6c22-442f-a659-2f5374212b93,"[(58, 74), (75, 106), (107, 144), (146, 267), (268, 313)]"
155e45b0-1909-45f7-ac27-18dae124e8c7,"[(0, 21), (156, 163), (913, 969)]"
c983e98f-89f0-41c0-b1bd-d480ae52af39,"[(70, 85), (86, 203), (281, 303), (371, 373), (378, 380), (382, 451), (456, 470)]"
3beb7912-6e5f-4339-94f3-25a5a241b4c3,"[(164, 221)]"
4eb19317-1577-4bb4-acf3-242bb6baa448,"[(59, 67), (76, 78), (90, 145), (147, 198)]"
0443f967-f9f0-4d50-adc0-8860bd99101e,"[(0, 35), (36, 78), (114, 115), (116, 128), (364, 386), (577, 586)]"
7221a34a-da9f-4afb-b78a-9de08e0df409,[]
f489e9cf-8e15-4855-9fbf-dfef9c15ffbe,"[(0, 376), (430, 431)]"
f39b9b08-023d-4004-ab7e-367e4e630cea,"[(0, 37), (41, 282), (385, 434), (535, 596)]"
94052246-e14a-43ab-bb77-14a614dbc8a1,"[(25, 69), (72, 75), (81, 194), (196, 211), (233, 264), (265, 272), (387, 454)]"
c590a62a-005b-410b-85d6-e523ae257da6,"[(5, 21), (22, 305)]"
3bf4b4b7-89c1-4c1d-9872-12cb57543367,"[(0, 0), (24, 164)]"
69d6f660-cdec-48c3-8b97-e9fa4784e410,[]
e6bfd04a-b578-41bf-94d2-e310df6d89ca,"[(282, 285), (290, 296), (1163, 1184), (1185, 1299)]"
9d270067-be3b-4e80-8738-f7a36e607b5e,"[(0, 4), (35, 41), (43, 68), (71, 515), (544, 763)]"
2848fa02-9b38-4b77-bcbb-c2677c51406c,"[(0, 1), (3, 349)]"
fed52de5-14be-4dda-ae84-76bb29123d3d,[]
14ff1cdb-f604-46e6-adc5-6ce6cbd2ad3a,[]
d6468a74-5115-461b-b360-99d7d7f715af,"[(0, 154), (210, 313)]"
31e32167-dc2e-4e62-822c-45512bfa4629,[]
ff3c4a91-644a-470a-9d26-d550015a0cf3,"[(2, 78), (97, 209)]"
6b31a81d-7a3d-4298-b332-44df29bf8560,"[(0, 0), (19, 56), (120, 307), (312, 658), (663, 844), (891, 1128), (1154, 1161), (1189, 1378), (1380, 1383), (1387, 1400), (1402, 1462), (1464, 1487), (1500, 1507), (1561, 1599), (1601, 1870)]"
f184eef9-49b8-4c3a-8727-07b939c74191,"[(0, 137)]"
3d32e582-0fc0-408c-811b-d308cd1a7793,"[(24, 54), (55, 67), (138, 150), (289, 300), (306, 315), (318, 334), (339, 347)]"
ecc82e07-9e24-41dc-8de1-22afdb559430,"[(63, 71), (84, 95), (123, 142), (143, 146), (213, 216), (616, 627), (628, 637)]"
a1ff773d-768d-4983-8d28-fe13e045952c,"[(240, 261), (262, 309), (393, 398), (480, 668)]"
e29e6501-a365-4bfd-816d-511bc6b9bc88,[]
c0443ed8-260b-42df-be48-690cfef76777,"[(0, 10), (16, 72), (73, 137), (345, 383), (396, 402)]"
68e90b79-cea7-4b06-99df-556781792619,"[(0, 34), (40, 43), (49, 57), (226, 233), (239, 445)]"
a82b2f9b-de20-49a1-b36d-55f324b11096,"[(0, 58), (66, 99), (103, 108), (118, 158), (162, 263)]"
691dd836-c84d-4786-a62a-b502bfdec68b,"[(317, 418)]"
cec606da-92de-48b5-806c-86b9819bb15b,"[(0, 34), (35, 104)]"
0f6ff170-e6be-4d17-97e4-ede37dc12c7f,[]
ccbc774f-3252-4622-aea8-8749fa0bf6e4,[]
43800320-12a6-4eb2-97b8-08ce518fbf43,"[(0, 0), (53, 430), (441, 450), (452, 596), (604, 659), (667, 670), (672, 755), (763, 778), (798, 870), (880, 881), (885, 1160), (1162, 1192), (1197, 1200), (1202, 1281), (1283, 1288), (1294, 1295), (1300, 1301), (1306, 1443), (1457, 1933)]"
ff974239-b978-4e14-be6c-e0b27883d660,[]
b881ca13-4ead-46f4-8590-3dd951adeaa6,"[(119, 187), (189, 237), (244, 284), (286, 288)]"
9ae3e0c5-4b6e-4c5d-aae8-47552297e5fa,"[(0, 1), (39, 107)]"
ec8fd2cc-8f8f-44b2-a199-b3179b9da85a,"[(0, 0), (9, 359)]"
c4760468-2d05-4daf-91b3-04aad4162f90,"[(0, 253)]"
edee8ab0-b639-4b07-8631-a6d717e9885a,"[(116, 117), (148, 185)]"
51a794db-40ff-48e0-a720-9b0970f9afde,"[(21, 107)]"
b879f799-6794-4084-a75b-c3414e7dceee,[]
126c71b4-90ad-4bb9-8fdd-eef99661c2b0,[]
7e83a7ea-414e-487d-bd0d-0b8b52ddd927,[]
7f65a848-d3f7-411b-916c-a9d14646a1e8,"[(15, 27), (133, 169)]"
52d50f9d-846b-4e20-b629-28faf0864682,"[(0, 1), (5, 689), (703, 1637), (1668, 1680), (1682, 1725), (1820, 1821)]"
af5dc6c6-7adb-4bdc-a7a9-201ab2a2d267,"[(0, 0), (12, 162), (166, 171), (188, 307)]"
4a978b8d-fa63-4d3b-aa19-9bb4b6f4fe6c,"[(222, 228), (311, 387), (390, 396), (397, 444)]"
9e254a7a-336d-4332-9666-4613516eaa17,[]
f9d6e1ed-f33a-48a7-a958-45b7792d327b,"[(28, 90), (151, 154), (434, 459), (460, 522)]"
b07e1308-de56-4e20-b782-a23cd9d648cd,[]
5c6fa699-9835-4c73-8f4a-c7e4dfb33c1d,"[(157, 159), (160, 173), (174, 242), (252, 261), (262, 335), (338, 406), (407, 409)]"
bc22bf61-fc36-4a4e-b575-5cabc67aaaf3,"[(0, 17), (23, 200)]"
ad0c8d37-d9c5-46cb-9d7e-41f640fba718,"[(0, 1), (3, 101), (103, 160)]"
a9d317ff-3e9c-4f28-ad2f-02b6d45ad95e,"[(3, 64), (67, 75), (150, 156), (159, 186), (272, 275), (288, 291), (872, 1003)]"
3e45a504-80d9-442a-89c9-3af46b28ce23,"[(41, 48), (50, 52), (77, 85), (114, 134), (135, 181), (213, 307)]"
ed64dcc8-5d1e-4087-af60-abd84d83dc01,[]
3c02c5c7-323c-4552-ae19-c409e510dcf1,"[(89, 203)]"
a480c49f-4086-42d0-8b03-8cf6157c0f1b,[]
1dd032f8-93df-4267-825c-89f8d980c429,"[(24, 44), (47, 122), (159, 163), (185, 205)]"
8041e759-3a45-481c-9346-16b127e22b7f,[]
373b00ae-39e1-4161-b5df-d5957d2d1bcd,"[(0, 0), (52, 173)]"
43c21741-8461-4361-b90f-149c4949c58e,"[(0, 37), (50, 177), (178, 216), (240, 243), (260, 291), (292, 322), (324, 346), (414, 426), (427, 433)]"
bcc5eaa5-fcc1-4b1b-829f-fea826fc87e1,[]
164b61ea-4667-4b73-8d42-2c66e922de68,"[(0, 40), (53, 65), (109, 121), (122, 204), (214, 219), (236, 292)]"
8c89b2aa-8228-447c-878a-c9bf13302326,"[(95, 111)]"
90f5b4a3-d5ac-46ba-82de-5a68d7280fa4,"[(0, 368)]"
9902b337-e75e-400b-a773-e2c29e6aab1a,"[(0, 57), (391, 392), (411, 430), (438, 446), (501, 578), (586, 599), (604, 659), (661, 703), (768, 771), (779, 787)]"
57f70d1c-85ff-4477-a3dd-c21ac7d2f7ce,"[(34, 36), (48, 134), (150, 343), (344, 371)]"
aca8c05e-c0f9-4f3b-b26f-62171be7a89a,[]
e50625a8-138b-4f17-a787-2ecdd08bcd04,"[(0, 185)]"
f17e9d29-348e-4a12-b5c9-16241fbf8957,"[(90, 111)]"
5903511b-9a79-4b21-ae06-2ee6ae0c072a,[]
336a1616-2833-4a2e-9ad5-e94b939c91fa,[]
eac188e7-5d82-4961-b451-d43a340a802e,"[(0, 51), (73, 90), (103, 104), (111, 113), (123, 170)]"
8db82420-2dbf-4842-9792-3d83868c7bb9,[]
7dc9b43f-30b6-41fd-b8fe-126557793d16,[]
bc6ee086-ad63-43b8-a5c1-d5e66ac0e739,"[(0, 92), (94, 118), (121, 247)]"
f6f7f6c1-0132-461c-b5d5-1ba57b4f000f,"[(0, 0), (2, 54), (71, 178)]"
6d34a964-486c-4775-87cf-16fb35856b3e,"[(0, 32), (33, 46), (48, 138), (218, 285)]"
6e960df9-9b92-445a-8b68-a453f8465bff,"[(131, 152), (158, 168), (442, 451), (454, 466), (476, 491), (492, 497), (1040, 1215)]"
0c8f637d-5b2e-4aff-883c-4bbbdb9df7de,[]
6dbd3abd-c947-4ab0-82b2-a6a755309903,"[(0, 0), (17, 561), (627, 741), (756, 758), (771, 772), (777, 802), (828, 872)]"
a0e38c66-138c-48d4-a76d-efcd91b98237,"[(71, 78), (82, 122)]"
27dba753-e910-487f-841b-659910b14d72,"[(0, 23), (175, 214), (216, 226)]"
aeb7c539-51bd-43c5-802c-d0aca2d02fcf,[]
d52e58cc-0520-40a2-86e0-1fec6041fad2,[]
9f4e228d-36c3-4490-8c5c-2be3713297a7,"[(0, 18), (20, 47), (54, 56), (64, 101), (119, 120), (153, 229)]"
ccd32448-d333-4d5c-ac9b-d70720f2cda6,"[(11, 94), (108, 198), (206, 210), (218, 643), (647, 685), (690, 738), (762, 771), (775, 823), (842, 920), (938, 943), (948, 1078)]"
d18ea7e5-16f8-489f-9926-8db0bcd3901d,"[(0, 0), (2, 16), (48, 124)]"
0586ff40-0cea-47aa-86db-55795c0ad03a,"[(39, 61)]"
4c923e6a-0453-4df6-9c7c-ecaff3a2e8f3,"[(0, 62), (63, 81), (145, 165)]"
d3db92bc-182b-4f31-b4fa-3ce719b81412,[]
379fe1b2-33d0-4a07-a710-11a7efaa3c0c,"[(170, 235), (317, 337), (339, 391), (418, 424), (528, 535), (547, 654), (655, 691)]"
fde6f4e4-6104-4096-b7e6-b2398cf15828,"[(0, 0), (65, 75), (84, 85), (145, 169), (232, 233), (236, 321)]"
b0aca950-ac73-4ee0-9e5e-9ace70f2ce91,[]
45e1289e-c57e-40b7-af11-da0d76f8e06d,"[(6, 24), (41, 51), (71, 130)]"
62b6fbb2-6612-4486-b89a-c8c44b3d1763,"[(0, 172), (368, 370), (375, 385), (531, 535), (537, 562), (570, 602), (645, 646), (676, 692), (702, 707), (712, 728), (729, 928), (930, 1006), (1182, 1222), (1242, 1247), (1262, 1463), (1686, 1766), (1891, 1895), (1904, 1905), (1910, 1916), (1920, 1998), (1999, 2137)]"
848d8902-fb40-4618-840b-d781184a2b5c,"[(261, 319), (372, 430), (451, 453), (516, 526), (540, 541)]"
e54bd033-2bc5-4104-b914-ce713cd05898,"[(110, 115), (130, 132), (139, 144), (239, 260), (315, 366)]"
01df216a-d07a-4e62-addf-a3eb2f399cb7,"[(0, 2), (6, 7), (59, 164), (208, 215), (383, 386), (403, 696), (701, 867)]"
afbec008-bdd9-4964-9891-9280711cc617,"[(5, 108)]"
ef7e97b0-b89b-46eb-a2fe-abb0a144e2d2,"[(0, 0), (13, 14), (29, 151)]"
5c015542-1712-4201-9ab6-9d18c6bff605,[]
41f17548-0631-4f86-b6a6-6f3886b74a6c,"[(88, 173)]"
a9830358-c31a-493c-b327-774da84cd5d0,[]
df221e72-4c11-4423-8bfa-ce0491cfa2a7,"[(604, 623)]"
836aad17-697c-409b-8d38-d31efb9e398d,"[(0, 953)]"
add41fef-8fa1-4948-950a-158ad6b21400,"[(0, 115)]"
95bf5a60-291d-45bb-a4fe-ac36f8af0e1a,"[(0, 315), (326, 327)]"
8420ef6c-dc0c-4fd3-9fa5-7d9b4c4b4279,[]
06e4d863-e002-412b-a1d8-3276979d97b5,"[(0, 305)]"
619fa56a-6b4c-44f9-980c-c66fbcdc6feb,"[(0, 0), (54, 81), (90, 103), (105, 328)]"
bb65c09e-e5e5-4ccb-b700-e98a74cf86d4,"[(0, 10), (11, 141), (142, 192)]"
59b316b1-3cd6-48e9-b4d8-f7dd4452e115,"[(100, 147), (149, 180), (189, 191), (204, 357), (358, 387), (391, 399), (485, 527), (528, 544), (658, 664), (699, 873), (876, 966), (1079, 1127)]"
f4c5e1cb-d42c-479a-ba7b-aa663c8816fd,"[(0, 33), (191, 304), (395, 434), (435, 449), (455, 490), (716, 735), (745, 774), (1090, 1096), (1168, 1177), (1179, 1285), (1426, 1550), (1797, 1807), (1831, 1875), (1876, 1937)]"
da1ae22f-a3cc-452d-85fd-0990b9055804,[]
fbc89fb2-42eb-4e03-aedf-31fd116f5544,"[(0, 117), (120, 121), (124, 131)]"
2dc7beb3-1d9b-41b3-95e7-a2b3679ef909,"[(739, 744), (763, 784)]"
ae1feea8-7e41-40ee-9d44-0ffe494930dd,"[(80, 126), (235, 252), (299, 300), (309, 346), (347, 422)]"
fa101bb4-0e45-4954-a0ed-017cc34e1708,[]
895496e4-8cdf-428b-bc66-b530fd3439f2,"[(37, 84)]"
60685728-2c61-4622-907d-298183f23522,"[(0, 68), (103, 123), (225, 226), (230, 270), (315, 316), (332, 334), (377, 506), (507, 551), (552, 640), (661, 685), (687, 837), (839, 1020), (1222, 1251), (1417, 1418), (1624, 1629), (1637, 1665), (1666, 1678), (1681, 1682), (1683, 1703)]"
f167c3fb-1774-4b2e-964b-db1844ff265d,"[(19, 61), (62, 131)]"
61913303-ec97-4268-8128-198976578575,"[(75, 90), (91, 136)]"
fc80db95-ffc1-49b4-9ffe-a884e7efa001,"[(21, 65), (249, 291), (364, 368)]"
271f9e8e-e49c-49f7-b2ba-82200ea43a5b,"[(0, 1), (17, 18), (74, 297)]"
497098ed-c9be-4042-95ca-9202a8279767,[]
63b3e705-51c6-4c9d-a18d-f4e45393e16b,[]
0c052512-7687-4e02-85a4-50177a5f700b,"[(163, 255), (256, 263)]"
a8dca4f6-92aa-43c4-a5c7-6f9058fd740c,"[(4, 10), (12, 44), (121, 124), (193, 202), (261, 270), (280, 320)]"
f30fd67e-27a2-4edc-80fb-2f352137571d,[]
da075288-5167-4f4e-b019-be74fc53b97f,[]
9d7fdcf9-ad5b-43ce-b0c8-42d6215991ac,"[(0, 49), (74, 156), (532, 601)]"
083350ba-2a0d-4fe6-bdcf-660f446c84f0,"[(2, 105), (107, 142), (153, 157), (239, 283), (341, 346), (367, 371), (393, 435)]"
2158b98b-81f7-4ed3-815f-4b1385e3a793,"[(57, 128), (133, 134), (137, 138), (145, 245), (247, 278), (279, 439), (566, 602)]"
45c5a747-3018-451b-9f68-722fba1dec52,"[(0, 0), (15, 122), (135, 144), (149, 178), (188, 223), (227, 229), (235, 278), (286, 290), (297, 332), (340, 638), (646, 648), (652, 653), (658, 660), (674, 724), (758, 766), (768, 1036)]"
e7b016ae-5207-4362-8a54-cc8f89df8afd,"[(0, 1), (2, 232), (235, 252), (258, 260), (264, 265), (270, 960), (965, 1094)]"
0499087a-3299-4aa4-9a9e-e579738655f4,"[(7, 9), (47, 53), (60, 186), (278, 296)]"
517c7347-96c4-4902-94dd-7a89c4c21a9b,"[(0, 0), (19, 136), (140, 147), (150, 375)]"
7138f289-2f24-4b4b-9f59-e73de34db8cf,"[(18, 22), (23, 26)]"
b9afc469-c5ab-45a0-853e-cfb1423c499b,"[(0, 172), (193, 194)]"
c8812d3a-eb59-476e-9438-b54d272dc417,"[(0, 92), (102, 103)]"
e5647165-62de-4a6a-8a43-9dd6321e9357,"[(0, 0), (5, 11), (15, 27), (44, 47), (50, 52), (82, 178), (181, 182), (184, 209), (210, 211)]"
01aa9f39-7ff7-44e1-bed2-7a221fe49bc7,"[(0, 369)]"
666e2127-ba12-4509-aba7-1e2024ca2a30,"[(147, 223)]"
6f9afb71-babd-4420-a857-050bada7aefa,[]
29b6c7a9-773e-42d9-95ad-36aa0e906369,"[(0, 778)]"
b527c2c9-7ff8-4528-897d-550100eab515,"[(54, 74)]"
8386ecfc-3bf7-477f-9841-91778b5c00fd,[]
a82fd9a9-b0a3-469b-8be3-021240e4b4bb,"[(4, 56), (531, 557)]"
afd5a8de-f76c-40f9-8f82-15e4eb140587,[]
63112e65-1421-4b0e-a376-ed5507f6f13e,"[(0, 8), (131, 252), (253, 268), (279, 288), (297, 352), (372, 380), (383, 387), (437, 503), (535, 540), (562, 563), (594, 596), (1138, 1166)]"
a991a098-f242-4442-94d3-777ab2156a49,"[(0, 132), (147, 151), (153, 160), (168, 184), (200, 251), (270, 284), (294, 303), (320, 362), (377, 378), (407, 413), (429, 534), (765, 794), (807, 846), (891, 896), (981, 1139), (1146, 1152), (1195, 1209), (1218, 1228), (1240, 1264), (1266, 1678)]"
a642ee9f-f851-41cb-9708-a2130deedab5,"[(4, 77), (421, 439), (524, 539), (542, 548), (566, 602), (624, 629), (632, 729), (743, 766), (770, 805), (818, 924)]"
907f4ef7-835e-465f-8394-a63bb3fee376,"[(0, 132)]"
dc22ff18-670c-4f70-8fc1-ea5d4c03c109,"[(178, 280), (282, 322), (331, 373), (415, 433), (447, 453), (457, 463), (464, 465), (554, 559), (563, 601), (668, 695)]"
3e79b120-285a-476e-94af-582a87800c3b,[]
0c03c4d5-a192-4782-9a5d-bf236d806dbd,"[(0, 70), (114, 174)]"
433a491a-f52c-4347-b1c7-7f53df9ff004,"[(7, 9), (59, 109), (143, 158)]"
7218b0bf-7769-42ee-a0bf-62881e642342,[]
03409bb8-513e-424b-b2e0-1cb7250661fe,"[(0, 54), (56, 64), (74, 177), (178, 185), (192, 194), (220, 298), (318, 328), (329, 387)]"
a8f532b6-40a4-4969-9c77-5b09b040ee65,"[(0, 59)]"
18c578e6-08ff-4523-85ed-c2257279442e,[]
c70f5c09-f7ad-42b8-93cc-92d13fb76300,[]
13eb85a4-b604-4e7c-9ebf-aa579d3738c5,[]
f4796356-1f8c-472c-a478-d39002306177,[]
11cb03c0-c7cc-4b6d-9b0d-8299de15d80f,"[(0, 307)]"
a05d9184-1137-4644-9fdc-5ccc1408cb26,"[(0, 140)]"
e9e31c65-8264-46c7-b1e7-7b70c310924b,[]
b8825cbd-f061-4ef6-8004-5f73c30118fe,"[(0, 134)]"
6f743354-5728-4c65-b4c0-37b92d0cdaf2,"[(10, 138)]"
9c17baee-ec6d-4585-89c4-c06a158ace27,"[(107, 130)]"
22a1a7cd-1eea-4177-b9e4-abc0bb2415c1,"[(166, 167), (194, 197), (206, 218), (226, 236), (237, 284)]"
31f5f8d9-e4f2-482a-a877-5601bcea783b,"[(119, 249), (269, 270), (271, 375), (377, 454)]"
0ff08d87-8489-4fee-96a6-6a8120ad856b,[]
87def927-e110-4c5e-9b42-e9a67e0d8971,"[(0, 25), (26, 94), (237, 238), (246, 253), (258, 301), (303, 310), (315, 340), (367, 411), (540, 559)]"
ee27b7ea-dae1-4b5c-9cf8-093342163122,"[(0, 55), (59, 84), (87, 93), (95, 203), (205, 365)]"
8a7687c9-ae2b-435f-aa3b-a57bb6150ac5,[]
e6827239-caae-43c2-962c-b118aea801de,"[(0, 0), (14, 311), (325, 326), (337, 354)]"
9b099eaf-f824-4cfa-aaa4-3bae4dde7aa0,[]
09cf8a12-a0b5-47d9-a2d4-b3657d3b6148,"[(2, 470), (582, 591), (675, 840), (841, 848), (849, 928), (951, 953), (956, 957), (959, 977), (987, 989), (1042, 1052), (1054, 1057), (1062, 1103), (1164, 1170), (1291, 1304), (1449, 1454), (1464, 1467), (1538, 1545), (1744, 1745), (1816, 1877), (1892, 1894)]"
685598b9-f135-48af-bc86-2996acfa578d,"[(3, 6), (73, 169), (229, 261)]"
9f2320b4-e321-411d-abb4-60b35b9846a0,[]
6f650986-5921-4a12-83e4-0502013544ed,"[(69, 111), (122, 158)]"
cc7b6cee-5767-4f12-8fce-3f79ec542280,"[(0, 97), (98, 132), (133, 153), (332, 354), (460, 466), (471, 477), (485, 503), (582, 674)]"
5aea9ea5-8b9b-4a4f-bcce-df329854f846,[]
cffe56e4-08ea-41a4-afaf-b238cb3ba70f,"[(0, 30), (178, 186), (190, 215)]"
e70f58e2-04b9-4f54-b971-502623bd357e,"[(21, 26), (30, 45), (88, 89), (97, 106), (107, 123), (125, 170), (171, 228), (293, 452)]"
2bf6c131-f0e0-4462-becf-c0477085218a,"[(1, 15)]"
f81e23d7-6ef3-4816-b179-f726c1b811a8,"[(0, 182)]"
2494417e-fb6f-4f16-8bdf-d2206fc52181,"[(244, 253), (273, 305), (378, 391), (429, 606), (782, 831)]"
8ea3557b-6632-4c19-bc1a-403909e3a37b,"[(3, 64), (113, 195)]"
aeb828da-ef37-4a2a-a73d-7dfdd173c06f,[]
78e83bb6-f08e-4604-a4eb-b94163e7f10d,"[(0, 45), (104, 107), (169, 173), (284, 312), (337, 401), (415, 540), (541, 562), (582, 590), (613, 614), (619, 628), (632, 639), (650, 762), (804, 816), (818, 883)]"
cfa7e517-fcb8-4c5e-a7a8-075bb38219f8,"[(0, 18), (47, 48), (67, 110)]"
2be490e1-097a-4143-adaf-6409a0ed4885,"[(72, 75), (79, 85), (94, 117), (275, 295), (296, 308), (524, 529), (618, 631), (637, 639), (640, 656), (662, 663), (670, 671), (674, 717), (718, 721), (723, 754), (756, 758), (761, 871), (872, 916)]"
14b3b0ca-49fa-4949-b62a-686126bf4018,[]
0ae02904-1270-44d2-be8a-2046b1cb44b4,"[(0, 81)]"
dc12cf2b-145d-48ae-be6a-6e4ec66f3727,"[(3, 42), (44, 70), (81, 84), (89, 97), (101, 139), (184, 190), (191, 383), (384, 460), (502, 504), (520, 542), (543, 545), (548, 600), (861, 865), (925, 927)]"
fa32ae28-903b-40ba-af11-81d857fb324c,"[(0, 103)]"
f1a858c9-1e66-48dd-91a9-4d06376ceec6,"[(0, 96), (107, 134)]"
4a74b2d7-c3de-441c-be0f-6d33c2ebfb80,"[(0, 65), (153, 162), (441, 571), (573, 580)]"
e2b5d4a1-8635-4b42-b028-95d02c05ed5b,"[(108, 136), (984, 1042), (1117, 1145)]"
f81f410c-5966-4dc6-85dc-d248eaf2a552,"[(154, 155)]"
135ed442-f702-4590-884f-a9cb15948208,"[(0, 0), (10, 61), (69, 77), (93, 181), (188, 219), (223, 310)]"
8adafe60-aef2-4cb2-b238-9d03baa4c85a,"[(4, 36), (37, 121), (128, 173), (216, 218), (251, 409), (413, 428), (431, 446), (475, 524), (526, 628)]"
49111193-ac83-4dd0-b0f4-a9306b5b4d13,"[(0, 108)]"
f0b6befd-04d8-4c20-8cf0-4fe2f5549543,[]
22292ef6-1b79-492f-9632-2dbd2869d865,[]
99078287-7b70-485b-9788-a6bbe6fd68c0,"[(0, 0), (34, 35), (84, 85), (120, 123), (135, 140), (151, 152), (163, 246), (316, 317), (402, 403), (417, 832)]"
af411eda-19d0-4968-84ae-310aea287b58,"[(0, 0), (1, 214)]"
185c4c9f-ace9-4547-a178-b7fa1e77d215,[]
70a3b7f8-a4af-4f01-9bd5-c79f78f5e356,"[(144, 165), (166, 260)]"
15529275-455b-4a8d-9015-1e15798fef8c,[]
10175308-0809-4b2b-93df-79f00143f86b,"[(2, 38), (43, 46), (93, 122)]"
47bc5462-d0cc-4f6b-b4c4-bd515d2b1590,"[(0, 0), (3, 323), (327, 447)]"
aa86e36d-dfa6-4564-96d9-a96f464dd0ef,"[(89, 151), (152, 156), (264, 278), (279, 401)]"
9d322e9b-9ba4-4ab9-986a-72c3818e11e7,"[(0, 1223), (1234, 1235)]"
fe422081-b420-4974-93f6-556abda3d540,"[(505, 565), (570, 618)]"
2111b00e-766c-4bda-bd35-739d616d6d32,"[(0, 29), (180, 202), (204, 205), (210, 233), (234, 243)]"
e503be23-9af2-414d-b485-7de2c0fec94d,"[(166, 262)]"
7d0446f8-a99e-47f3-bbda-7c4aabb44342,"[(0, 65)]"
2e2b1cf1-2918-4f15-913d-3f53d5bd2199,[]
6c4e2797-2f91-44b6-9180-6b6bdef79bca,[]
c8927276-87bd-44df-8c21-b400c0d88716,"[(0, 0)]"
bec0b591-29f0-4f4a-a164-98070c0c017b,"[(0, 105), (111, 112)]"
b0a069b7-45e5-466b-8803-e3fdf38105c0,"[(16, 23), (30, 35)]"
dc13219d-812b-44b0-9c0e-316b1960cf26,[]
e3873e90-d851-429e-acde-2797b6d50a4f,"[(27, 62), (95, 123)]"
c2b83c53-2ccb-41bc-9a1c-635361a492f7,"[(0, 1), (3, 95), (158, 522)]"
9815193b-a6a2-4d56-b43a-334bfef8b10e,"[(0, 0), (2, 9), (13, 14), (19, 26), (29, 33), (36, 260), (304, 349), (357, 376)]"
a93c57fb-35ba-4cff-91da-ab89b9622f33,[]
6e74733d-e23e-407d-b380-980fc8faed6c,"[(0, 181), (183, 230)]"
99998ec5-177c-45ce-9958-8b4748d81f08,"[(0, 1), (63, 418)]"
53cc2cb1-d6eb-45d2-aca6-8e8f13afda38,"[(50, 58), (79, 80), (119, 123), (338, 345), (346, 393), (659, 663), (664, 667), (677, 683), (777, 920), (921, 973)]"
ece3b199-6dc7-4bcb-956c-57bf84ee2b64,[]
5134c87e-b58f-488b-8e5b-96b67f877cc7,"[(3, 61), (62, 68)]"
f6024aea-6f37-4e86-b0db-a129927fcac0,"[(0, 0), (129, 466)]"
261a6bf9-2de1-4fdd-978a-a2e5498ff4bb,"[(3, 49), (52, 64), (119, 125), (477, 516), (523, 525), (550, 552), (670, 828)]"
228ff08d-8d51-4261-b682-e622e7697738,"[(0, 0), (15, 105)]"
11c7d44b-f8c5-4255-b99f-fff1cca47050,"[(0, 1), (2, 603), (604, 605), (743, 748), (767, 780)]"
1bce527f-6bbf-433e-8bca-0fb93b13724a,"[(4, 100), (101, 307)]"
6bca4078-3b65-4808-9855-12146abba3f1,"[(0, 1), (7, 12), (16, 255), (258, 665), (669, 885), (888, 1005), (1012, 1094), (1098, 1176), (1205, 1208), (1219, 1728)]"
7e5cdc85-4e45-4642-b121-d41985027ee6,"[(997, 1015)]"
0dc952a4-83da-43f1-a64e-5e1ba5c0569c,[]
cd04bc72-054b-488d-a6ba-0218c41986b8,"[(0, 63), (67, 71), (74, 137), (166, 173), (178, 193), (479, 499), (534, 541), (547, 554), (591, 706)]"
a176e461-55ec-4e07-9611-84699091aee3,"[(178, 181)]"
fdb25a9b-b733-4d26-86d8-b5906e1cf7ba,"[(0, 124)]"
b3071048-0e17-4d26-9dca-55e7c4fe5a62,[]
bc23f5bb-82a9-4e71-9ef0-67b96465fbde,"[(0, 0), (42, 164), (167, 289), (348, 676)]"
ff60b763-95e3-44f9-a3df-dbc9b842d923,"[(116, 121), (128, 136)]"
85a608c9-f1be-4bd8-a303-84a1f6bc21fa,"[(0, 79), (90, 147), (148, 194), (232, 242), (247, 253), (395, 558), (564, 723), (737, 750), (752, 763), (768, 769), (774, 789), (791, 796), (798, 825), (827, 838), (840, 846)]"
01767d97-a56a-41dc-a57b-e21ce414d69e,"[(0, 461)]"
0c6f02e3-f512-4f03-8bac-73125dc5b961,"[(0, 24), (46, 76), (95, 193), (202, 259)]"
c4e0c5f6-134d-454f-b869-174d62df9955,"[(6, 118), (124, 136), (427, 465)]"
a0e28ea0-7c7b-483c-8d60-181586290814,"[(22, 62), (63, 103), (104, 124), (127, 236), (497, 504), (534, 535), (547, 564), (566, 602)]"
cb340f98-9fdd-46f6-8f2a-467f74437b95,"[(0, 115)]"
880043bd-d30a-44f8-be62-855cb4657529,"[(147, 151)]"
04e240af-f584-40de-b4e1-a87cc61d7aee,[]
f09cb173-84d4-4cba-b604-6d558159220b,[]
a8911546-0faa-4b7b-8e20-33fd3e7f5a50,[]
b3f84964-c9ea-463d-a72c-1d2d5743db1c,[]
531400f5-b9c5-4c7d-9ee2-813eeb67f174,"[(0, 0), (57, 76), (83, 111), (144, 224), (226, 310), (329, 377), (389, 392), (396, 401), (435, 438), (442, 443), (475, 527)]"
e16f022c-4d47-4b0b-a26f-adf9513190ff,"[(0, 1), (11, 12), (27, 121), (153, 154), (159, 180), (211, 224), (237, 500), (557, 558)]"
714e1f67-885c-4127-9ea8-67af9581ff45,"[(322, 343)]"
02b9816a-d6ff-4a5a-b4ef-5fd06ef070a3,[]
6ec2eedd-1e1b-4e44-a88c-b8dfef997dbd,"[(100, 155), (408, 448), (549, 557), (558, 573), (574, 585), (592, 600), (636, 639), (643, 650), (660, 676), (678, 681), (695, 805), (806, 1064)]"
3d0e0634-8372-4a77-b6fe-d4307b050ed7,"[(51, 70), (268, 275), (364, 375), (377, 401), (419, 431), (440, 481), (607, 608), (622, 628), (639, 644), (655, 726), (732, 733), (748, 750), (792, 803), (825, 870), (976, 978), (984, 1001), (1012, 1013), (1019, 1077), (1228, 1250), (1257, 1304), (1313, 1427), (1443, 1529), (1530, 1564), (1740, 1741), (1746, 1750)]"
d62cb687-3c8b-48e8-bd9d-7cd342429b5d,"[(5, 8), (12, 30), (138, 147), (362, 407)]"
bef169af-e0fb-48f1-8ac2-0404187d10d8,[]
b744fe97-c2fc-4c13-9567-ce46a20b1102,[]
3bd0d5b3-e556-4517-a02b-ee8a9888a3e2,"[(0, 9), (44, 50), (71, 84), (85, 91), (254, 261), (265, 437), (449, 451), (462, 493), (500, 504), (509, 513), (543, 547), (563, 566), (592, 612)]"
21f02ec0-7cb0-42c6-a642-5a21ce37c5e5,[]
3172d2ba-bb96-4c30-81af-9529a02b2057,"[(0, 5), (6, 20), (33, 35), (69, 124)]"
b7a5acdd-130e-4171-8da6-13b6555e71e7,"[(0, 0), (15, 178), (180, 334), (338, 508), (510, 517), (519, 591), (593, 897)]"
5790d54c-5668-4133-967c-5e918a2250d0,"[(0, 0), (2, 385), (389, 487)]"
2375b2f9-dbf2-47b2-b9fb-592358bcd902,"[(132, 167), (168, 215)]"
12a8e06d-f128-45d1-af39-b84c7743ee17,"[(0, 121)]"
4ba71188-cd81-43ef-9309-373306cf2b61,"[(0, 6), (12, 27), (38, 118)]"
29c35c7c-0f77-4037-aa23-8657e915c1a9,"[(161, 167), (196, 203), (205, 433)]"
fcf0f4f6-ac25-43e3-a7f3-ab2744ebbbf4,"[(20, 106)]"
2741a85e-1cc3-4814-b692-b3671dbb772b,"[(226, 230)]"
640987dd-225e-4e67-ab1d-3dad9d5c6bf3,"[(0, 59), (69, 70), (89, 139)]"
3e36afc3-3184-42e8-82ee-fb8c020a889e,[]
94160bfe-7a76-4de3-9957-4757ac3eb763,"[(0, 0), (14, 759), (763, 884)]"
350d375d-9437-4bc5-b719-ec79a4187dc8,[]
57e14b2a-e1c6-450d-bf13-4178c03947fa,[]
f7cfa5f3-51eb-4773-9bda-7dcacc803a76,"[(299, 342), (343, 349)]"
b059531b-662b-4018-a0f7-5b6ae1d0536b,"[(0, 0), (5, 6), (7, 210)]"
282a686a-1b5a-42b3-8e9f-5bb4a56815c7,[]
b34b3afb-c743-42a3-9045-077279861c0b,"[(13, 14), (24, 28), (29, 32), (39, 44), (70, 91), (155, 181)]"
71cd089e-76e9-405a-9c01-04f98046a3e9,"[(0, 54), (58, 113)]"
b3660c6f-1fa0-48bc-9681-0a40c687be26,"[(76, 79), (85, 117)]"
86b2f215-4601-479e-8038-e4946471ff76,"[(197, 221), (223, 252)]"
653b5d0c-572b-4cf8-b5e5-a0f380729f37,"[(295, 329)]"
8bfc52d9-6790-4cdb-a137-f95b447c0885,"[(122, 124), (140, 171)]"
09b42590-92e2-4330-ab1d-25e61426e6c6,"[(40, 42), (62, 135), (144, 152), (166, 318), (319, 324)]"
5837a683-40c4-4b7b-b31f-3988b8d08ec6,"[(27, 42), (43, 76), (108, 133)]"
d956940b-e7b9-4923-8428-17fe8b296ec0,[]
51c212e7-bd43-4476-a2d1-d36c8ca68908,"[(345, 349), (354, 377)]"
f35c0b1a-90bf-4477-a78a-0b28a65e29d2,"[(75, 186)]"
c5b7b9e7-135a-4b11-b7f8-11ded6bb9610,"[(1479, 1492)]"
01f2f5bf-6e09-4936-a9da-d5c517f2a2bd,"[(38, 225), (228, 295), (421, 437), (904, 909), (915, 921), (939, 947)]"
bc72b7f6-f158-4476-948c-2edbb6ecac98,"[(35, 61)]"
1a5e2c9c-de0f-4ffb-b75f-ab224f47a44e,[]
67daa122-3131-4b25-bfcd-d264083604cf,"[(0, 6), (8, 89), (126, 127), (134, 136), (137, 176), (177, 220)]"
475fb6cb-141c-46fd-8f1c-16276dc3a3f5,"[(3, 12), (184, 204), (651, 662), (737, 837), (838, 868), (871, 950), (952, 989), (993, 1166)]"
cce7e40b-ae8f-4c1f-8efe-232980f0dbff,"[(51, 80), (154, 186), (188, 253), (255, 261), (263, 265), (272, 276), (289, 296), (297, 439)]"
a6c73500-79ce-47e6-a147-02ba2e2c8bf0,"[(3, 29), (92, 172)]"
2dd0eaac-aa0c-4bcf-9f1c-ab311b65c3b2,"[(0, 1), (11, 60), (71, 110), (138, 183), (185, 318)]"
3cc18470-3896-43c5-a908-d4eb71206a63,"[(78, 120)]"
45d4f7f2-0e6e-4aaf-b6b1-0bdfa22e2248,"[(0, 696)]"
d254560e-6f01-42ac-9fff-a74a3e598186,"[(0, 1), (19, 142)]"
5d7bf7e7-bde0-47de-aa6a-4b2d0d519738,"[(2, 12), (13, 74), (83, 104), (105, 125)]"
269043fd-8f39-4a78-929f-3fb943bb7abc,[]
c502680e-bd43-4b43-9681-150ad3400e3c,"[(0, 0), (39, 235)]"
f2b9599d-d986-4f65-a56a-88428e65d76d,"[(0, 1), (3, 39), (120, 168), (170, 186), (189, 205), (210, 230)]"
3713bada-596c-4dcb-8fca-05fccb30630c,"[(0, 1), (110, 121), (128, 160), (172, 174), (180, 190), (193, 546), (639, 655), (656, 715), (740, 757)]"
ce585675-bb1b-464f-be31-c6a27204ad29,"[(3, 6)]"
5f3b1f28-32aa-4ac5-aa1b-156911234455,"[(77, 114), (116, 119), (409, 505), (719, 761), (819, 839), (863, 887), (892, 914), (1009, 1012)]"
d70d3e63-a776-46c2-9ca5-fd97d38f5502,"[(0, 136)]"
cf83faab-72d1-4b3d-aaa2-ad522ec2f606,"[(0, 0), (12, 13), (18, 40), (66, 67), (77, 82), (122, 162), (165, 329), (364, 389), (487, 688)]"
8b6fe069-1783-4493-a371-138200405062,"[(5, 51), (52, 67), (157, 166)]"
313f98a7-a813-498d-8175-644f5c43dd47,"[(0, 415), (420, 429), (435, 438), (440, 445), (455, 459), (463, 464), (468, 687), (698, 699)]"
17cc772a-f9be-4e04-8ff6-28339228ee50,"[(0, 0), (43, 928)]"
39da8346-a279-43d1-ac57-bf808a30f5b4,"[(39, 102), (103, 111)]"
d608ec60-69e2-4d25-8a64-8f6bcd98bf9d,"[(6, 34), (35, 53), (141, 239), (265, 267), (279, 289), (306, 308), (309, 311), (392, 439)]"
024c2ad8-a71c-4f51-a366-14102ddd5f72,"[(314, 332), (335, 433)]"
8736222c-4d71-43f3-921e-76e208bbd12b,"[(0, 48), (51, 126), (134, 135), (139, 140), (154, 156), (160, 169), (197, 211), (232, 391), (393, 425), (443, 444), (455, 460), (471, 488), (492, 493), (526, 553), (582, 594), (605, 621), (694, 718), (722, 934), (941, 1283), (1323, 1339), (1346, 1363), (1367, 1379), (1386, 1393), (1404, 1454), (1494, 1517), (1524, 1551), (1553, 1789)]"
a20777e3-8c9d-4ee4-89f3-f4134cfd8bd4,"[(153, 160), (170, 172)]"
723a37f4-a774-4aa1-b6f0-c6d6e06d827f,[]
f9e24360-34e3-476c-b5b5-d64c945d8e3d,"[(0, 1), (2, 3), (4, 122)]"
c7b05ad6-4a5b-42c2-9213-569af3f2479c,[]
fe727a79-7028-41c6-bf5e-e3bb116cf663,"[(0, 1), (12, 13), (109, 210), (212, 455)]"
e8d9c4a4-d5c1-4a11-a926-f77578faf794,[]
b28d941c-554c-4818-aca5-e706be84911d,"[(109, 169), (173, 205), (287, 316)]"
c564c1d8-fe22-4149-80dd-2f6188f8f117,"[(0, 156)]"
5d910884-d96d-4e04-ab17-05c9f0475da4,"[(113, 151), (152, 159)]"
c28c3ddc-eac3-4f47-afee-fa268258095f,"[(0, 0), (124, 130), (135, 380), (382, 524), (526, 538), (608, 609), (647, 655), (672, 687), (692, 867), (931, 932), (960, 963), (989, 990), (1077, 1244), (1275, 1285), (1305, 1649), (1655, 2136)]"
a34dfd12-71c0-454f-b2de-e5f34a5201f1,"[(0, 0), (40, 113), (125, 132), (136, 254)]"
a86fb3ee-b4e3-472d-b867-7cbc37103c17,[]
56f2d5a5-3306-45b0-92ab-5d9e62b77412,[]
18bedc32-1b93-459f-92ec-b82c829354f1,"[(736, 837)]"
6f8c6019-62b0-482b-ba97-47479a67235d,"[(0, 0), (100, 179), (188, 287), (290, 625), (628, 634), (637, 645), (658, 865), (881, 884), (909, 910), (923, 926), (937, 989)]"
9c831bce-f363-474a-b9fb-a6fa02cde50f,"[(0, 25), (27, 31), (33, 47), (49, 484), (485, 486)]"
88b8a163-c6f0-4ebd-b38b-b678de1cdacf,"[(0, 0), (38, 39), (67, 111), (114, 311), (313, 418), (426, 427), (462, 463), (488, 758)]"
1e596f76-fb9f-4ad4-9e6d-3578fb7fe2dd,"[(313, 372), (522, 556), (589, 595), (621, 685), (687, 718), (815, 849), (850, 858), (875, 908), (952, 964), (984, 1069), (1180, 1227), (1229, 1256), (1264, 1269), (1275, 1279), (1315, 1408), (1490, 1540)]"
6493f1b8-a334-489f-ba70-2d31837082ed,"[(0, 77), (102, 109), (133, 177), (178, 337), (348, 358), (366, 463), (638, 773), (834, 835), (836, 837), (851, 897), (907, 912), (959, 974), (993, 1042), (1094, 1120), (1153, 1195), (1500, 1534)]"
6db0739b-4551-4211-a766-842128790b06,"[(0, 0), (14, 20), (25, 150)]"
b8efabaa-00a2-43cb-bfb3-30f56ab3856a,"[(20, 193), (430, 475), (476, 555), (562, 573), (586, 590), (593, 616), (619, 633), (637, 643), (646, 652), (659, 661), (675, 678), (691, 695), (696, 709), (784, 795), (805, 915), (982, 983)]"
8b5c5aed-e53a-4c44-beda-a55df0d402fc,"[(231, 237), (359, 419)]"
aea3b5c4-59c7-46ea-bc52-734bca31f328,"[(245, 295)]"
400d9988-a2b6-4557-b152-e68eda5159fc,"[(16, 32), (39, 110), (111, 143), (201, 212), (215, 273), (274, 364)]"
23e11c90-5e95-4a96-8990-49c74663c041,[]
7462cea2-770a-4a8f-8ba6-830469bf79af,"[(0, 181), (184, 188), (191, 195), (316, 412)]"
84d6af75-06bc-4669-af33-07070769bf4e,"[(0, 565)]"
ad180fb6-597f-4271-b2d6-d96e9585a673,"[(12, 15), (36, 245)]"
9c96107d-cd43-4436-8a42-5194072ff826,"[(0, 402), (415, 1127), (1131, 1145), (1171, 1262), (1264, 2118)]"
78866218-d4df-4b0e-8b16-c27dba1014d2,"[(0, 465)]"
788c4359-bdfb-460b-a793-8fd8d29db9d2,"[(92, 164), (391, 582)]"
f98bc03c-f783-45d9-b137-3d0d77afac77,"[(0, 0), (2, 4), (8, 13), (16, 18), (23, 241)]"
e69157aa-5ce7-4898-8c7a-b3e46c6638d9,[]
13aaabbf-55c0-43f8-a577-7c48fb1f3316,"[(12, 28), (99, 113)]"
cd97a070-f76c-4971-aead-78a8d0505c4b,"[(0, 0), (11, 20), (28, 88), (97, 148), (150, 258)]"
913d24b3-29a5-4a32-9b3c-89a6bd647ab3,"[(27, 45), (46, 71), (72, 133)]"
6746ed77-13f2-4f47-b73d-4bf9438becd7,"[(37, 40), (43, 142), (165, 200), (205, 220), (1375, 1381), (1385, 1392)]"
62b6b1ac-5210-46e2-b0b2-ec2a6457b897,"[(0, 1066)]"
b5b9f418-0c4f-4909-b4a3-891faf7d4584,[]
4ca30340-9dbe-43f5-84b0-d0dedbf054e3,"[(216, 219), (223, 225), (972, 1131)]"
16154989-178f-48cf-afd0-fec2c18ea7d4,"[(0, 0), (30, 217), (239, 511)]"
36975761-c178-4be6-813c-759634031ca4,"[(83, 89), (106, 107), (116, 136), (137, 154), (249, 250), (267, 270), (271, 293), (294, 314)]"
0c951d82-e974-4aaf-9000-f8da0f22add8,"[(976, 1187)]"
68617d11-e82f-484f-80b5-062c23be4711,"[(0, 0), (60, 61), (101, 104), (114, 124), (127, 283)]"
55c86d59-d280-4e90-bb3b-f771a7d42ff0,"[(0, 0), (49, 53), (64, 193)]"
a7945b2c-4835-4476-b16b-0ce73baedae3,"[(0, 26), (101, 114), (147, 159), (236, 253), (256, 312), (314, 388), (391, 401), (410, 443), (444, 466)]"
b99e4543-0679-4a19-ae21-4fd076f77039,"[(0, 101), (206, 243), (318, 346), (351, 357)]"
52ce4d5b-d7ed-425d-85c9-8ef38c38aaed,"[(0, 128), (132, 133)]"
4c35f9a5-fe15-41fa-b403-f9cf3c0d3967,"[(13, 20), (69, 83), (87, 101)]"
4b6ec66d-5ea7-495f-a26f-7340c2ade5c2,"[(2, 56), (60, 94), (95, 119), (890, 986), (1000, 1009), (1042, 1096), (1097, 1161)]"
af223bbb-d5a3-435b-8104-3f0043961378,"[(52, 61), (85, 92), (106, 366), (367, 383), (403, 462)]"
37f55961-a54b-42d1-a77c-d3b90fd8852a,"[(0, 0), (15, 386)]"
b262d121-56cf-4d19-8b1a-b8bcd2d25e94,"[(0, 0), (52, 53), (62, 63), (73, 77), (81, 90), (126, 132), (147, 148), (151, 215), (218, 331), (333, 1067), (1070, 1102), (1104, 1226), (1228, 1233), (1239, 1245), (1252, 1255), (1277, 1364), (1367, 1388), (1391, 1427), (1429, 1796)]"
d0359c3a-1e72-4db2-abc6-c4f600ea58d8,"[(0, 182)]"
9b021a4f-4392-4610-8cbb-806d62fe3d81,"[(3, 41), (45, 50), (82, 304), (478, 500)]"
a37abdd5-3ed3-407a-b83f-7c6db6c5e8df,"[(0, 23), (28, 33), (39, 41), (46, 59), (62, 69), (78, 80), (92, 119), (123, 140)]"
6bdeda08-4d1e-4c80-94fc-693a41a87d84,[]
1b9aad6b-207f-4e08-9677-d570ef86f131,"[(3, 41), (42, 165), (237, 254), (292, 312), (315, 318), (323, 352)]"
5674bdb3-7a6c-4b6f-a2c3-e1a10d684820,"[(0, 107)]"
a8eb06e9-6f7d-4849-9523-f882eeec43a6,"[(56, 111), (202, 209), (349, 392), (397, 402), (409, 417), (424, 434), (650, 663), (665, 671), (672, 777), (785, 788), (791, 805), (807, 890), (919, 976), (1080, 1085), (1192, 1236), (1248, 1251), (1263, 1276), (1286, 1298), (1303, 1312), (1323, 1378), (1383, 1406)]"
f0e203b8-d9fd-40f3-ab58-a984147088c9,"[(0, 0), (31, 33), (45, 46), (67, 129), (132, 155), (163, 164), (235, 237), (244, 245), (297, 302), (315, 415), (423, 454), (517, 523), (546, 552), (576, 600), (603, 711), (813, 1156), (1164, 1516)]"
bfcfb83e-a077-4ac7-97f8-7786fddff6bd,"[(25, 62), (72, 82), (93, 95), (115, 116), (121, 129), (145, 159), (186, 218)]"
334b6aea-f997-4479-a294-6260256553d4,[]
afd115bf-23eb-4745-8a96-61e1f34a628a,"[(52, 111), (116, 117), (141, 146), (166, 197), (203, 243), (249, 252), (311, 437), (441, 444), (445, 497)]"
6b2dbc3a-78b5-4f39-8446-eb50025c8533,[]
8ae93362-0ff4-4d79-a4b0-01d538d5deee,"[(0, 0), (32, 33), (42, 179)]"
d605a46a-809a-45ac-bc09-6aacdfdd39dd,"[(0, 0), (35, 40), (41, 89), (92, 357), (454, 455), (462, 561)]"
40c4fc29-a4a9-4656-b465-5175e54d921a,"[(3, 17), (607, 619)]"
dc4e310f-daaa-4487-b19b-045633c1ead6,"[(0, 0), (56, 134)]"
e4c53404-826d-4544-a69a-be59fe310937,"[(102, 239)]"
a611f7b4-9c97-4c9c-98c4-7e29336d926b,"[(100, 106), (178, 181), (206, 277), (864, 903)]"
78eafc37-ca22-42d0-b458-d66dba479b4c,"[(515, 572), (657, 753), (755, 769), (770, 857), (858, 866)]"
6416800c-fd8b-4d63-bada-ebee449688e2,"[(0, 0), (9, 10), (43, 46), (55, 58), (96, 173), (175, 249), (252, 966), (969, 1420), (1422, 1505), (1520, 1533), (1535, 1779)]"
208fa0cc-2b4f-4ac5-9141-0bc5cabc9ab1,[]
7fe408b8-0684-49bf-a4ab-e7c210b1dfb4,[]
7d850583-2b76-40f9-86f4-705062443a9d,"[(0, 45), (53, 56), (61, 63)]"
fde349a7-8dc2-4338-9c9a-36e8f2cec120,[]
eb44d2ec-2454-48f3-afa2-4da7a50373cc,"[(0, 67), (91, 125), (141, 153), (164, 166), (178, 190), (192, 231), (240, 242), (278, 552)]"
3e3b913c-6966-4142-9bbf-dc3edcd88cb7,"[(0, 176), (177, 211), (214, 261), (364, 374), (392, 404)]"
39c4a6e6-53f2-4602-912e-9fe90c5b301c,"[(0, 149), (249, 250), (258, 261), (351, 352), (355, 356), (360, 366), (410, 426), (444, 462), (484, 491), (493, 495), (497, 560), (568, 571), (629, 638), (643, 651), (667, 703), (705, 793), (811, 812), (815, 816), (832, 833)]"
1922b516-b41b-47cf-8476-7dda4e0bab19,"[(0, 0), (72, 287)]"
95a714f9-174a-42fb-8883-333e697ed388,[]
f4ec23e9-94d3-4913-a0c1-c6b5c1612a85,[]
72883b66-8381-4e90-951a-94836d05059e,"[(36, 44), (63, 68), (130, 139), (146, 173)]"
e8fc3a69-a00d-4888-8783-962abb529f73,"[(719, 724), (729, 761), (775, 782), (788, 850), (851, 873), (875, 937), (940, 952), (962, 963), (994, 996)]"
65e8bf98-f655-48f7-8aff-69a510fc326f,"[(0, 83), (97, 124), (136, 504)]"
e086483c-06bd-412d-bc8d-a824d049b3d6,"[(183, 210)]"
587dc7bf-eb37-4f8f-930c-db1b91f10fae,[]
476cf79a-4164-4ad0-9f55-bcfe261201a6,[]
d5e02fd1-85dc-42fb-805a-93c0e69267aa,"[(0, 30)]"
f96a60c4-901f-4021-ac7b-904df35598d4,"[(0, 65), (67, 134), (338, 344), (349, 353), (534, 578)]"
7564f977-1593-4940-b3c9-4bbda6d953d3,[]
7b340dae-3ff6-4b01-8bf4-c2f121f0e578,"[(779, 810), (830, 842), (847, 1020), (1057, 1092), (2112, 2130)]"
dc438a1f-5101-49d3-a342-fa324481ea8b,"[(0, 791)]"
e99d7481-cfcb-472f-9ece-586b9b5088a0,"[(0, 0), (100, 103), (164, 364), (378, 379), (465, 466)]"
785203ee-eb1b-4804-b10d-25eb0301da2d,"[(69, 102), (103, 131)]"
ba901ac9-040b-478a-a2fa-03a2868a0b90,"[(19, 30), (31, 45), (52, 54), (68, 70), (80, 81), (84, 92), (387, 551), (554, 730)]"
43ca6b94-4049-472f-82b0-99f7501354b1,"[(0, 0), (98, 185), (349, 352), (381, 390), (459, 607), (610, 1320), (1350, 1378), (1433, 1443), (1452, 1456), (1468, 1470), (1473, 0)]"
94a0595a-edc0-41ad-bc1e-f563b37203a2,"[(65, 152)]"
7ec0d724-e8a2-4b3c-9eee-a6686bf5172e,"[(0, 0), (25, 179), (198, 212), (229, 236), (248, 258), (263, 266), (269, 282), (290, 455), (624, 629), (633, 638), (654, 681), (696, 698), (706, 735), (737, 748), (753, 770), (774, 1132), (1148, 1361), (1401, 1402), (1409, 1410)]"
54667a07-a5e3-4597-ace8-dff65d92d37a,"[(152, 252)]"
20bc1d9c-d80a-4765-8c9d-ff640aaa7fe3,[]
1d1af41d-27aa-4fdb-b665-3cbc80243f4d,"[(128, 136), (146, 162), (177, 272)]"
7d98c545-5bc9-4fc1-8924-16a47d24a40e,[]
817b230b-aead-417e-b939-0761b4b4bff8,"[(0, 1), (5, 957)]"
829fc1e3-372b-412c-b4d5-532e41382b27,"[(0, 234)]"
49bcd5b7-1613-44ce-9717-32f15abe5983,"[(3, 33), (47, 86), (88, 115), (210, 227), (228, 231), (253, 282), (287, 384), (391, 406), (408, 479), (523, 548), (549, 911), (936, 937), (954, 1001)]"
aed6b169-5f84-45b5-9553-c2b4d45afb03,"[(0, 0), (34, 100), (116, 117), (192, 193), (320, 389), (393, 394), (419, 588), (590, 603), (607, 743), (783, 1783)]"
63a0021c-51b4-4588-9a2e-3fc32dcaf6ad,"[(19, 157)]"
bad324cf-c688-45ee-87e9-429f11cb9846,"[(0, 0), (40, 46), (90, 133), (150, 153), (164, 455), (472, 473)]"
fcf9f916-6443-498e-ada4-95956d030d62,[]
627203f0-17b4-48e0-9613-61d06514efd5,"[(120, 123), (127, 129), (136, 141), (143, 154), (158, 160), (167, 180), (296, 317), (325, 329), (432, 443), (497, 505), (509, 518), (524, 541)]"
9314b4fc-7344-424e-a9a4-e1a3f46ebb29,[]
e7139c77-734d-4838-a651-f5747374f0e1,"[(0, 46), (68, 74), (83, 86), (115, 144), (156, 193), (200, 253), (263, 296), (307, 409)]"
f56ee202-d976-49eb-a16d-f44ed8f616cd,"[(0, 0), (2, 561), (567, 1082)]"
c5943310-d893-446d-a354-a25a5cc5988a,"[(0, 25), (26, 87)]"
49cfe697-d990-488e-8df4-9347157da8f1,[]
b215bac2-c9c5-47db-8977-c0ce284ea43d,"[(0, 7), (12, 135)]"
c71429c8-3a46-46dd-9a8b-d93f0a34fe54,"[(577, 582)]"
d565130c-41aa-46ad-93e5-9605445741ce,"[(0, 76), (79, 111), (486, 488), (525, 614), (616, 619), (623, 629), (654, 655), (658, 668), (671, 672), (679, 780), (844, 967), (968, 1098)]"
9ac34779-3bc1-4f82-a4d3-c21ee0de365c,[]
ae7e52a1-16c2-45a4-a9a0-dc57b92024fe,[]
b8fef6ac-8e10-4849-90cd-5a4886027dda,"[(0, 5), (9, 30), (37, 42), (52, 55), (60, 186), (215, 221), (225, 226), (231, 413)]"
29c9e0fb-09d2-437d-afa0-03a76557451e,"[(18, 46), (174, 184), (185, 230), (538, 635)]"
4a511769-4903-419c-992b-dd4309a1615a,"[(35, 53), (62, 68), (71, 95), (98, 102), (554, 629), (630, 643), (659, 701), (780, 781), (784, 820), (861, 864), (866, 996), (999, 1008), (1010, 1059), (1065, 1070), (1165, 1211), (1343, 1349), (1396, 1567), (1573, 1745), (1746, 1758)]"
a80455dc-237c-492f-ac8c-c0d09638251b,"[(133, 134)]"
9a14ca38-da06-4f93-b060-dc2fa6b73d32,"[(17, 261)]"
5ab28aa6-de6c-44fb-8ae0-ec393ede6a77,"[(0, 241), (496, 497), (624, 625), (706, 708), (930, 931), (976, 977), (1122, 1140), (1224, 1928), (1976, 2288)]"
1726360b-2763-402f-821c-79f342430dd9,"[(0, 19), (58, 64), (72, 655)]"
bbbe2976-7d7a-4ef1-af38-7048e427a173,[]
8a34196b-f3fe-4fe2-80df-c67205b96e67,"[(28, 36), (109, 165), (167, 355)]"
35bf60ed-ae34-4a3d-ba03-73dd31f1d522,"[(3, 44), (65, 88), (93, 110), (120, 152), (282, 322), (324, 327), (328, 403), (408, 524)]"
2960c489-afee-43b5-85e6-43f4e1b24fa8,[]
a5926eef-7eaa-46e1-9a06-0ba6cd738400,"[(0, 0), (22, 155), (159, 171), (173, 174), (178, 197), (201, 203), (226, 303), (307, 326), (335, 523), (560, 697), (716, 794), (797, 800), (802, 804)]"
1349f617-6d7d-41f7-8134-358a4676066b,"[(0, 0), (47, 51), (206, 224), (235, 259), (263, 421), (428, 430), (444, 449), (457, 710), (745, 772), (782, 783), (805, 806), (821, 0)]"
9bd62a2a-d08e-41fb-a9fd-3db264a97657,"[(15, 16), (21, 26), (114, 136), (137, 164), (313, 353), (703, 747), (763, 826), (835, 947), (991, 1040), (1065, 1068), (1071, 1085), (1101, 1109), (1117, 1118), (1138, 1147), (1313, 1320)]"
adde7e54-ced5-4104-9347-976d93d7a4f7,"[(0, 0), (55, 56), (66, 152), (163, 164), (184, 185), (196, 197), (216, 219), (227, 540), (549, 678), (733, 734), (765, 766)]"
0a44efd9-ec5a-4e25-b365-ddcc0d6fc586,"[(0, 12), (127, 128), (129, 223)]"
5ff67cbe-b850-4fda-a25b-367b9e484ebb,"[(34, 36), (42, 44), (49, 52), (86, 88)]"
9aeedb7f-b02c-484d-b877-6ba2525bdf83,[]
0b452e99-5d2a-4dd8-b696-e8831abda916,"[(48, 50), (59, 100), (186, 294), (313, 404), (414, 494), (507, 534), (554, 555), (567, 576), (577, 613)]"
cc0e3a25-7485-493c-8678-1b48bdba34da,"[(0, 106)]"
d0e8270b-cd93-4006-bebd-ee0e99d3c91c,"[(0, 1), (179, 184), (191, 195), (237, 238), (251, 252), (255, 256), (295, 299), (313, 351), (364, 384), (390, 395), (451, 453), (468, 480), (491, 872), (876, 924), (927, 0)]"
cbcc7ea0-6091-4097-a068-c426e47f6c17,"[(439, 479), (480, 501), (502, 597), (606, 616)]"
21e0024b-1547-4cf3-a5e2-9558418b3196,"[(0, 1), (5, 81), (104, 392)]"
7de3f9b0-8df5-4e65-9d11-b68fb13264f5,"[(21, 44), (50, 166)]"
5175678e-5c13-490b-a232-f0b28b01208e,"[(47, 58), (73, 100)]"
e0e3a602-6250-433c-83d7-09df9da0de85,"[(0, 0), (52, 71), (74, 169)]"
73ae621c-4401-4c6d-8e8b-3621e203c1aa,"[(18, 106), (574, 579), (590, 595)]"
d5e7f293-08c3-4a24-954f-c159e8480ae6,"[(0, 1), (312, 556), (587, 880)]"
0b34c264-80e6-4dc7-a0fc-8b2f1f273072,"[(5, 11), (17, 24), (152, 208)]"
63e800bb-8038-4fdb-b362-8a7f77be6e1e,"[(0, 12), (68, 113), (114, 137)]"
4f4cafaf-7b41-42c2-8950-76c553871e1c,"[(394, 404), (406, 417), (421, 434)]"
2049c41e-9c67-460b-af83-c743f1a15f6a,"[(16, 25), (32, 35)]"
40cc3c68-4814-4fe9-8e32-ce8b2dd97a9a,"[(0, 14), (17, 218), (220, 227), (231, 274), (290, 291), (321, 425), (427, 437)]"
c9e3c7bc-851c-48f9-9eeb-5e7961269134,"[(3, 131), (133, 161), (304, 485)]"
a2de20b6-0c87-481e-9440-cdcca79e0ca1,"[(0, 0), (22, 30), (34, 697), (737, 738)]"
905d52d4-ad77-4016-950e-d0dc9f3be3cd,"[(96, 104), (327, 347)]"
0cb1befe-aa36-4b8c-af5b-f0874038d35b,"[(160, 458)]"
00cd6f33-c6c9-4162-9759-03745abc6389,"[(0, 0), (54, 57), (73, 79), (98, 112), (123, 272), (274, 313), (345, 354), (357, 358), (423, 424), (445, 454), (459, 460), (543, 578), (603, 621), (624, 654), (664, 665), (729, 773), (776, 856), (858, 948), (950, 1044), (1051, 1117), (1119, 1243), (1329, 1598), (1604, 1928)]"
c3eb650c-a792-4503-94c8-824b7ea62bc2,[]
8ef2e423-8396-4862-a914-8b3652ef2446,"[(0, 119)]"
c582b829-b257-4041-bcb7-f4d6f0e93739,"[(0, 0)]"
bf7bc5d7-aa54-4a95-ad2d-81e61afd7542,"[(0, 0), (42, 43), (64, 262)]"
4d7987b8-3adc-46ae-ae8c-c6edd5d33c8f,[]
04534167-3bfb-4e3e-b221-c1d9a978b065,"[(101, 128)]"
5bac6179-0d04-4d9a-828c-e6521bb9b031,"[(99, 155), (554, 564)]"
1c580255-a93d-4c32-bfc7-048ebd0628b9,[]
94db4ac5-663b-4e5a-921a-80c7ce2bbeec,"[(0, 0), (25, 56), (58, 87), (125, 204), (236, 238), (283, 322), (327, 662)]"
2ad7317e-39b2-41fe-87ee-9e83de2a6b60,[]
48bcc9a8-a8f1-425b-af22-bf8434661d6c,"[(27, 34), (39, 151), (161, 191), (197, 198), (201, 208)]"
80753019-fac1-4278-9008-f9aec92f165c,"[(0, 0), (116, 321), (333, 334), (344, 345)]"
c3a6d42d-370f-43ff-bfc3-7ed6e9238aed,[]
da6e55a4-d5f4-47f4-b4d4-fa42bb7a5a54,"[(355, 377), (378, 449)]"
cada97a0-3c99-4412-8666-61d63e608b57,"[(302, 307), (313, 317), (323, 324), (343, 344), (828, 877), (929, 973), (978, 1019)]"
e78487ad-0375-4dc1-ba17-14cbfba16282,[]
84e7c82c-44c3-43e1-a1ec-b18f504c704b,"[(411, 436)]"
e814f30a-4fde-41a7-b040-687f9765115d,"[(75, 102), (129, 130), (135, 139), (140, 174), (175, 239)]"
397c08ec-2c0f-4344-9c64-7f66aa6bcbfe,"[(0, 0), (90, 95), (100, 103), (105, 106), (159, 290), (296, 298), (304, 354), (362, 369), (452, 623)]"
3edca9f0-9f1b-4a46-9be7-4430004d5517,[]
a656cc38-070f-48bf-92d6-96c8653de570,"[(23, 73), (77, 83), (86, 120), (143, 165), (180, 186), (190, 198), (322, 433), (439, 474), (480, 489)]"
6924a264-26f2-484b-a1d7-c4c3290691d7,"[(0, 1), (2, 8), (85, 113)]"
9465c6f2-bda7-4471-a776-d24e0c668f67,[]
2d915832-9366-45fd-bb98-1e28b3510b14,[]
1ac5c816-fc5e-49c6-b012-1dbea0575366,"[(2, 34), (84, 85), (618, 680)]"
1d7b4aaa-8edc-43f1-9050-5214648babb2,"[(0, 133)]"
b07705fd-ced4-4ee0-b050-bfef3964e8f9,"[(0, 0), (19, 480)]"
cabf581e-bec7-46b3-8a2a-926ec57797b8,"[(5, 58), (135, 318), (331, 335), (435, 547), (555, 670), (671, 705), (713, 951), (961, 1013), (1084, 1104), (1126, 1225), (1234, 1245), (1247, 1255), (1263, 1271), (1284, 1295), (1318, 1484), (1490, 1564), (1565, 1689)]"
aa1b30e0-2b3c-4482-b5ca-f215fea6b521,"[(25, 55), (159, 169), (179, 221)]"
3ebb0c83-54ce-43e1-b4b0-4227d1e323ee,"[(0, 0), (10, 562)]"
910e1145-6d62-4bc7-9a71-c31ed302849b,"[(0, 0), (8, 306), (316, 420)]"
243aa072-f26c-4ebe-a03f-7428c02a5e05,"[(174, 202)]"
a5a6eaf2-0ad3-4a50-95b9-ac1c0adc64ef,[]
9925ccdb-a5aa-4e71-91f7-2e878e001ada,"[(0, 441)]"
65bf9fb8-5769-44e1-99ca-785fa98825c6,"[(348, 352), (356, 375), (391, 396), (398, 501)]"
8bda0f1c-132f-47b5-9df8-8cce4ee6bd5d,"[(0, 123)]"
1f0b5834-d3cb-400a-bfc9-896b14af566f,"[(9, 24), (29, 172), (173, 198), (200, 208), (209, 357), (358, 392), (422, 434), (436, 532)]"
e07bb723-ee63-4a44-b3ed-e7edc34373fd,"[(0, 18)]"
a468557e-4f8f-44da-bc8a-29ae099cc7cc,"[(87, 134), (271, 278), (286, 297), (335, 351)]"
f5077ea5-54db-44ad-8002-688efee29ab4,"[(0, 28), (35, 98), (150, 204)]"
0b233abf-1797-41e6-b74d-7b4a06ae1ef9,"[(0, 78), (87, 117), (121, 122), (125, 161)]"
98a00157-d862-40d5-8e14-17e40eb98ff8,"[(60, 203), (206, 352)]"
3d3bb40c-5d8f-4022-881f-aa373cced592,"[(22, 73), (74, 112), (226, 232), (233, 299), (305, 367), (372, 443), (522, 527), (534, 622)]"
b7017063-a045-4cd3-b728-252dfe5575ec,"[(437, 454), (703, 709)]"
466abfad-f23a-411e-a5b7-5ccdbcb0fb6a,[]
bd4d3cf5-fa05-4227-b524-21b0dbfacd2c,"[(169, 185)]"
861b044f-964d-4675-a713-25c983a0d596,[]
4454ea9f-32f7-4820-bd24-06c25e46fb67,"[(1, 35), (39, 52), (82, 90), (91, 171), (206, 260)]"
6abc0972-26e1-4cb6-af93-572dd317ace2,"[(0, 31), (32, 122), (230, 295), (325, 329), (336, 363), (372, 389), (404, 421)]"
3dbacc81-66b1-4d7b-8c89-a612687c2c66,"[(10, 52), (116, 119), (120, 126), (129, 133), (235, 277), (386, 387), (393, 404), (434, 437), (454, 471), (921, 935), (937, 938), (941, 978), (980, 1059), (1082, 1085), (1094, 1111), (1589, 1654), (1678, 1701), (1707, 1708), (1711, 1731), (1762, 1763)]"
6e36a9be-65db-4601-bf47-b10463289de2,"[(135, 141), (147, 148), (177, 241), (255, 270), (272, 273)]"
2194d4bc-0a39-4edb-aaed-e758f87ea51c,[]
742c9c8d-3dac-4640-9fa8-a819beb5cfdb,"[(97, 106), (108, 205), (377, 396), (397, 403)]"
9d704f09-ba1f-4f88-bd24-bd444dcbe25a,"[(3, 9), (83, 157), (175, 193)]"
567e6b44-311b-4ed5-8527-99bdafd99761,[]
e802acd9-bf28-42c0-8a6a-3f415584708a,[]
9aaf802f-e8c1-47b0-95ca-1bc0656c3340,[]
5b632d52-ef33-465d-8dcf-6040094d7eb2,"[(0, 259)]"
ba4964f3-34ab-444b-923e-69a6eafc5998,"[(71, 89), (97, 100), (185, 249)]"
7f92966e-514a-467a-be7c-2f67afc6df96,"[(408, 411), (418, 554), (555, 622), (624, 644)]"
d2798bde-0f80-4892-8358-1fc58df8dd7d,"[(191, 198), (235, 372), (380, 457), (459, 476), (478, 497), (499, 527), (531, 544), (550, 555), (560, 578), (579, 641), (762, 860)]"
0fbbb58d-8631-4941-8a9f-9baf3288a4d9,"[(63, 178)]"
277e11c3-c873-4e41-a4e6-e1258a5d17ad,"[(18, 22), (79, 124)]"
6a65c6a8-afbd-4fc4-9168-99c1e711bd7d,"[(0, 245), (246, 404), (406, 536), (537, 0)]"
e19b99e3-ee9c-4386-85f8-fc9faaed2075,[]
f83fdfdd-ee7a-4966-8444-cfdb75bf82a3,"[(0, 0), (19, 25), (27, 28), (59, 60), (85, 88), (90, 103), (118, 404)]"
bde3fb79-06a3-42d9-b883-7f53d21dee1e,[]
7dbdde65-2c40-4cb1-80ad-ff5581eb5662,"[(0, 164)]"
a9331574-183c-41a7-beb8-e9433b169216,"[(0, 20), (22, 95)]"
9b1f7c08-23c5-4ca0-9a28-403d1221166d,"[(217, 223), (590, 597)]"
c68c938e-c4ef-4105-aff0-512d547f2566,"[(0, 0), (29, 253)]"
6fdd531d-fdf7-4b95-aa08-9604f1593f93,"[(159, 173), (177, 193)]"
ac323b1e-89bd-4fda-8567-fe83c4489aed,[]
5d49dcf6-30f6-495f-8227-31e31ceb14aa,"[(13, 53)]"
df5ea2f6-5ecf-4946-964c-712379e727bd,"[(755, 759), (792, 802), (813, 815), (844, 869), (946, 1029), (1030, 1080)]"
734ca36c-16ab-4a11-8516-e4a6ded43a03,[]
ced42454-a374-4f1c-875e-b68b81b639bd,"[(3, 22), (23, 32), (274, 297)]"
b9e097ea-6ecc-4c69-ab72-e30584adfd27,[]
dcfb7903-e2c3-4f99-8cc5-7ace49d0ecf5,"[(0, 66), (67, 134), (135, 143), (351, 394), (395, 398)]"
a0da4eae-1f87-4c85-880f-8c0f238c2f60,[]
57251fa9-a5e6-4d46-be2e-db3f72fde7eb,"[(0, 0), (44, 72), (75, 142), (144, 278)]"
6d042035-a4d4-4ff6-86fd-33537c74fe2f,[]
11067868-f96f-4f1a-b9a5-2425cae16b43,"[(0, 0), (13, 67), (101, 104), (376, 892)]"
fd4f709d-84fd-46b3-bd90-2d692933953c,"[(0, 0), (7, 13), (32, 527)]"
799c2828-7e8b-4535-b4be-a396eae892c3,"[(458, 465), (475, 490), (495, 511), (512, 545), (548, 652)]"
926ad33c-d742-4d00-9060-bcbb9dbdc0c8,[]
4654c130-58a5-437b-a9a0-2166e55f065b,"[(0, 0), (20, 21), (46, 50), (129, 705), (707, 713), (745, 820)]"
a946087b-af71-4a71-9f3e-1bf0d596e5b4,[]
8b41ee89-6859-4dcd-9991-b5f8dd4d295e,"[(0, 792)]"
efd7b014-e2ef-43f0-95cc-f369fc457fa7,"[(0, 0), (3, 4), (16, 82), (134, 336), (341, 429), (433, 569), (573, 598), (633, 644), (648, 653), (687, 734), (738, 824)]"
347d3bf0-a492-4175-af9e-b4551cdd2723,[]
4f5f358d-cdbb-4b8a-a582-c397ba4cab10,"[(0, 175), (187, 193)]"
b5492e79-20cd-4281-8d60-045e1060f16a,"[(0, 6), (8, 51), (52, 78), (388, 398), (399, 442)]"
649c372d-9489-4e7d-b546-a9c49970b1d9,[]
afe79833-0eed-4058-a4c9-e3b99cd6ce93,"[(0, 0), (7, 28), (84, 94), (109, 221)]"
d6cd60b2-4646-472e-aeba-866c8cb0b699,"[(88, 107)]"
6ffdbf02-912e-4e69-a878-7597bebb0823,[]
4e05252c-36c3-4316-b3c8-d014c3dc737d,"[(0, 89)]"
3f7427a7-0b38-4376-9d40-4968d6e259dd,"[(0, 270)]"
ff4c20db-ef65-4bf8-8c54-516f5ca67bf8,"[(0, 56), (64, 287), (304, 305)]"
ef9de5c7-050d-4a92-a590-035c39da5d36,[]
a9069914-341d-4bb8-bf76-b344a0e97bc8,"[(72, 84), (90, 237), (501, 506), (565, 591), (1244, 1278)]"
51c91f18-fbdb-4381-81e8-46bfa4df7233,"[(12, 15), (42, 61)]"
493fe209-589c-4bd5-83b6-38eabbf1f8ee,"[(54, 94)]"
a39bd915-a0e6-495e-a15d-f16f0e573b1c,"[(23, 26), (61, 71), (128, 188)]"
0e07b159-0274-4eea-a116-516b9831dbef,"[(0, 0), (24, 322)]"
2bc02ef5-6537-4c76-b81c-0538fc67acbe,"[(10, 20), (45, 97), (118, 119), (126, 135)]"
5822ee8e-2834-4496-b0e1-dc0fde66d98f,"[(31, 67), (280, 327)]"
59654f65-8ecc-446b-845b-357d2cd01024,[]
48120d42-8a03-49f3-89fb-a067348824fc,[]
ffa339e1-0705-4902-a671-4e010bb9e5de,"[(8, 26), (29, 33), (352, 369), (370, 472), (763, 766), (770, 796), (919, 987)]"
90fa46ed-d303-46a1-aeee-d88efcb99e8b,"[(0, 128)]"
b9ba773a-7c62-49a8-af3b-9943504b0aa7,"[(0, 93), (95, 96)]"
8e023564-651c-487a-8004-4f5597c639a8,[]
fbdc4f87-cf27-4ddc-95c3-e714c192a2c9,[]
b9dc770c-0056-43e2-850d-1ae97490d065,"[(68, 72), (79, 99), (212, 243), (247, 342), (344, 377), (379, 398), (467, 518), (519, 521), (524, 599), (691, 801), (803, 830), (831, 838)]"
e1cc1c83-c55a-403f-8466-3ecda4e7978e,"[(0, 368), (404, 405), (440, 525)]"
4889d544-eee4-44ea-8725-ac24d606b5d0,"[(67, 70), (97, 101), (102, 178), (379, 380), (381, 510), (511, 544)]"
4579eb22-04f6-49e3-a9b0-819568b701f8,"[(137, 213), (218, 251), (255, 277), (287, 312), (314, 339), (340, 414), (426, 428), (432, 434), (576, 707)]"
a79d8ace-4bb4-4bd4-8c63-700a75babab1,"[(83, 107), (281, 293), (295, 301), (538, 611)]"
599719c0-e3af-4b29-b9f6-b2a7a0e7b3d7,"[(0, 73), (138, 360), (489, 490), (500, 556), (557, 570), (575, 774), (830, 850), (1495, 1568)]"
864f0b3c-3b12-4113-b569-58f3780c8de6,"[(3, 21)]"
ab03175f-2d44-4312-a0b1-4524dad89897,"[(0, 3), (23, 82), (84, 105), (106, 112)]"
4004558d-42b4-4530-bd2b-406b3c2c18d6,"[(80, 87), (97, 104)]"
d63ab5c7-b2b4-456e-b151-d8e49f831d5a,"[(0, 152)]"
c301ce2f-79f3-49ae-a850-129407728ca5,"[(0, 6), (10, 43)]"
990a0fce-5e73-4c29-bf6e-312836fe48ec,"[(7, 14), (100, 114), (119, 139)]"
929f94fc-bbf7-4b15-a433-a213551740fa,[]
5b919f03-5985-4da5-a724-bc0182948ad9,[]
7617df25-3b67-435f-88bf-fb85f3bb1ae3,"[(0, 0), (6, 47), (48, 148)]"
af4abcf1-ca48-4158-82bc-598ba3dec2f8,"[(763, 858), (859, 904), (905, 957)]"
c6c0650d-75ec-48de-a8f8-8e17c47a7ef1,"[(0, 45), (94, 125)]"
4430dfcb-8282-4f60-b1c8-911251035fa1,[]
6a86ee7e-1186-4dd4-b7a9-2eb91dfc9030,"[(11, 29), (30, 68)]"
16b79a40-525f-4535-b789-606b624af1ae,"[(2, 7), (20, 21), (41, 42), (47, 62), (68, 74), (110, 121)]"
bb5a655e-e453-435a-b53e-e816581424c2,"[(0, 115), (116, 243), (244, 545)]"
4ff77303-ed15-4cde-8775-f746cda2c730,"[(0, 108)]"
39b551d0-ee8e-494c-9334-6f0eb120c6c9,[]
7dab2efa-e5a8-48db-abc0-767a62d0d28e,[]
fb0733f6-6a7c-45b2-a6b8-476741f54bd0,[]
edac780b-1512-4053-90af-af04c7bce833,"[(0, 259)]"
81f915f9-9f51-484e-b5bc-8f4ba3dccf4c,"[(0, 0), (30, 43), (45, 120), (122, 151), (160, 332), (359, 370), (375, 377), (387, 592), (600, 607), (643, 645), (685, 688), (701, 746), (770, 1192), (1199, 1200), (1270, 1273), (1275, 1294), (1296, 1366), (1372, 1441), (1456, 1489), (1492, 1612), (1614, 1656), (1658, 1858)]"
e9817bd9-4c47-4cea-b91d-a3f47a27202f,"[(104, 130), (139, 144), (150, 160), (171, 173), (294, 363), (365, 381), (382, 393)]"
5677f6ea-7435-4708-81ac-76ed87fb69a3,"[(502, 533)]"
2d712441-e482-483b-98be-f936a452f151,[]
d4af9cea-403b-47db-bee5-3141636f1f44,[]
51146a39-4f83-4e69-9117-a98586dccc43,[]
18c88187-37e3-44ec-9af4-475c53adb75e,"[(0, 127), (130, 320), (322, 434), (451, 452), (485, 744), (745, 973)]"
de734029-bd0f-49cf-9e45-a640793116ae,[]
8f14b6ff-7e01-42cc-9610-4596b25f795f,"[(0, 0), (16, 567)]"
50bf9cac-f4c3-4a9b-a93d-0aa9f788b968,"[(0, 1), (2, 65), (81, 187)]"
15a2eded-4c7f-4113-be77-aedbddf0bab3,"[(0, 1), (6, 63), (108, 184), (186, 369), (413, 579), (581, 611)]"
2a470929-dad1-4007-990a-81f659d901e3,"[(69, 120), (664, 709), (1015, 1022), (1058, 1064), (1065, 1081), (1485, 1493), (1562, 1603)]"
27586918-10a1-415a-ad5d-ff5fb69eb69c,"[(135, 239), (241, 263), (266, 314), (317, 343)]"
11ba86f6-0aa9-416a-bdce-3f8f6331e964,"[(387, 392)]"
17a9fcb7-c07c-43a8-aa8e-0fb75cc80657,"[(0, 5), (66, 187)]"
537489ef-6a61-4554-a700-18373e11a33d,"[(70, 71)]"
149a4f01-dace-4f22-aa02-468df809cfb1,"[(242, 261), (754, 774), (789, 793), (806, 813), (839, 855)]"
422d07aa-0ce5-4d4a-814a-bb54d5c582fe,[]
e7fac545-6529-4e23-bd72-a2b1806d2690,"[(456, 582), (941, 942), (944, 947), (961, 991), (992, 1004), (1006, 1020)]"
c730575f-f835-4ad3-b63b-39745b946593,[]
51db4f5a-84ad-4031-ac75-14427425d911,"[(0, 0), (26, 30), (38, 132)]"
64b29d41-4548-480d-b62e-fdd18eaa093d,"[(923, 976)]"
db54335a-f64d-4dc5-b3ab-521f78c5e080,"[(41, 57), (58, 60), (62, 187)]"
dcfb2fc3-4909-408d-bdc9-e1c1a4a4a828,"[(153, 154)]"
7ca9a303-5e3b-49cd-b19c-5ce630487642,"[(0, 117), (128, 129)]"
a60f57c3-9968-4e2a-b8ac-102f73d10a1f,[]
ab2fb1eb-ee28-4df1-9013-db086027ae04,"[(851, 881)]"
9017172c-da12-4c21-99a5-2b839097cc86,"[(0, 1), (4, 252), (276, 321), (334, 377), (401, 503), (507, 565), (567, 670), (689, 756), (758, 878), (890, 893), (897, 913), (922, 923), (930, 1027), (1040, 1087), (1110, 1187), (1202, 1228), (1254, 1305), (1324, 1408), (1412, 1430), (1434, 1531), (1541, 1635)]"
7ab0f248-a01c-4583-b3ff-feeb936e6ba5,"[(0, 27), (38, 39), (80, 168), (367, 373), (441, 448), (458, 467), (484, 800)]"
9bce305e-452d-4adb-b698-0e3546a2a22f,"[(4, 51)]"
6d4cff82-875d-41cf-9328-4dfaa51a5dae,"[(0, 0), (32, 36), (56, 146), (148, 269)]"
d49f0417-5e34-448f-ad35-6bcce8d66f07,"[(355, 391)]"
b970b3a5-2337-47c8-b2c6-52b43e8d2de7,[]
9a647ec1-2ee7-40df-8c0e-9ec24b90dfb0,"[(0, 0), (14, 302)]"
546e9411-300a-46bd-9a8d-249ff09c1bf7,"[(0, 104)]"
a647b3a6-be4e-4c79-a689-2010a0fc85af,"[(0, 53), (59, 171), (305, 365), (375, 382), (394, 395), (398, 409), (514, 543), (544, 605)]"
732531b7-17b1-4b93-99f5-16ad24966646,"[(0, 135), (341, 388), (401, 405), (420, 425), (433, 443), (475, 489), (508, 653)]"
c44c4052-0455-468c-adc3-01825c0a5d9b,"[(0, 478), (481, 485)]"
9aaf95fd-f5e1-4600-b0dd-cd746b373ce8,"[(0, 143)]"
a5dd0650-a380-461e-ae2f-37637911a2fa,[]
82acb9d9-7ea9-4a94-940d-23dd356107b7,[]
74b2c6d1-6fd5-4379-baf9-03ce756a0ddb,"[(93, 97), (117, 146), (379, 382)]"
1b222fd9-71f6-4a34-9802-6144074ca2e3,[]
81af7c4f-ad42-4351-b63a-2fa639359015,"[(3, 23), (29, 104)]"
f42b20bb-fe26-499e-9697-1cb2e745e78c,"[(521, 554)]"
6df497a1-bc5f-49e6-a230-77e8c2c9b42d,"[(1, 17), (554, 717)]"
23be03af-90bd-4e2f-b0f5-e516e8b091b4,"[(0, 50), (406, 408), (418, 452), (456, 458), (486, 500), (513, 519), (527, 532), (539, 546), (566, 630), (653, 678), (698, 765)]"
7ff2df4a-6ec6-4bfb-bfc8-3039d901b0b1,"[(0, 0), (60, 101)]"
2c8a375d-d2bf-486d-b4c3-dd27d255bf97,"[(0, 82)]"
2926e76c-600c-4d91-8d13-409a69c3948a,"[(0, 0), (65, 69), (128, 301), (303, 376), (382, 569)]"
5331dd4d-5356-4c94-8667-a92855ef6b08,"[(69, 86)]"
282e523d-f9a2-4568-ae9c-345e31d0c11f,"[(0, 132), (181, 195), (198, 235), (236, 255), (257, 293), (294, 308)]"
2b43c8c6-4df8-47fd-a591-0387baf8dec4,[]
14156dfa-5ec4-4c7d-8ac2-e003026466e6,"[(82, 235), (384, 407)]"
da76a602-add3-4cb2-b8f5-1fb516008c1b,"[(0, 292), (301, 309), (318, 357), (359, 871), (876, 1154), (1161, 1191), (1193, 1604)]"
346e79bc-60aa-4caf-98ce-d8fb32bc4e31,"[(0, 35), (82, 113), (143, 207), (225, 227), (266, 282), (289, 299), (304, 349), (372, 377), (381, 392)]"
0a71b772-201f-4c3f-895a-bbb68abe35cf,"[(3, 52)]"
707bf698-b443-4a5f-a7f0-ca94f7d0ad4f,[]
92f5f3d4-e3f6-4d9d-942f-20961c548911,"[(0, 68)]"
6a174ae4-4886-4da6-a9be-19ce9195da41,"[(0, 1), (17, 66), (72, 81), (84, 100), (105, 107), (111, 385), (438, 524), (580, 601)]"
eef7cb02-b17a-4f83-b62e-9bc7ea73e26d,"[(0, 0), (9, 12), (35, 36), (38, 161), (163, 169), (214, 215), (236, 240), (251, 543)]"
43466fa7-6202-4a20-8540-aeba04c39c88,"[(4, 14), (19, 43), (54, 60)]"
365aaa02-dff2-4d87-a004-0be0fc058467,"[(0, 21), (23, 67), (77, 117), (119, 125), (170, 195), (238, 319), (320, 328), (329, 354)]"
23a60363-4fed-41ef-9a67-2d21a0595cce,"[(114, 127)]"
1d7fcd50-0454-42d2-829a-1a56592f6eae,"[(30, 118), (119, 136), (137, 260), (275, 280)]"
f4a13bbc-326e-4181-ba7a-cf12055fddcf,[]
5e460f3c-1ea6-486b-b6b1-5b31a8343078,"[(229, 287)]"
bb65d422-ed88-47df-94ff-83f41aab81cb,[]
214c2e54-2432-4dc2-83f3-fa8f896f1717,"[(303, 317), (335, 364), (368, 507), (508, 595)]"
cad5ce5b-824b-47f9-af37-2581b4a5d853,"[(0, 0), (37, 407), (411, 421), (480, 482), (549, 550)]"
caba7d11-7fd9-4448-9cd3-d312b4d3603f,[]
eaf3efb6-ee59-4da9-9f07-0abbac0d520b,[]
dfd78ca4-bd27-4eb8-87cf-9349fb239891,"[(27, 66), (67, 99), (103, 105), (109, 188)]"
abd873c9-c4a1-448e-8b04-1a14d386bd24,"[(3, 6), (9, 29), (34, 35), (604, 605)]"
d277f6a5-dafa-47d3-b138-aa2d65e9dfc0,"[(0, 0), (56, 57), (67, 642)]"
a9fff64a-39dd-49fa-b9ef-055f133e2274,"[(0, 118), (132, 133)]"
53e3a15a-8ee4-4a44-819b-c43b3aaa581b,"[(0, 206)]"
2665693e-4aa5-4322-a75e-da4c2b58073c,"[(0, 0), (41, 42), (47, 50), (55, 65), (94, 216)]"
194e5f3e-34a1-4860-be29-e62ef5f3d3da,"[(38, 89), (96, 97), (99, 150), (155, 167), (168, 213)]"
1b5a3770-5348-4630-8b5a-b44296cf9a51,[]
a2345c5d-fe9e-403b-b5b0-833ffb27d169,[]
33c5230b-a1fc-4d60-873f-35e9f513e79f,"[(52, 70), (120, 129)]"
d1e32884-cf41-49e3-a6ed-16b9282373dd,"[(3, 26)]"
24be3d96-24c7-485e-b11c-420e63e1b867,"[(45, 112)]"
96fc8f75-ff48-43df-adf4-a93e12879777,[]
d61ea9d0-3887-4afd-9fe2-303b3226f302,"[(83, 131)]"
5d9e20b9-da4a-444a-a807-3346457bcc5e,"[(0, 41), (44, 380)]"
0a73ace4-e3d0-47a2-9531-5a79bed41a5c,"[(43, 45), (52, 64)]"
ae16e6b7-3abc-4335-8b8f-f5c0db4ac3be,"[(58, 70), (113, 125), (146, 164), (167, 181)]"
062a1f9e-ebd8-4044-b4ca-4ece0c71a8c2,"[(6, 9)]"
30c97c3d-63eb-45f6-abc5-2d5cc8e5d243,"[(0, 47), (50, 78), (100, 120)]"
c71c2ebd-cc33-43b9-83f8-2f5562cd3232,"[(0, 72)]"
a7b7f534-6c8f-48c5-851b-a166a86baf58,"[(28, 83), (839, 858)]"
8966d285-f622-4a1b-9836-ca5af9145446,"[(0, 53), (197, 201)]"
0d172ddb-0322-4491-8add-45507ba4fc2e,[]
4bbdc898-1252-4c4d-a7af-b36d83900abd,"[(250, 265), (274, 466), (467, 478)]"
3229e952-790c-4df5-a512-78993b19c4c0,"[(0, 175)]"
6480ff6b-924b-4ed8-83d9-cdde537df396,"[(0, 0), (24, 25), (178, 179), (200, 201), (311, 312), (353, 624), (626, 627), (632, 635), (648, 651), (659, 660), (726, 731), (737, 985)]"
3082248f-25b9-4699-94f1-7cc56c95e42b,"[(0, 129)]"
2400113d-6865-40f4-b7ec-9e1163c610a5,"[(0, 228)]"
912f86b5-5bbd-4fa0-a927-ea11b2fc0c0c,[]
61e0599f-4840-41c7-9d8d-71b83d3d19a2,"[(0, 1), (106, 429), (435, 444)]"
a22a6f8a-82fc-42a4-b28e-5f428136df73,"[(76, 84), (98, 141), (187, 190), (198, 201), (391, 394), (451, 466), (672, 679), (681, 690), (759, 760)]"
a2030d51-6532-42f6-be19-e709b99df209,"[(0, 354)]"
c3796a75-5c7f-4e5f-8697-fb6c5eb99491,"[(0, 127), (128, 132), (178, 221), (224, 226), (227, 319), (320, 372), (413, 417), (422, 447), (586, 594), (596, 634), (674, 684), (688, 697), (704, 705), (726, 732), (733, 772)]"
527030be-2a08-425b-abf1-9f839e7c249b,"[(45, 48), (53, 59), (65, 235)]"
30b8a8aa-a71b-4c8c-b913-729454dc5663,"[(347, 371), (372, 378), (380, 526), (750, 765), (766, 986)]"
8e5f56c2-1143-4314-bbf1-9eba4b938264,"[(312, 530), (534, 623)]"
04403f98-d02b-4207-941d-35beb5950e80,"[(0, 0), (62, 361)]"
b1bb83ae-079b-41e3-a00e-dc64a930639f,"[(45, 57), (60, 200)]"
7270a521-dc4f-4405-9b5a-6c200d3ae011,"[(0, 0), (1, 13), (19, 20), (28, 299)]"
c2bd0770-853c-48ae-b3a6-841c4070c9d5,"[(541, 646), (648, 698), (699, 720), (805, 810)]"
ca0447cd-39b2-4479-b082-b1f404d0dec1,"[(0, 1), (3, 91), (115, 116), (170, 303), (304, 454)]"
d07a7787-1a7d-4791-8e69-0305a998ebb9,"[(0, 67), (69, 70)]"
a1879a17-1168-45d6-86d5-e935e8ddb6ae,"[(0, 51), (53, 383)]"
a443a59e-fac4-429e-950f-9f7bde02d3be,"[(0, 333)]"
d0c837b6-d50a-48b7-99f3-5d03c5035e4c,[]
1e6cda6f-12ad-43b8-8e2a-68a54c2d2c95,"[(769, 792)]"
4483959a-4e41-4e82-a17e-9897353de9dd,"[(0, 100)]"
c6659a13-ca08-4c1b-8154-f51dcf5509b3,"[(58, 73)]"
ddf44b31-5f0b-4379-aa73-068beb63dd2f,[]
d1bbf110-1ff3-4b33-80a4-a3d2f0a0754b,[]
e094d5a7-373b-4ef1-82dc-6e662520cf69,[]
0184cfd5-9793-4726-9b1f-044c0d7c235a,"[(0, 359)]"
082139a7-2db3-41c3-8074-06934e9fb234,"[(0, 1), (4, 63), (64, 136), (139, 187), (190, 209), (211, 226)]"
0c0b5f51-47c6-48b9-a6c0-d35cf100d081,"[(1, 16), (321, 335), (339, 341), (370, 378), (382, 483), (484, 498), (499, 529), (580, 601)]"
2281bf2b-3d84-4d96-8b73-955ed47df01b,[]
d493d3f8-b394-4676-b11d-a3fbb2d55694,"[(0, 16), (20, 34), (35, 70), (123, 124), (135, 136), (140, 186), (277, 322), (329, 336), (338, 342), (374, 430), (431, 473), (474, 475)]"
eae1a906-9960-4bee-9bb0-35c67d9cd91d,"[(0, 0), (22, 169), (177, 431), (434, 437), (447, 476), (479, 492), (517, 569), (571, 634)]"
6713b9db-44ee-4f11-9720-d0bfffeab2eb,"[(40, 94), (95, 214), (215, 303)]"
570aeffe-6279-4062-8ad2-b9da38cf8203,"[(0, 43), (57, 58), (140, 298), (395, 540)]"
0e3b8fb2-71a8-4252-a2e3-ca29471e88ec,[]
7f4bc80f-2e50-4006-8e4e-7e0634b26fae,"[(0, 54), (63, 74), (105, 123)]"
37c7ea60-fc71-4d94-bf94-1dd516805a8b,"[(234, 290)]"
1d1b2d8c-4080-49d5-8924-85d68a4e0639,"[(0, 350)]"
3170d9de-ba14-4cc8-a456-366bef472e60,"[(0, 87), (91, 337), (365, 366)]"
2394b936-39cc-45eb-a993-9c2b41a4d8fd,"[(0, 688)]"
fc6697c0-77da-4138-a9c3-dad6922d2418,[]
c4ac263b-7281-4a55-ab63-d2115ca522fb,"[(0, 392)]"
5749b4e3-e6ce-4216-a41f-6c234951762a,"[(0, 14), (23, 50), (51, 106)]"
834e7e8f-cc42-4782-ab0b-cab89414e4e4,"[(0, 19), (48, 49), (68, 119)]"
777d5cb4-6f1c-454e-8d68-7dc33bda6fd1,"[(0, 66), (67, 91), (456, 463), (478, 481), (489, 493), (499, 601)]"
11a999e8-c6e7-4afd-8e7c-3d44ac74e325,"[(90, 154), (155, 181), (188, 244), (246, 352), (353, 383)]"
7b2b5f91-b562-4a2c-b7c7-edc3ad605204,"[(0, 64)]"
4ae24e7f-cf2e-4550-bfd8-43e5db4bc868,"[(133, 232), (233, 242), (244, 279)]"
34792d06-5fcc-4ec7-811f-f8422a2ddaa7,"[(44, 47), (86, 91)]"
9190eddd-ab7a-4f7e-8fe9-5680914a743e,"[(789, 819)]"
95df0b63-308f-4071-be02-dffe62da5f72,"[(0, 27), (67, 72), (76, 80), (84, 152), (154, 156), (158, 488), (506, 510), (528, 533), (535, 629), (637, 644), (646, 655), (658, 678), (680, 1287), (1290, 1308), (1379, 1380), (1386, 1408), (1411, 1412), (1415, 1696)]"
61753d2b-4457-4fad-8efc-900782678da6,"[(1222, 1225), (1243, 1247), (1251, 1255), (1273, 1298)]"
78488029-0bd8-4935-8bc6-1f24a37a3713,[]
74f450bf-455d-452f-b950-ec3ec98cc1f4,"[(232, 248), (255, 264), (283, 287), (289, 337), (440, 538)]"
845f19c4-e21d-4299-abf0-d763c692d2e5,"[(13, 20), (25, 95), (100, 113), (787, 792), (852, 857)]"
63d403fe-9161-4e55-8568-c463c28e6143,"[(0, 265)]"
56768af9-cf56-4b12-ba85-455fdee2d236,[]
8f09b8f3-78db-4881-9abf-5cfe8561e86a,"[(0, 0), (33, 36), (46, 176), (183, 185), (353, 355), (428, 622)]"
3daddf0e-197d-425e-8447-224ffcc39c85,"[(42, 53), (155, 157), (159, 162)]"
e477a243-2747-4444-bbc4-97b77dd49b74,"[(0, 82)]"
dcfaddad-5edf-43a6-9955-c1e887959243,[]
6675c535-c4d8-4568-9fa2-0646063c75fa,"[(226, 228)]"
982a1499-ef1c-464c-9072-c61c3f31ac74,"[(0, 94), (153, 188), (194, 601), (604, 611), (614, 622), (674, 881), (883, 1192), (1210, 1413), (1435, 1441), (1455, 1467), (1476, 1564), (0, 0)]"
bc60f76d-2381-4a60-9151-11794e1312fb,"[(0, 33), (52, 59), (105, 147), (218, 234), (235, 255)]"
3ab2c336-d804-4d90-85db-1c1404b9d475,"[(210, 296), (351, 359), (363, 370), (371, 375), (428, 433), (674, 682), (686, 693)]"
b62eb85b-cb3f-45c7-bb19-6def2f825b7c,"[(4, 10), (16, 33), (42, 56), (100, 178), (183, 349), (353, 369), (893, 1051), (1052, 1083)]"
5f54f5fb-c56e-4d96-b9d2-d152a6e730ce,"[(0, 0), (13, 499)]"
7415caa9-6887-4e9b-aa48-235817118aa4,[]
66724e23-cb06-47b2-8d97-04978ae962e4,"[(0, 1), (2, 162), (165, 175), (182, 194), (196, 376), (434, 468)]"
c56ccfc9-ce57-4cc4-96e4-43e63b6e1ff3,"[(0, 0), (1, 396)]"
7003b089-27d6-4e56-b983-42610985f0de,"[(93, 156), (163, 165), (168, 178), (217, 311), (343, 356), (365, 384), (510, 515), (525, 551), (560, 569), (571, 592), (595, 735), (736, 1077), (1111, 1112), (1139, 1149), (1528, 1547), (1569, 1639), (1737, 1825), (1867, 1914)]"
d18451b3-d856-438a-be10-028c37237905,"[(0, 151), (223, 266), (268, 423), (426, 428), (431, 479), (489, 1135)]"
059a65fa-c0e6-4ae8-a308-c35ed3dde08f,"[(512, 544), (549, 560), (561, 601), (604, 621)]"
df67c52f-0e35-4df7-bc4c-19e266b90d2d,[]
129e931c-f9b1-4ddd-9e7f-d4f94c57591f,"[(0, 1), (2, 217), (220, 222), (224, 228), (242, 364), (391, 447)]"
05915422-e7ef-40c9-9adb-73e1721513d2,[]
2f493e05-43b8-4cc8-9242-60163c729271,[]
7ff8a4e4-3860-488a-b2b7-cbfa51220fb4,"[(0, 72), (147, 474)]"
d024cd5c-43ad-45ff-a7eb-9e096e4cd2ae,"[(78, 130)]"
5b79e23a-0eea-40b9-a139-a01e9930e1b4,[]
bbce22ab-1878-472c-966e-24f8c2298f36,"[(3, 15), (16, 25), (26, 37), (38, 49), (68, 79), (430, 436)]"
f24800d5-fc6a-4b9b-bcbe-7f23efab56d6,"[(99, 106), (107, 139), (468, 487), (553, 555), (566, 595), (939, 956), (963, 966), (978, 984), (989, 990), (1018, 1023), (1029, 1069), (1071, 1157)]"
e79f91f1-c4ff-4e76-b83c-74ed74ff86e4,"[(10, 16), (26, 102), (279, 284), (291, 313), (351, 353), (393, 426), (486, 488), (495, 507), (624, 625), (633, 643), (662, 689), (785, 791), (797, 807), (822, 919)]"
ade380b8-3270-40c9-bf86-a093943acf38,"[(0, 33), (255, 317)]"
52be564d-87e4-40d0-8b7f-dde107e01b65,"[(0, 53), (127, 144), (145, 157), (158, 200), (207, 246), (317, 399), (407, 419), (427, 429), (432, 448), (463, 484), (486, 598), (601, 642), (643, 683), (686, 711), (714, 717), (888, 931), (985, 1075)]"
74db1575-0114-4694-9dcc-1fe702ced56b,"[(119, 124), (128, 132), (167, 169)]"
9de5058c-eaa9-4c42-99c5-dda9bd5837b0,[]
e8efa7ce-6847-47ad-99f6-7e7921daa065,"[(70, 153), (155, 183)]"
6391db6a-96c4-4bd4-a21f-9b486de899f5,"[(0, 1), (2, 74), (79, 147)]"
ea4a512c-c31d-49cf-a173-7c6ee2454dbf,"[(53, 64), (65, 116), (118, 187), (189, 277), (278, 297), (298, 358), (360, 373), (499, 500), (508, 529), (530, 573), (592, 606)]"
26893903-5082-4da0-9a49-13cf159a6f1a,"[(0, 75), (84, 105), (187, 200), (206, 315), (329, 378), (589, 598)]"
8e810181-c5cc-4028-b3cd-cdcdf4b90d91,"[(0, 0), (33, 165), (195, 311)]"
5e070992-d58c-4de9-bb67-9cfeb3232cc6,"[(0, 41), (142, 205), (242, 288), (296, 301), (316, 328), (329, 336), (435, 455)]"
a88ab735-6304-49f6-b9c0-d895c6db2c34,"[(54, 61), (63, 67), (71, 83), (95, 100), (102, 105), (228, 229), (238, 240), (244, 261), (389, 415), (476, 479)]"
4d2931be-8bee-4c69-9e24-267c02fbbbb9,"[(0, 141)]"
b4c7b0b1-e539-4a69-a5f3-3048ea3f770a,"[(0, 0), (72, 78), (86, 202)]"
ae7174d4-ae3f-412d-9afb-8dc81cce0619,"[(6, 53), (55, 94), (95, 144), (147, 261), (264, 322), (323, 392), (393, 630)]"
09d13ca3-c6cc-47ee-a98c-8f674d340003,"[(0, 101), (116, 117)]"
fff482f4-6cd1-4fca-9801-2acb6c8be077,"[(0, 121)]"
6a610ac9-78f4-43e1-9909-afa89d2b6a96,"[(33, 36), (356, 359)]"
62fb23ca-d64d-4978-8164-9626dec6f406,[]
b3599b67-4ed5-4b59-8520-4ec4d7d3b77a,"[(106, 108), (260, 262), (276, 279), (342, 350), (789, 832)]"
6af47f77-4257-46c2-8db4-f5c12090d758,[]
992221da-7021-409a-b7e0-d040372bbd84,"[(11, 185), (260, 292), (294, 346), (353, 356), (364, 365)]"
df2770ca-e9e7-4513-bcf9-0aa1bba22474,"[(134, 137), (138, 141)]"
2265c3ec-7a1c-4747-8e83-7a6aa93a34b1,"[(0, 2), (6, 97), (99, 299)]"
47cbe410-eab7-45e6-93a3-452fb58896f0,"[(114, 124)]"
0a3c981a-c3e0-4507-837e-78ef509ff4fb,"[(0, 490)]"
e0388599-650c-47bb-9200-24f93ed4df4a,"[(92, 93), (96, 104)]"
c5ee91fc-4eb7-4222-b709-ec40156c61a2,[]
1ca8c776-1ff8-42c8-b156-8e396a03250e,"[(0, 0), (19, 391)]"
9b77822a-474f-4532-8e5d-0a80045b4bda,"[(98, 113), (114, 227)]"
7211fd0b-31b0-4fdc-84aa-c07fd7ac3a92,"[(23, 104), (105, 369), (370, 468), (470, 764)]"
47441ecc-bde0-4ddc-8d81-696c8b586071,"[(817, 835), (970, 975)]"
0b5058ff-f29f-4b12-aa02-3f36526bc141,"[(0, 1), (5, 25), (87, 152), (174, 181), (183, 1062)]"
008a7032-ed7e-4da3-b0e6-4b2b7bcd2f08,"[(6, 11), (13, 16), (23, 28), (87, 136), (184, 185), (215, 305)]"
5be5dd62-59e3-473c-ac94-eeca983f449f,"[(124, 155), (188, 226), (419, 458), (467, 468), (475, 491), (557, 625), (631, 720)]"
979ccfd7-9dba-404b-908e-20e52e90261f,"[(33, 36), (38, 75), (90, 92), (187, 191), (368, 377), (382, 393)]"
8433d66c-329e-4add-ac84-98111d55dd75,"[(48, 75), (81, 89)]"
7e93a918-9109-40de-8e24-3d24c7ac01a7,"[(59, 173), (176, 193), (194, 233)]"
a5f53285-7882-40c0-b6e7-9cbbd4cbfc87,[]
33f24ea9-9c98-4b70-8dd4-6522059fd727,"[(45, 62), (146, 199), (200, 204)]"
4ecf2ebb-eea6-4126-ac21-1ea82040ea51,"[(84, 139), (331, 403), (483, 529)]"
4044fa7a-4de6-4e21-8117-b7f190e5c69d,"[(0, 7), (24, 27), (99, 100)]"
35649d3c-09d8-484a-9eb6-19dfc0f5a050,"[(0, 64), (83, 85), (95, 96), (98, 285)]"
31b60e1e-ab4e-4e37-835b-ac5ef7e4b028,"[(5, 107), (458, 469), (478, 507), (509, 559), (564, 586), (850, 871), (873, 926), (927, 934), (938, 999)]"
c75e4a0f-69ee-4d5e-9d62-064e6e505e11,"[(5, 6), (24, 55), (57, 121), (123, 160), (196, 199), (203, 227), (230, 243)]"
b28f6e52-5248-4b34-83dd-c9cd03b4cb31,"[(47, 49), (346, 398), (399, 414), (876, 878), (886, 890)]"
433e8b19-f410-4bd0-8af4-e7536bb0f892,"[(33, 84), (107, 232), (269, 335), (409, 415), (435, 440), (441, 446), (449, 479), (486, 500), (503, 546), (550, 563), (574, 584), (605, 609), (616, 617), (643, 652), (677, 732), (743, 745), (769, 955)]"
f0000a75-bf67-4c69-9c6b-786f8f2977eb,"[(0, 0), (165, 166), (268, 431), (437, 662)]"
105fef5a-8eb1-4b67-b3f5-668f15e38c1a,"[(769, 924)]"
58625d3e-21e4-48bf-9777-60cc3edf27b2,"[(3, 4), (7, 113)]"
b3b32843-3983-4ef8-8db6-eebb6717248e,"[(29, 31), (35, 71), (73, 82), (87, 233)]"
be5d87dc-5b69-4323-b5db-857adecaa2f6,"[(25, 93), (94, 175), (176, 194)]"
d294a6cb-a373-4f09-9b96-bf7efc347d8d,"[(262, 289)]"
001abc42-96d4-4642-9427-8ce66d81bb49,"[(154, 189), (195, 201), (552, 580)]"
9bae7b14-defa-45e7-9442-ff07d5cb567e,"[(0, 0), (25, 98), (100, 435), (446, 447), (455, 456)]"
e88de35c-6d45-4475-8108-c1873287a501,"[(0, 14), (19, 38), (53, 64), (87, 95), (103, 155), (156, 199), (293, 295), (300, 312), (320, 351), (356, 434), (478, 489), (496, 498)]"
0a358def-c797-428e-a3e1-8db461631038,"[(186, 254), (267, 268)]"
20c7b762-5307-4be6-84dd-ecb9921bfe1c,"[(264, 298), (300, 352), (356, 383), (384, 396), (398, 459), (461, 500), (502, 512), (514, 523), (527, 542), (544, 566)]"
8b67737e-38fd-445a-a7e8-3c309077dfb1,"[(40, 43)]"
3c654241-5f2a-4701-bdfe-1f3805ef10fa,"[(0, 30), (59, 60), (79, 220), (224, 279)]"
ea0f03e6-cc61-4042-9f6a-d7f9ae59ba6e,"[(0, 203), (219, 265), (281, 336), (356, 1367)]"
5558ff0a-5349-4630-b2c7-a278665f1a73,"[(22, 27), (32, 50)]"
5924209a-5b43-4511-9449-94c3f3dca520,"[(24, 41), (95, 102), (368, 454)]"
b3c94588-86d6-4019-bb15-8fcad939dbc3,"[(3, 51), (239, 253)]"
60688a89-4c46-4d35-932a-7de268c7c328,[]
6630f423-0010-4654-a330-89eb44b5e735,"[(0, 297), (300, 305), (311, 665)]"
b9f0b548-287c-4760-a410-e1269c8dd0b4,"[(2, 5), (29, 63), (394, 400), (404, 414)]"
7fdd265f-d070-43e0-aa0e-b5b527b4b474,"[(451, 503), (533, 537), (547, 690), (778, 780), (786, 789)]"
2918abf2-2bb1-47d9-861a-a652d8a4e8fe,"[(163, 171), (175, 256)]"
4c91d92a-0b05-4cd7-80c4-8e298aaad450,"[(5, 39), (40, 49), (342, 354)]"
cda143d1-54ee-40b7-aa98-ed8b1b65e154,"[(29, 33), (252, 264), (703, 706)]"
2b46445e-1805-4877-95d2-027c27176514,[]
7f31e76f-06c3-4259-9b26-8542e2460302,"[(588, 667), (669, 684), (685, 686), (693, 765), (766, 799), (800, 891), (937, 940), (946, 1141)]"
0756b85d-63fa-41ce-b77c-d4a826d88e1d,"[(0, 83)]"
a1f5a4c8-572e-4f89-8103-21523144e2cf,[]
211ac6e5-d8d0-483e-b2f8-dca8506b7985,"[(104, 144), (218, 225), (253, 258), (415, 519), (604, 707), (709, 747), (748, 758), (759, 828)]"
bfa8653b-17eb-4c93-bdf4-c599cd4e6a22,"[(628, 686)]"
44be53e8-2f07-45ec-84eb-6bed074148bc,"[(25, 80), (142, 160)]"
157dee8e-14d5-4c8b-a981-40cfa62e3ab5,"[(81, 92), (95, 135), (136, 154), (156, 316), (322, 334), (348, 349), (378, 513)]"
19663af7-e7bb-4e6c-ba37-dce73e04634f,"[(10, 19), (60, 111)]"
f06a20e1-fd2b-4891-88c7-a0ee559c741a,[]
b1f059a3-07b6-4fcb-9bb0-71b1a54a4f9c,"[(0, 32), (117, 135)]"
ece17d33-93e0-4a0b-ab19-ca56598422ac,"[(33, 36)]"
7740c5ea-b073-4f42-86a9-c38a2215dfcf,"[(58, 121)]"
82c71a3c-1dd6-46ea-a7c5-f45a251f4699,[]
73552377-bd31-4e41-97ea-845292e9adbb,"[(0, 0), (15, 17), (20, 85), (89, 105), (117, 245), (299, 337), (366, 391), (393, 394), (418, 520), (524, 539), (543, 582), (584, 703), (705, 825), (849, 854), (877, 972), (987, 1031), (1057, 1149), (1170, 1301), (1315, 1341), (1367, 1418), (1443, 1463), (1479, 1537), (1547, 1641), (1643, 1650), (1654, 1661), (1665, 1681)]"
e1c5955f-01fb-43c0-a4de-276c58f7dd95,"[(2, 113), (201, 228), (248, 261), (268, 343)]"
9027e302-6beb-4eb9-bf2e-adf7bbc8d0f9,"[(97, 110), (115, 123)]"
90a0a257-f8cf-41f7-800b-3dd7cc1ca81e,"[(33, 36)]"
96b07b2f-aa89-429c-95f0-3acfbece1754,"[(0, 1), (3, 255), (264, 289), (297, 311), (317, 508)]"
d4d18b39-350b-4f7d-b62f-e076c5746410,[]
9a577199-6d0e-422c-bd27-3d694a04f8ee,"[(0, 651)]"
a3716d54-0b82-45a8-ad1d-8c546f83fb48,"[(218, 417)]"
2acab285-380e-4266-9ca6-2c06d383cfd1,"[(0, 48), (78, 182), (189, 193), (206, 238), (396, 424)]"
283bf416-ebd6-45a1-bbec-908a3cc03cbc,[]
819c7481-7f26-4650-b52e-28fbee9450b2,"[(104, 112), (117, 118), (122, 144), (147, 199)]"
3733903f-e7c1-468e-805e-8c53247cf352,[]
e46050a6-a795-491a-9bb6-8c9138833e7b,[]
d15e613a-951e-4267-a39d-810d7f502807,"[(95, 122)]"
d613675a-dd28-4992-88b5-ec04007589f0,[]
a35d9653-a747-454b-b4b9-c5587ce79d3d,"[(308, 315), (322, 357), (368, 369), (381, 492)]"
ad46a478-1651-4754-91c7-3d95d11f8fd4,"[(41, 51), (53, 107), (121, 127)]"
ef4dcb0a-94fb-4764-835c-280a81113384,"[(0, 10), (13, 16), (22, 81), (112, 144), (154, 168), (204, 218), (225, 226), (270, 330), (343, 346), (357, 359), (369, 379), (382, 528)]"
8ff72a53-a894-43b2-aeab-3bb691e1e3fa,"[(0, 35), (39, 470), (479, 539), (545, 555), (561, 576), (583, 593), (629, 631), (652, 1096)]"
47a4395f-d0a1-4042-921d-a2c6742b9eaa,"[(19, 159)]"
34a22386-1375-4726-8418-954a288e74a6,[]
1f9a7206-a0be-44d1-80ea-61136afd7da9,"[(74, 84), (87, 95)]"
a825c82e-64fe-41a6-b4ff-b52d4980c2cb,"[(123, 175), (275, 329), (347, 389)]"
7bbc8807-2bf5-40ec-8099-74f74b66bc6b,"[(621, 660), (661, 679), (896, 910), (921, 951), (1160, 1170), (1172, 1297), (1329, 1340), (1357, 1415), (1510, 1668), (1772, 1853), (1862, 1866), (1869, 1870), (1888, 1928)]"
0bac7f61-77a4-4ce0-a702-d3f95e4a57ca,"[(0, 210), (393, 662), (667, 861), (863, 981), (1001, 1008), (1064, 1070), (1248, 1476), (1480, 0)]"
55c60ac3-72f2-45ea-af5c-170daecd7b45,[]
9335952f-65fa-458b-8a3e-737f80c2890f,"[(0, 13), (14, 26)]"
6a19cf2c-7490-400f-9a4f-90f119bf051b,[]
efee229c-d6fb-4b7d-9ce4-73e13629aa41,"[(6, 31), (50, 74)]"
26751ab3-996e-4e0a-b159-c311697c36a1,"[(0, 170)]"
9c833421-564e-4038-9ded-18f62488af39,"[(0, 0), (11, 461)]"
2c24c94c-d2b7-4984-a06b-0bb06a5af02f,"[(5, 58), (646, 653), (654, 682), (692, 713), (734, 745)]"
509d1c54-cf3b-4094-81bb-a6e3054ecda7,[]
9b9752c3-f3fc-4c27-b954-4252f665a18c,"[(509, 567)]"
89cddf17-fe3b-4c0e-9e8b-83b8db173030,"[(72, 86), (87, 91), (96, 99), (105, 157), (158, 162), (167, 228)]"
172b7b0f-c698-4dc2-b921-bab083daf7ee,[]
b48a3be6-a8ca-45c4-9001-689c5eb2d1c9,[]
da2ac07a-abff-4c04-b3ed-39655e0289e5,"[(0, 26), (28, 75), (106, 107), (118, 167), (176, 177), (183, 186), (207, 210), (213, 215), (223, 238), (310, 314), (321, 440)]"
66ebb998-fd91-4bb4-9eb8-6e561ac071df,[]
bb20034f-bb35-4533-8e23-b98918898d3b,"[(308, 358), (365, 377)]"
20b0e6cb-cfd5-407a-90ff-ea1bc674acad,[]
8984bb37-a197-45cd-a68e-36c27823ca6e,[]
ee6d3215-4a33-4dc5-b30b-3b67f202677b,"[(0, 53), (83, 86), (91, 124)]"
4f6cf113-f243-40dd-b7ab-7cfd4a26fb01,[]
6e570d55-6d3e-4e9f-a148-42abe5c70583,[]
7741a6b3-6892-447b-a7a6-268358ef0f6a,"[(9, 27), (37, 64), (65, 121), (140, 209), (227, 317)]"
48f51805-fe30-4912-af1d-af14c11640a5,"[(166, 168)]"
4b41e36f-6e21-476b-afab-7837bc99b156,"[(4, 44), (86, 120), (157, 191), (269, 350)]"
03355e2d-dfc0-4175-98ee-4af25d8289a0,"[(31, 45), (73, 177)]"
24d3a336-4761-4373-88ee-6267650eb413,"[(46, 58)]"
da558970-d056-4c01-8510-c59bfc080e64,"[(573, 662), (665, 675)]"
bad19de0-3a67-4f98-b390-226dbc7f6a04,"[(102, 133)]"
43ead212-8666-4112-90c5-60ba5a3e574f,"[(239, 294)]"
890cebce-db54-4c92-81ee-6346f184c83b,"[(136, 145), (189, 239)]"
e0ce2d2c-0ff8-4125-a93c-57eecf207d1e,"[(0, 15), (19, 136), (221, 275), (369, 370), (395, 403), (406, 423), (603, 626), (729, 770), (774, 779), (787, 1019)]"
51cf9ddb-3d77-4ab6-92c7-61cdc31905d3,[]
64f1b3b3-7c06-4d1b-9caa-bb65303bd785,"[(0, 1), (3, 117), (120, 155), (196, 225)]"
2b54736d-72b6-4e12-8ed4-12e362245961,[]
c5ac20aa-51bd-4eb5-bf59-e53a43282aae,[]
5c1ee8e2-8e14-468e-852d-2b6924112c3d,[]
fe44c331-18b4-48f0-81a8-8649cd045df5,"[(50, 96), (110, 117), (189, 219), (221, 242), (243, 262), (284, 318), (319, 339), (341, 455), (487, 516), (521, 585)]"
a0be8e92-5099-411a-b71a-517350c5c199,[]
09ccc7e2-75c5-4a43-a2fb-43c813e6fbe9,"[(0, 1), (8, 883)]"
aa22f61a-8449-4809-8f9e-441578f8cb1a,"[(6, 9)]"
ae462864-7bfb-47e5-aa5a-5b4b5b8f2c42,"[(377, 421)]"
7214cda6-71b8-43d7-a2f7-b4c6a5a0a68d,[]
f673239c-167f-4bee-8109-eb53fbebdd30,"[(39, 52), (54, 59)]"
197d0afe-8bf3-4fec-8bba-6685f6d4c753,"[(0, 19), (23, 26), (33, 53), (58, 102)]"
3bf00b58-756a-4951-9f25-0d3688f8d5f2,"[(0, 0), (14, 17), (33, 34), (72, 82), (110, 229), (231, 238), (241, 242), (245, 264), (268, 330), (339, 428), (431, 651), (654, 739), (783, 793), (809, 862)]"
2f1f7932-97b2-44c6-8bb1-1b02d1602972,[]
2a28e469-20a6-4e88-9415-18bafb496852,"[(40, 140), (153, 157), (169, 170), (176, 178), (183, 186), (247, 249)]"
a54d2873-84af-40b6-8110-c67fe3f626b7,"[(652, 653), (678, 679), (698, 706), (709, 714)]"
2e6d0392-e305-49dc-befe-61aecb0d890d,"[(3, 92), (262, 270), (287, 313), (318, 321), (323, 351)]"
dcdb3545-2999-4da3-8994-8fe690e7890e,"[(0, 9), (329, 330), (334, 343), (344, 365), (375, 407), (418, 419), (473, 476), (493, 503), (504, 623), (641, 662), (690, 789)]"
4558570d-7de8-4806-bb6b-f12058fa93e1,"[(207, 299)]"
fc8e7de0-d1ae-44d4-a63e-5a3edcd03738,"[(0, 0), (9, 52), (62, 68), (71, 78), (97, 582), (584, 625), (647, 648), (680, 692), (706, 708), (715, 780), (787, 793), (800, 801), (821, 831), (836, 1172), (1196, 1237), (1241, 1253), (1255, 1487), (1490, 1505), (1512, 1772)]"
e4eb9f55-87af-40d5-b1ed-f185157578a0,[]
55453493-5518-463e-a927-778cacd2c0c8,[]
c33307d3-6509-4916-9ca9-d1b5c5a1fc7d,[]
9598ee8a-70bf-4009-9b42-fe9cfdf0b4a0,[]
1e1f7253-0f32-4ff6-98eb-b0417670b59a,"[(341, 353)]"
339176aa-40fa-45ef-a61c-447c612a2f28,"[(11, 64), (66, 69), (80, 151)]"
3076853b-4437-4d16-8470-2a2ed76cb454,"[(0, 0), (8, 12), (33, 60), (65, 214), (219, 358), (362, 468), (474, 547), (552, 555), (557, 579), (581, 645), (650, 651), (696, 705), (712, 718), (727, 732), (736, 808)]"
cee6f5c2-1777-42ea-ac0d-f8e95115f1a7,"[(463, 548)]"
a518b3ff-c13d-4a39-8a60-123944ba05a3,[]
e2a1c594-ec52-4bc9-9efd-05afaf1f73e2,"[(113, 127), (128, 129)]"
3c6753ed-9d43-4736-806b-a352b7615bd4,"[(0, 264)]"
95fa28e7-4d97-4bdd-97bc-f60c5c954c82,[]
a17b2c58-41d6-4d5a-9478-d64b5361c2d8,"[(95, 246), (306, 378), (379, 417), (421, 474)]"
2856bd84-dad2-4e69-9112-e200120d022a,"[(109, 113)]"
aeaffa33-e05c-41bb-9bb4-27ac191a218e,"[(25, 53), (54, 94), (97, 254), (271, 358)]"
ba080314-6091-4595-939d-f40ca9efbbb3,"[(108, 111), (129, 208), (426, 434), (435, 676), (677, 728), (737, 775), (780, 785), (808, 812), (1227, 1229), (1232, 1235), (1551, 1557), (1659, 1666), (1683, 1685), (1697, 1698), (1701, 1709), (1712, 1715), (1721, 2029)]"
36836c82-6891-4d3a-b748-a472f1122554,"[(0, 23), (48, 50), (55, 59), (64, 112), (114, 144), (145, 213), (215, 279)]"
3e755203-d3df-4638-8a5a-27fbbec1ef66,"[(0, 34), (191, 230), (238, 241), (282, 284), (293, 295), (297, 447), (448, 504)]"
fd974d2a-7685-4114-a8fb-79e9c3e18f9f,"[(192, 263)]"
8a1d9f4d-28f2-4689-b557-328011b5ac43,"[(15, 35), (43, 56), (81, 88), (94, 226)]"
ee2f3dc4-6e0a-4d04-b132-37d1e78d4794,[]
49cc1f18-597e-422f-961f-02970ddd58ee,"[(0, 149), (150, 151)]"
baa5490e-a61b-4e72-afff-afea8dfd9398,"[(121, 127)]"
c5f6b259-15c3-41ae-a243-45ecc2d3dd9c,"[(22, 29), (33, 48), (51, 53), (69, 105), (139, 146), (153, 154), (160, 206), (208, 217), (221, 231)]"
a4ca5a06-965c-4514-900b-086baae46eda,"[(0, 63), (205, 259), (264, 295), (306, 311), (331, 338), (572, 716)]"
7ccd1c61-02f0-4c8d-9f95-1dde4b32a523,"[(4, 36), (79, 103)]"
ea8d2ea3-6179-4874-aabd-99d740d0afde,"[(162, 261)]"
8296d24a-7f5c-48f8-ab32-f35b64d09b34,"[(0, 88), (193, 216), (220, 233)]"
a1c4cea9-73d9-43aa-92c7-85623620bedf,"[(2, 17), (20, 23), (62, 115), (122, 137), (159, 165), (385, 389), (439, 443), (461, 492), (496, 538), (560, 583), (587, 598), (611, 623), (629, 630), (662, 669), (672, 684), (724, 731), (736, 762), (764, 886), (946, 958), (964, 973), (1053, 1061), (1085, 1091), (1112, 1120), (1142, 1149), (1156, 1179), (1186, 1210), (1271, 1290), (1327, 1330), (1333, 1354), (1364, 1370), (1376, 1380), (1413, 1416), (1442, 1489), (1648, 1649), (1654, 1683)]"
758269ac-c792-4a3c-9cae-9b50e73ab8da,"[(0, 43), (125, 143), (150, 153), (460, 464), (503, 617), (619, 636), (637, 649)]"
eac0c97a-1646-48a7-a0bf-e3130e2ec7e2,[]
257ea62d-4807-4a27-8d39-241fdbf19677,[]
7dcdc8e4-63ca-41d5-b1f7-b611f0accb11,"[(0, 62), (75, 76), (92, 94), (106, 329)]"
478ccb3a-3127-4d7c-aff7-8eea7f1124c0,[]
235b4c76-9e37-4535-8ef4-b710792e8fcf,"[(0, 4), (11, 16), (34, 44), (48, 181)]"
5421b5b9-2984-4d73-9ad3-897f4937b2ff,"[(233, 236), (246, 284)]"
e29bfd68-1ca5-43ff-94fd-5bd9979e2b1a,[]
0b6bf67b-805a-4dd2-a194-cb8eddc157c4,"[(0, 0), (64, 81), (131, 195)]"
4db3fe38-4691-428c-9889-80e7ec60c2d0,"[(3, 81), (106, 110), (168, 173), (428, 458)]"
a763979d-055e-4e4c-bf28-547632cf0bee,[]
e42ccf49-af59-492f-97a1-ee4b1034d797,"[(28, 35), (113, 199), (205, 357), (358, 451), (452, 462), (573, 850), (855, 1107), (1163, 1194), (1195, 1208), (1211, 1213), (1218, 1275), (1328, 1346), (1353, 1367)]"
170f8fa9-c679-4644-bc16-a47f571d428d,"[(0, 0), (34, 35), (107, 337)]"
7ff7cf2b-e76e-484d-959f-1443def39236,"[(225, 302)]"
f20ad3c4-5ff3-42a2-b141-ba3dc15f72cb,"[(0, 0), (11, 14), (50, 54), (57, 190), (208, 424)]"
a839be7c-2486-4226-a641-9ee36ac68d7e,"[(43, 75), (79, 125), (184, 188), (225, 228), (235, 328), (330, 378), (387, 415), (416, 507), (508, 536)]"
280a7d84-089c-464b-b160-502319b7f7c9,[]
4369aaef-c642-43f9-b287-7852d1f8dc88,"[(0, 2), (8, 16), (17, 37), (41, 46), (53, 55), (56, 76), (85, 126)]"
58600b3c-5d11-4d33-8dda-64dd3e264b8c,"[(0, 51), (61, 75), (77, 177), (354, 361), (363, 641), (642, 666), (672, 678), (682, 783), (784, 807), (834, 863), (865, 889), (894, 904), (908, 909), (918, 966)]"
adb598e2-fc0f-4b43-a509-9bab10de167d,"[(113, 152), (154, 176)]"
8be1951c-c3cd-49b4-a5f2-af5f262c0707,"[(260, 401), (408, 568), (569, 654), (661, 825), (832, 931), (966, 1006), (1008, 1032), (1073, 1077), (1091, 1092), (1099, 1151), (1557, 1577), (1578, 1663), (1668, 1681), (1686, 1700)]"
7cf1d7e8-5e9c-4156-b06a-c45a438e114e,"[(0, 26), (27, 77)]"
6c9dc06d-0377-4102-94de-caee6672308b,[]
942cec7f-c14e-4264-b8f9-ba071b97cfd0,"[(4, 39), (46, 47), (50, 53), (56, 82), (89, 94), (95, 178), (517, 609)]"
b20ab2ae-c9d9-467b-bede-7cc382c458ef,[]
280f2d64-ae81-4dae-ad93-39863b4db2e1,"[(45, 79)]"
370c1cc1-2e85-46d0-8778-5e46c5af1a30,"[(67, 75), (81, 85), (87, 88), (94, 96), (120, 149), (151, 271)]"
fa73568f-435e-43b8-89da-e2e5abd8129b,"[(0, 85), (135, 169), (171, 201), (203, 253)]"
09571876-053b-4de6-86ec-ba24f6e275ff,"[(0, 0), (48, 84), (94, 118), (130, 604)]"
bb24ab96-c313-4445-83d0-eac1f0f4a0fb,"[(0, 1), (22, 23), (26, 45), (48, 73), (74, 77), (121, 162)]"
35633f87-fca0-4972-9164-cdb705be9431,"[(829, 939), (940, 951)]"
79a1596d-e304-480d-871f-854a9e7586bd,[]
4120e587-1075-427f-b881-d43258ba3880,"[(0, 42), (48, 65), (112, 455), (469, 470), (472, 563)]"
200fa82f-f108-4107-9637-be0a04ad351e,[]
2abdcc73-932b-4c7a-b3c4-664bf4c9d845,"[(68, 179)]"
2d719817-abfa-45f7-aabf-2f972ac9063d,[]
c226f48e-632a-44f0-a5a9-6875017ee424,[]
958a9107-577e-4a09-9687-d8abeb6b6903,"[(0, 610), (636, 850), (867, 875)]"
52b11860-370f-4290-8ef2-062d683b3724,"[(0, 48), (79, 83), (86, 100), (109, 117), (140, 165)]"
84d17a9f-8757-4118-bd87-69ca084b5df2,[]
0df73d41-099e-4871-bd4e-825357eed6f4,"[(66, 78), (79, 118)]"
de435498-b6d0-46d1-8ebb-ac3e3e4da3f1,"[(58, 162), (353, 369), (412, 416), (431, 437), (440, 444), (450, 544), (545, 567), (752, 823), (1808, 1863)]"
ec7bc18a-672a-42cf-846e-24581fa8eda9,"[(8, 20), (330, 336), (411, 416), (420, 426), (1252, 1261), (1264, 1265), (1266, 1269), (1270, 1275), (1281, 1285), (1300, 1301)]"
1fcc2188-cf3a-49d5-aa6e-d352c0c05866,"[(0, 1094), (1158, 1203), (1214, 1232), (1240, 1339), (1344, 1395), (1473, 1474), (1553, 1730), (1737, 1856)]"
53c9236e-901f-4811-8b1a-2b0ceeb17a59,"[(168, 190)]"
4593ce27-5fdc-4863-b979-55f59a7c1317,"[(0, 0), (9, 17), (22, 34), (142, 480)]"
6a84489a-462d-4d04-afc8-386fd10bec00,"[(235, 323)]"
e8e0370d-4147-4de9-9bec-92bb2db9c58e,"[(3, 23), (25, 50), (53, 169), (173, 175), (179, 239), (263, 270), (271, 282), (300, 302), (311, 312), (397, 412), (414, 429), (434, 438), (474, 544), (545, 555), (806, 883), (884, 917), (919, 1037), (1042, 1312), (1318, 1368), (1369, 1452), (1456, 1632)]"
a3c2dc88-9c1c-4892-8ca3-71a6e96e93bd,[]
9cfbc8a8-4aab-4068-8c57-4cde9e4468e8,"[(0, 575)]"
deb618a2-217f-4a23-895d-c4980c1414ec,"[(0, 46), (53, 146)]"
30a656b1-2de0-4601-a6cb-12898744271b,"[(0, 14), (34, 93), (118, 121), (124, 127), (165, 173), (180, 268), (280, 283), (285, 315), (331, 353), (418, 421), (496, 500), (514, 548), (628, 633), (635, 640), (769, 817), (819, 887), (931, 991)]"
16ccabdb-2ddc-4ebc-a5aa-c9c79d89062e,[]
b6ca2180-5f1b-4542-b865-0077ba692469,"[(0, 2), (8, 34), (36, 163)]"
ec9d3e98-7b77-4c68-b81b-886056a87914,"[(0, 36), (39, 137), (172, 173), (175, 182), (301, 334), (346, 356)]"
dc6d3694-77c5-4dc8-a6c1-cd4b4577d21b,"[(455, 515), (521, 535)]"
06edc1cd-f2de-476c-89e1-b9c7931b1240,[]
7134c822-accd-47aa-958b-090d1e45bdbe,"[(0, 36), (42, 43), (52, 57), (59, 64), (88, 135)]"
c50acc8a-9728-43f0-9ed7-90f5ad661005,"[(0, 91)]"
b691798d-90ef-4daf-9762-cb6dffa9e4d6,"[(95, 116), (326, 328), (329, 363), (364, 380), (382, 453), (455, 576), (695, 793), (810, 828), (830, 940), (941, 1047), (1137, 1149), (1430, 1624), (1894, 1921), (1922, 1960), (1962, 1987), (2023, 2037)]"
6f14bc32-f969-4017-9a3f-dfce5155a071,"[(0, 0), (96, 100), (172, 683), (685, 775), (784, 845), (847, 1069), (1071, 1282)]"
17f0bc4d-cfa3-47f8-a4de-16fef2abadcf,"[(0, 41), (79, 172), (217, 221), (353, 415), (416, 454)]"
d920c2b8-07db-4ca3-950c-252290e1a5b4,"[(0, 8), (10, 19), (55, 58), (84, 85), (95, 247), (251, 424)]"
b8bf0fac-aa8d-4dd7-8e86-381f7199c516,"[(728, 733), (735, 1035)]"
bc915983-732c-4ba4-a8f2-c28844913520,"[(95, 115)]"
76fbcdd6-3644-455a-ac9c-68f112f74494,[]
3f51eaad-5cf2-4331-9fb9-515a33ecfea6,"[(0, 0), (12, 322), (457, 472), (475, 850)]"
9b166f35-2320-47bb-8824-054e1febf946,[]
1db44887-a41c-471a-95b1-0d559c04089c,"[(0, 17), (18, 24), (26, 184), (185, 262), (263, 473), (481, 670), (671, 700), (701, 735), (739, 752), (776, 779), (783, 802)]"
70c4d382-32a5-413e-8b36-93cdd82e8f69,"[(0, 39)]"
63691001-5ad5-4467-b6ab-b039e289f04e,"[(12, 47), (54, 56)]"
7606e105-aabf-48b0-a773-7367b36fbfdc,"[(0, 126), (129, 381)]"
b4cec765-a2f3-436b-b2a0-963194c8481f,"[(0, 0), (24, 50), (103, 106), (112, 281)]"
211cce7c-e7bb-4280-948f-cf75d870ad5c,"[(84, 119), (120, 146), (166, 174), (176, 214), (236, 239)]"
f772db47-446e-460f-b040-9d88e1dc1457,"[(0, 0), (27, 28), (30, 64), (135, 445)]"
a1281626-0065-415e-a75f-9d272995c275,"[(5, 6), (14, 29), (33, 37), (38, 63)]"
9ec23613-48f5-49af-911f-6ae4118add4b,"[(5, 36), (242, 246), (303, 340)]"
4209d503-f59b-4442-acf8-db635e170321,"[(0, 0), (34, 36), (44, 47), (135, 140), (166, 405), (438, 486)]"
012d86fd-d7ef-4f18-b735-fc4f166a7098,[]
ed7b91aa-92f8-47af-a5b0-05e103199eb3,"[(0, 59), (66, 76), (85, 89), (97, 100)]"
b11d56b6-4d50-449b-be0e-aa9651611e17,"[(41, 55), (59, 151)]"
2bc5dd89-4bdd-4229-bf02-21a594356d2e,"[(0, 1), (14, 84), (142, 145), (155, 156), (225, 280), (283, 584)]"
beda2a38-ce13-4f07-ad2d-2ad71e5707a7,"[(0, 0), (14, 32), (96, 237)]"
df5785fa-4a1c-43a6-9e3a-0a54507b78a3,"[(78, 94), (105, 106), (112, 125), (129, 134), (136, 149), (155, 158), (161, 166), (183, 191), (192, 263), (267, 271), (275, 278), (285, 292), (352, 419), (420, 512)]"
c9baefcc-66a0-4d62-88bb-0c738e95aaf2,"[(0, 14), (17, 420)]"
1de7b1b5-0709-4588-92f3-bec098632348,"[(391, 599)]"
ddabab97-0555-4231-ab58-431b04b3f5d6,"[(0, 1), (3, 116)]"
e4c6bd8f-9a32-4be4-b566-24697c9d2139,"[(0, 32), (97, 122), (133, 134), (149, 202)]"
4b1b253c-65d5-467c-9810-debc02212592,[]
3f00dbe5-df2c-40f1-9487-30095509e192,[]
d9178e75-22ad-4bce-a121-a6bfd943b63f,"[(0, 0), (83, 87), (99, 102), (103, 104), (106, 111), (115, 796), (798, 805), (810, 1137), (1147, 1623)]"
faf86d1d-42c1-4ede-b3ee-7e00d0792707,"[(85, 171), (173, 182), (183, 262), (264, 273), (274, 280)]"
b3af3745-847f-4458-a7c3-2d30c72f3a7b,[]
1fa9e291-d6e4-4d55-a36e-c520c13c792f,"[(0, 47)]"
30ccd8bb-f463-4936-a190-1692890af8ab,"[(0, 354), (368, 369)]"
b55a08ea-8af2-46d6-b420-89f02a274ada,"[(103, 180), (192, 197)]"
711c9b62-e52e-47de-a445-6e62dba496f8,"[(9, 69), (147, 233), (236, 263), (267, 296), (303, 351), (358, 362), (363, 409), (410, 421), (429, 458), (667, 673), (852, 856), (870, 924), (928, 935), (943, 947), (974, 1018), (1023, 1057), (1102, 1193)]"
dc794eb4-0447-42fa-91b7-7a878d14fabd,"[(12, 75), (76, 77), (180, 190), (195, 202), (269, 271), (322, 381), (435, 498), (500, 586), (614, 617)]"
095ac856-4f34-4019-b20a-df193934cf03,"[(0, 268)]"
7283ffef-ce7e-418f-97c2-107d1e5d3b9b,[]
5b135f24-c3ce-4a67-8218-02fe5673f675,"[(164, 170), (174, 181)]"
14f4a865-e811-487b-87fd-1982720112d3,"[(0, 0), (3, 353)]"
a824aac4-6f5e-4a9d-9a17-6b25d276754d,"[(329, 358), (376, 568)]"
134ed213-90e9-4f75-878c-1fe5caf3eaa1,[]
78dddb5a-2897-4606-827b-e84fc8c04dd8,"[(0, 0), (5, 9), (21, 22), (52, 53), (82, 133)]"
fbab07a7-807a-49fb-b519-c4e4d573c007,"[(212, 266), (276, 616)]"
7b6498da-4d79-447d-b69f-2379c758c87b,"[(3, 91)]"
d9d0aeef-eb3d-499b-b8d9-f75032b1d7e9,"[(14, 36), (38, 59), (67, 101)]"
43c81cb1-cdc3-4b15-af6c-347a21239c03,"[(6, 12), (16, 34), (52, 62), (69, 140), (347, 352), (370, 457), (543, 570), (574, 578), (588, 621), (622, 639)]"
066954cc-7f51-4423-9720-0b1ae68c308b,"[(10, 26), (27, 53), (173, 181)]"
319d18d1-62a4-48eb-9bb8-94ce1aa31c03,"[(125, 171), (238, 244), (250, 341), (411, 427), (689, 694), (756, 801), (803, 842)]"
cad23470-2996-4b9c-9dd5-e4e9a4d10b36,"[(82, 120), (121, 199), (200, 237), (243, 368), (655, 672), (678, 692)]"
bcf3542c-e541-4d62-9cab-2c51957d50ee,"[(41, 82), (84, 136), (317, 332), (336, 404), (415, 419), (677, 681)]"
871e90f9-1d41-46ee-9297-fef22935f81d,"[(0, 0), (10, 11), (47, 210), (245, 361)]"
44e5477c-2c0f-4cd0-b362-c64da8858412,[]
ddecdcd9-6ce6-4317-a0d9-8380d2b98626,"[(3, 11), (164, 165), (176, 180), (225, 232), (259, 265), (271, 339), (340, 345), (346, 375)]"
d9815f6d-5d09-4868-a100-291d4ca1c113,"[(0, 26), (122, 0)]"
6e4f312a-bb93-4c44-b0b3-bc5bf3ebdf49,"[(6, 13), (248, 258), (262, 267), (296, 312), (316, 327)]"
a07db993-5aec-4e75-8ab9-c75703630b5f,"[(169, 317), (321, 388)]"
17dc9ff4-66cd-4acd-9723-d521fce9ea8b,"[(30, 36), (45, 60), (61, 83)]"
13996fc6-ff5d-4855-a79c-920532e76a11,"[(618, 654), (656, 696), (718, 731), (736, 764), (1296, 1322), (1329, 1341)]"
eb2a5b0f-fda2-41e9-82a9-c7aeb1258db1,"[(0, 682)]"
54285053-fb88-42ec-84fe-853d36fc04d4,[]
55be3e75-94e3-41b1-89c1-6b6c57a6126c,"[(444, 455)]"
cee291af-dc7b-4d3b-b98a-ca28c372f951,"[(0, 56)]"
523ecf17-24a3-46c5-8c83-d0a7161c8578,"[(0, 111)]"
7f7b600b-b757-470c-beb6-e3d02b265dde,"[(190, 328), (331, 413)]"
446b415f-063f-4eff-a5a9-77fd50c19042,"[(124, 137)]"
5163a310-a0db-4a83-81c0-cbb81b5ad5b7,"[(80, 88), (90, 97), (103, 144)]"
3aa6f590-a9f9-49fc-88b8-47a85637642b,"[(592, 599), (611, 767), (768, 787), (788, 811), (821, 824), (828, 834)]"
ce893cca-7102-4fc3-a061-424e3a92be14,"[(0, 30), (38, 39), (40, 155), (159, 296)]"
f52770fa-b5cd-4613-b169-8b860631bed6,"[(0, 72), (118, 124), (235, 353), (357, 380), (382, 413), (439, 449), (473, 529), (557, 564)]"
f3c36bb3-106b-41e3-9ccc-2be92cf341b1,[]
69948bde-d7cf-4024-bd16-eb65d8092cb7,"[(487, 507)]"
0f95c2a8-0b1e-4127-8746-813156a0f0b9,"[(0, 16), (17, 34), (47, 58), (63, 72), (109, 112), (113, 115)]"
20742b2c-6db6-4cfd-8147-b397af8bdf78,[]
0e0adf45-cc34-403a-b3fb-f0e06af862d7,"[(47, 57), (271, 366)]"
7a625589-27cd-4da6-8e7a-9f09517aeeac,[]
d3311d2e-1cec-418f-ae61-d23d4c1689a9,"[(0, 34), (73, 81), (111, 115), (134, 148), (219, 225), (229, 232), (262, 264), (300, 302), (305, 307), (315, 317), (320, 322), (344, 401), (423, 443), (448, 582)]"
de5284bd-be80-4ed7-8bb7-92d63f3de286,"[(2, 24), (26, 87), (91, 122), (125, 127), (130, 186), (188, 308), (310, 316), (322, 391), (392, 415), (416, 435), (544, 572)]"
01890d74-31be-4f00-98d6-50304c547ef9,[]
6b04f72f-c0e9-4a6b-a742-90caa0d60271,"[(14, 16), (22, 79), (80, 184), (185, 190), (191, 201), (206, 218), (220, 278), (281, 351)]"
906dd07b-579a-4133-94d9-63c302226a93,"[(0, 48), (51, 71), (78, 82), (87, 94), (108, 158), (160, 254), (315, 338), (361, 367), (372, 382), (427, 437), (446, 456), (516, 562), (565, 566), (571, 590), (600, 606), (608, 659), (1023, 1064), (1083, 1105), (1110, 1227), (1229, 1292), (1427, 1434), (1457, 1469), (1478, 1488), (1492, 1505)]"
9f7b3622-c1ff-4be4-b450-54c2ade44f12,"[(15, 40), (41, 97), (288, 311), (318, 423), (430, 435)]"
7c2e7db8-23e2-4c1b-b0da-c8388aff0f18,"[(0, 68), (70, 116), (170, 241), (289, 295), (298, 302), (304, 312), (331, 333), (0, 0)]"
8e3f94e7-3f72-4eac-8f39-42efc50b6157,[]
63bb9817-badd-4f49-915c-6793a4be885f,[]
479d4f3f-0aba-4efc-9759-e0029fe2d43b,"[(0, 0), (34, 35), (92, 582), (646, 647), (719, 749)]"
c45d589a-877b-46ed-b05b-540a5cdf05db,"[(0, 27), (40, 148), (153, 188)]"
e33e0074-5d5f-41dc-b43a-709499987727,"[(0, 2), (6, 144)]"
df35ab72-c3cc-46e3-aad2-d743002d1293,"[(40, 89), (90, 227)]"
43cf6d81-e0ba-4840-8c8b-9748a335476f,"[(213, 214), (217, 222), (228, 239), (368, 386)]"
fde2c876-96ad-4948-87cf-bbeb61285b24,[]
df012b62-21e8-4c0d-aab6-f4c81388cbd6,"[(0, 8), (10, 13), (31, 75)]"
465faf39-e9f4-4250-a508-05bd517937d2,"[(0, 0)]"
a407d781-20e8-4ad0-9abe-b208e138fc29,"[(0, 196), (209, 218), (224, 229), (247, 463), (485, 486)]"
8500d93b-3560-4356-b8e2-99e0f8482274,"[(1106, 1115)]"
cf2b5a5e-3e53-41a1-906c-7e3a814cea6d,[]
7a097847-2822-4d6b-8da2-634696a40792,"[(28, 54), (66, 71), (81, 89), (93, 101), (105, 107), (171, 222), (240, 245), (254, 279)]"
b00cc25c-45ca-42cb-a300-4aea2d7e00e9,"[(51, 127), (128, 180)]"
d1ab3772-a701-4021-90dc-27c5cc4e9ce5,"[(20, 27), (58, 63), (92, 122), (130, 151)]"
d9becfcb-d3d9-4e2b-a8f7-7cde45c33ed3,"[(231, 255), (256, 348)]"
842a90e9-2204-4936-a46a-ab3776ad2afb,"[(0, 0), (2, 137), (151, 397), (401, 772), (792, 799), (813, 1635)]"
c02cf9a1-748b-4731-839b-6749da83571d,"[(0, 471), (500, 501), (539, 566), (573, 589), (594, 878), (918, 919)]"
f692ee2c-e184-416e-8ab7-d2f0af22bb69,"[(135, 217), (218, 225), (240, 244), (264, 273), (283, 285), (313, 325), (328, 552), (553, 575)]"
cfade76f-4cac-410c-923f-4f9b491d685e,[]
c3af3ffd-afb2-4fc0-9ee9-3631f6cea028,"[(10, 19), (20, 74), (101, 280), (410, 445), (448, 453), (454, 470), (475, 478), (479, 533)]"
a987cab2-2375-4ad6-bcdf-70edaf70e23a,"[(38, 41), (130, 139)]"
b90725b6-47c0-4ec9-99ee-43895fd3d3eb,"[(3, 11), (18, 21), (51, 52), (55, 59)]"
03f51b8d-6e37-4f7d-924f-31aa35c5c6c2,[]
a2c6d873-d493-4386-bfac-5eec7709f46d,"[(155, 284)]"
011f05a4-d1d5-466e-b1ed-c4cc954035b8,"[(0, 87), (90, 91), (92, 180)]"
6efd4fdc-b5d5-4720-ab1e-d1122d7e8a6b,"[(3, 15), (16, 41), (44, 128), (147, 149), (153, 163), (988, 1014)]"
58cf639b-a15f-4804-9045-0db3e247dba8,"[(35, 114), (218, 235)]"
6e5efa81-e6f9-47ba-97bb-6509cac91023,"[(99, 110), (111, 112)]"
a866b147-7d24-4ee7-9db8-02db4c869abb,[]
fdca535f-192c-4fab-b41d-39ae2e9c2dd0,"[(0, 0), (43, 46), (48, 195)]"
a68403ac-b07c-442f-ae79-4ddb9bff406a,[]
517abbc2-7f36-4256-9039-999dd0d4600d,"[(107, 201), (204, 284), (285, 398), (454, 463), (471, 473), (483, 487), (491, 493), (507, 520)]"
d8d1148c-8f37-4ed7-92a7-e90c164cc1d9,"[(0, 26), (27, 160), (161, 162), (205, 224), (304, 359), (405, 439)]"
b8660a28-62de-420d-88d3-91242185f871,"[(0, 0), (24, 47), (65, 186), (196, 211), (213, 480)]"
af7a3120-b01e-4441-912c-2e3f6c42af71,[]
333c3971-f03d-4c77-b145-22fb1c4ea5e9,"[(0, 124), (192, 197), (199, 409)]"
dbf5dda6-d3d6-4ebe-aca2-ed993440db6f,"[(129, 155), (246, 253), (255, 308), (311, 331), (332, 347), (359, 431)]"
932cd2dc-ede0-41aa-abce-a1dc4ff87cad,[]
800dda42-2c0a-44ef-9aa4-a718dd11ab0b,"[(0, 80), (343, 388), (389, 406)]"
d0560284-ed86-42d8-9c6a-49eccc6b00df,"[(0, 1), (4, 30), (32, 61), (62, 79), (138, 152), (153, 178), (202, 225), (257, 276), (301, 311), (313, 414), (594, 670), (675, 971)]"
e68abeac-e805-4f65-bfe9-accd8b1d1772,"[(81, 87), (88, 186), (187, 287), (288, 308), (329, 347), (348, 380), (416, 462), (513, 514), (526, 547), (552, 600), (715, 718), (725, 767), (814, 817), (832, 1158)]"
f7637e8c-212a-48d6-9a9d-1505dd2111bc,[]
77ccf19d-45cb-42d9-aeb1-2a7c93e1bcce,"[(362, 368), (443, 453), (454, 456), (469, 480), (486, 489), (721, 740), (1087, 1120), (1177, 1231), (1315, 1389), (1391, 1394), (1395, 1480), (1484, 1743)]"
451270eb-edd9-4e0f-b42d-a135eb5127f0,[]
329ee731-4b0f-4002-aedc-097592c21b31,[]
50bcf8ae-b6d2-49cf-a1eb-6f34ec745187,[]
defde659-402f-4b8c-b136-fe8e87268da9,"[(537, 557), (735, 743), (752, 903), (919, 1036), (1037, 1046)]"
14c34226-d09e-4e6d-a326-997c254f8e2c,[]
5cc43ea6-5e57-43d7-8231-5a9b30fdd999,"[(0, 0), (46, 47), (78, 156), (185, 193), (294, 295), (298, 299), (333, 353), (359, 622)]"
51b0228f-ac5d-4749-b6a5-f71212405882,[]
0c6df419-6f04-4cfd-87e4-55694e6a82dd,[]
777bef57-95a3-4e78-a536-d53ddf40b174,"[(0, 0), (27, 102)]"
443bebc2-fa5d-4ca1-9a53-6ecf5298897c,"[(0, 5), (6, 49)]"
c56ed09c-5b91-40af-b60b-3aff47e4b85a,"[(0, 187), (189, 479), (481, 524), (528, 580), (652, 653)]"
ed142dad-8da4-4616-b304-3b9bdaea2fde,"[(150, 155), (177, 187), (212, 216), (244, 310), (313, 372)]"
208421fe-3e95-49d9-9c52-fc51719a1bc0,"[(162, 266), (302, 431), (442, 443), (562, 573), (583, 603), (611, 612)]"
2d57c18e-fc85-4f4d-a007-58ee833fe0cb,"[(3, 150), (187, 194), (196, 198), (204, 229), (232, 326), (330, 348), (474, 540), (543, 579), (583, 595), (602, 604), (608, 622), (625, 685), (688, 724), (726, 743), (746, 785), (787, 1132), (1137, 1203), (1206, 1287), (1288, 1312), (1377, 1379), (1391, 1399), (1418, 1432), (1436, 1465), (1468, 1611), (1612, 1646)]"
b4a430f5-d4d1-4f6a-a73f-2b527ee691c1,"[(0, 31), (109, 110), (114, 137), (270, 273), (277, 283), (321, 331)]"
67e00b54-98d7-4ccc-b0b9-456570370c4d,"[(0, 0), (51, 52), (140, 141), (195, 450)]"
213a74ac-ad20-486c-be6c-f5e1f01e0f11,"[(16, 200)]"
c5b21e3c-f1cf-4eb1-ae63-919ceb63b592,[]
7b0414e6-e8e9-4ef3-949f-3d40596ed3de,"[(0, 110)]"
719427ed-29f7-438f-8671-6b52f0a35b44,[]
9e8b96f6-f33c-4c2a-9f58-60b31afd856e,[]
1a8263f9-1d26-4b04-9b78-02c17f1ac7d4,"[(3, 34), (133, 139), (205, 223), (227, 281), (485, 559), (828, 829), (835, 899), (911, 937), (943, 980)]"
c49b1129-7150-42da-8387-e2064d85f0a0,"[(0, 0), (4, 9), (19, 22), (30, 32), (33, 121)]"
8f7e3cbc-9831-46d0-9aa5-44372ce1cf06,"[(0, 1), (27, 28), (31, 177)]"
b2928b10-0bd7-4a2b-a802-9ece22a7adaa,"[(5, 45), (162, 236), (238, 265), (269, 368), (371, 377)]"
a8b5fe6f-fe61-4d05-af0c-6b0f55578b7f,"[(155, 274), (584, 586), (589, 659), (660, 666), (668, 706), (842, 960)]"
8cc9446f-9691-462d-a602-760bed51976d,[]
558a27aa-8dd5-4421-bcce-1a8bf3cf5dba,"[(4, 8), (15, 100), (981, 1020)]"
5822dc9f-f005-49f7-b2a2-4fdc5d2184be,"[(214, 330)]"
c76d0c59-6ceb-4344-8c61-927c80913eff,"[(0, 0), (25, 201)]"
ceec6677-268b-48a1-90b8-cace451d1b65,"[(276, 278), (280, 343)]"
24a6fd0f-b872-4a91-972e-94cc07d8e5ce,[]
93ada8af-314d-4d74-bcb8-bab97b2b6021,"[(6, 45), (55, 57), (77, 129), (130, 158)]"
af650636-5b16-4b25-b5a6-03b00e47cad9,"[(316, 361)]"
4dea2a61-270b-4e3b-8467-e2351e1ea58f,"[(3, 27), (126, 142)]"
64feaf94-1cf5-4eea-b000-076dad22ef38,"[(0, 194)]"
1a2e71c5-b6d8-4b49-9689-173a33725f47,"[(0, 200), (211, 212), (226, 227)]"
337e9d25-ac1a-4fe5-93c3-76d66a5a13ef,"[(74, 80), (99, 114), (131, 156), (180, 195), (242, 244), (369, 427)]"
59f1fff4-a762-46ea-8beb-e585c5f1d0db,"[(0, 121)]"
10c910b7-639e-48a4-af48-a49d2abb2440,[]
ac2087c1-ac33-46ee-b9af-1fec4409f734,[]
06ac9a5e-3f2d-4dd7-8b21-a630164c78e0,"[(133, 136), (140, 180), (182, 183), (186, 232)]"
21210e11-da64-4220-a0fa-766d54c8fc65,[]
24170238-e123-4684-b625-31b364c97e6d,"[(0, 3), (21, 26), (27, 36)]"
eee1433b-82fe-41db-a447-782be1a46450,"[(51, 56), (58, 71), (74, 114), (115, 134), (136, 296), (302, 306), (308, 311), (358, 448), (745, 790)]"
a70aff14-20e7-4a64-bce1-0bdda4e64779,"[(99, 163), (165, 306)]"
6c74a71e-d898-46b7-8a69-fd07e6516a01,"[(13, 47), (92, 173), (236, 238)]"
62bf0937-3b80-4863-a433-5e0a8665e76a,"[(0, 0)]"
dcf478bc-553d-46ca-84c5-2eb70f1fd937,[]
c42113bd-568b-42e0-9687-927a09f086ba,"[(35, 39)]"
a30b4daa-64f5-474a-8d24-7c3ae5fc8c8d,"[(105, 248)]"
5d498223-2bb2-4515-8d7e-413da869a4eb,"[(50, 54), (80, 161), (163, 250), (274, 434), (435, 481)]"
71a81675-91e1-49f2-91ad-801afc0efec3,"[(0, 30)]"
f391e428-32b1-434f-8e82-7557aa9ab113,"[(0, 40), (46, 55), (74, 108), (110, 190), (1346, 1379)]"
b177f05c-d9da-47f7-b4fe-d0cf92731119,"[(0, 1), (4, 5), (6, 83), (85, 324), (326, 717)]"
5ea913e3-8982-43bd-b146-a87ef336ff64,"[(0, 0), (10, 11), (84, 87), (97, 545), (578, 580), (590, 699)]"
2cd69d9a-4363-4852-81b4-69e433fd1278,"[(155, 161), (215, 263), (329, 333), (366, 381), (382, 403), (405, 423), (424, 452)]"
ce863cf1-2202-4b9b-9043-ddf2cd212d09,"[(18, 34), (37, 41), (51, 92), (93, 305)]"
e6e8c55a-a982-4df3-adcd-191cfd8122ae,"[(0, 0), (22, 42), (44, 45), (49, 50), (52, 64), (67, 68), (71, 73), (87, 92), (153, 154), (174, 195), (197, 209), (213, 227), (231, 449), (462, 491), (493, 497), (507, 511), (525, 531), (565, 586), (596, 625), (635, 645), (653, 660), (667, 688), (692, 983), (984, 989), (991, 1020)]"
f404cb3a-4e0b-492d-a3fe-492265b53898,"[(0, 19), (24, 25), (59, 69), (73, 106), (109, 294)]"
5c11a214-0bcd-4fa9-a166-4e46f8b76513,[]
2241dbc9-685b-4666-8bcc-717b880cc430,"[(0, 173)]"
76a9b1d5-16a5-4802-b28f-7a1000957fde,[]
279bf589-5062-45aa-8144-2522a9855ae7,"[(19, 27), (37, 71), (101, 141), (442, 521)]"
1384d187-5469-4039-bf5b-030a5082da4a,[]
b27e51b2-201f-4241-90fa-4391b347f17e,"[(0, 24), (26, 113)]"
f155a356-a4a8-4dee-a711-834c47120aa5,"[(10, 70), (75, 83), (98, 99), (125, 130), (136, 173), (220, 223), (238, 244), (247, 267)]"
b50a6e46-f7a3-491f-b4a3-163c8f82c832,"[(0, 140), (192, 211), (214, 217), (223, 236), (267, 311), (313, 324), (326, 336), (337, 382), (636, 639), (640, 781), (789, 804), (806, 809), (828, 876), (886, 930), (1354, 1355), (1360, 1480), (1483, 1514), (1515, 1570), (1579, 1580), (1586, 1588), (1617, 1618), (1679, 1686), (1694, 1697), (1720, 1721), (1739, 1922), (1924, 2019)]"
a29e781c-3fa4-4fc0-be94-20789f31f43c,[]
f10d1fec-dbf9-437a-91f9-d3d84a198983,"[(5, 44), (150, 171)]"
4bde81e5-7398-46e7-924f-d84bbbd3a04b,"[(0, 329)]"
ff247027-a1ac-4aee-8e89-e691fca073ee,"[(367, 372), (413, 425), (434, 484), (509, 588), (696, 700), (740, 753), (755, 784), (785, 994), (1126, 1127), (1476, 1481), (1494, 1547), (1620, 1651), (1703, 1822)]"
2ae44ad8-a2e1-4f0d-9c85-f1ca936deb56,"[(0, 20), (21, 39), (131, 164)]"
53622db0-890e-4749-ab4c-48c7906667aa,"[(0, 10), (43, 48), (60, 91), (119, 166), (168, 481), (492, 493), (504, 505), (519, 521), (534, 651), (661, 662)]"
9b6b2991-9124-4a88-9302-cfb2fd6db02a,[]
92e5ad1f-e415-4f85-8ce7-5d710843301d,"[(9, 27), (42, 63), (64, 222), (223, 284), (367, 372), (387, 393)]"
a892bf08-bcd8-41b0-9ccf-406b7c7065e6,"[(5, 8), (37, 43), (46, 70), (119, 121), (127, 241), (250, 342), (343, 396), (896, 1006), (1008, 1028), (1031, 1096), (1099, 1119), (1267, 1272), (1304, 1305), (1306, 1421), (1422, 1462), (1467, 1486), (1488, 1491), (1496, 1511), (1592, 1611)]"
113d8e97-0b88-4f9d-b47c-14914beffbf4,"[(14, 28)]"
12f1561e-9c4b-4809-ab33-d6510b42687f,"[(0, 35), (37, 120), (122, 138), (141, 196), (198, 249), (250, 275), (290, 292), (299, 381), (382, 386)]"
a0707386-b7c7-4de6-af3b-d677bf2d4bb5,"[(0, 62), (85, 168), (183, 196), (237, 238), (274, 296), (303, 313), (319, 333), (343, 379), (382, 503), (537, 538), (645, 767), (769, 948), (951, 970), (987, 1048), (1054, 1105), (1183, 1184), (1197, 1198), (1217, 1252), (1255, 1280), (1319, 1381), (1383, 1392), (1395, 1415), (1431, 1439), (1447, 1448), (1486, 1492), (1505, 1521), (1524, 0)]"
fffc04fd-ff39-45bc-a843-9946213d9491,[]
2d38aee9-b018-4894-90fa-e3a1d584d2c5,"[(0, 32), (40, 42), (66, 67), (87, 127), (132, 171)]"
11f31615-d78e-4c8a-8af7-d50bcbae0a9d,"[(0, 423), (425, 547), (549, 695), (699, 715), (721, 735), (794, 803), (893, 894)]"
88669a32-b81a-4e4b-bc2f-c446d96209cc,"[(6, 23), (621, 637), (1328, 1357)]"
93d9c289-8967-4ccb-bd77-e14f972e20a2,[]
0261aec6-de50-48c5-923d-f341e479e172,"[(0, 32), (46, 64), (122, 157), (209, 455)]"
37b3db6c-36cb-48ed-aa02-93196194c065,[]
3ae6e1e3-0e22-4af5-b11f-dbf12443be26,"[(44, 63), (83, 84), (94, 115), (121, 127), (133, 140), (141, 156), (296, 313), (666, 733)]"
846d1b14-8a41-4364-83f8-6df6e7e52252,"[(78, 271), (375, 379), (391, 416), (856, 935)]"
10fe5642-9c17-4110-b3fe-bdcaeac7e62c,[]
b7258c56-f3e3-4dae-838f-a2a05d9181c8,"[(613, 665), (666, 687), (690, 713)]"
62d51727-7558-4fa9-8515-2a7782436ead,[]
5920ab56-7b4c-46c2-bf32-b60ffdea2599,"[(76, 79), (86, 87), (288, 305), (394, 471), (472, 505), (506, 536)]"
08911038-c097-470c-bb57-57b3e690daaf,"[(0, 0), (60, 65), (69, 71), (73, 137), (139, 151), (164, 348), (371, 373), (385, 386), (408, 457), (478, 490), (495, 501), (509, 514), (516, 525), (552, 556), (581, 597), (599, 698), (718, 758), (792, 817), (821, 825), (832, 914), (916, 984), (986, 1325), (1375, 1379), (1391, 1421), (1423, 1486)]"
8da5602d-2d08-468c-a6c5-29ced4ffd9fb,"[(0, 1), (3, 4), (6, 7), (32, 286), (303, 305), (350, 392), (394, 504)]"
6cae3f18-c505-490b-b232-ed4d2bb93765,[]
d11bbee9-f9f0-49b8-b9ba-74cabb17198a,"[(0, 1), (4, 61), (66, 67), (69, 191), (193, 355)]"
e243478a-41dc-46ec-8578-25bdedd92c7a,[]
70add2c2-c07b-4fc4-a37e-58b231fdc76c,"[(139, 143), (158, 160), (558, 677), (680, 682)]"
9decdf2f-9f32-47f7-b819-bd890fbef5fe,"[(113, 155)]"
16bb3707-48f9-4417-98b0-52601aa63868,"[(0, 288)]"
855f87a2-7812-4fd7-b599-714bd6d3d6a6,"[(0, 1), (2, 3), (7, 43), (87, 93), (95, 102), (111, 123), (160, 312)]"
46390a3a-ccf7-4fff-8ee7-c8e072de78cb,[]
fbe9019c-4606-4020-8e97-0a1dbf76b813,"[(3, 15), (19, 21)]"
7efee7a2-b3dc-4ac8-94ee-7c295b5c2ee7,"[(366, 402)]"
9abab067-1564-487c-aa5a-e06015dfc7de,"[(0, 0), (9, 25), (28, 292), (294, 741)]"
0d1174e2-337c-4b2a-92d5-bdcd1a186fbc,[]
f3c4c879-39cb-4405-b0f6-916f7a613b0a,"[(30, 43)]"
c60d7b86-0e40-4519-bbf2-88e4334fc921,"[(0, 146), (148, 201), (325, 571)]"
e9db522b-4d49-4e51-938d-ce31933f8a89,"[(6, 20), (25, 178), (812, 815)]"
93a39260-bfaa-43e2-99b1-a24229c0570f,"[(2, 58), (168, 205), (257, 270)]"
f6d5b755-2391-4e07-9e43-252001bee440,"[(0, 16), (17, 54), (57, 64), (88, 210), (218, 231), (352, 375), (399, 401), (406, 426), (435, 442), (446, 466), (477, 511), (516, 520)]"
3d0f5127-9bfb-4fa8-b3ce-ef0df6ac9aeb,[]
116753da-506a-46ac-be29-32a053ef0ab2,[]
5daa0521-504c-4aaa-a2d6-cdb566c37ff5,"[(72, 113), (120, 122), (415, 448)]"
c02127ca-91e2-4286-b5af-5be30463b033,"[(26, 33), (42, 54), (60, 84), (85, 106), (341, 352), (361, 440)]"
d8e1782f-1b9c-421b-83a1-7e18ff49f4a0,"[(83, 92), (110, 170), (403, 622)]"
715eecce-aa22-4a0d-bdf5-ac4e2e9e806a,[]
7976cb20-7ffb-4b86-92f0-43fa4b1ae982,[]
ff5ef263-6ee9-4c27-bc76-fb1851926ae6,"[(0, 1), (4, 139), (212, 284), (287, 296), (299, 300), (315, 316), (319, 354), (357, 368)]"
255498b2-58b6-46dd-b708-0c44a94c400f,"[(0, 43), (111, 198), (203, 222), (228, 229), (232, 246), (247, 281), (784, 798), (906, 917), (986, 998), (1000, 1127), (1128, 1129)]"
1941efed-ca5c-4fac-8350-4546db23e3bc,[]
cddff206-4316-4c57-a74b-0640defd9f25,"[(0, 0), (27, 28), (40, 53), (63, 91), (93, 184)]"
4d090b80-74ac-42f4-a677-15abfe1c6be7,"[(0, 1), (9, 20), (29, 625), (627, 718), (761, 762)]"
933a1058-1177-4c2c-8883-07b88476545a,"[(0, 421)]"
67f60614-13cf-44be-aebb-1739a5a6bfe6,"[(0, 87), (128, 134), (167, 253), (254, 317), (319, 358)]"
34e27153-1ef7-40f1-9bc6-cf6624470c8f,"[(0, 91), (123, 133), (251, 303)]"
019c3c22-e381-45aa-9dd8-b45af736e43b,[]
9657eb71-3ded-443a-b74b-c7b049216b40,"[(362, 392)]"
a78272ba-4cfd-4a7f-81dc-11ce55033467,"[(3, 4), (169, 207), (208, 274)]"
1bcf33cc-d235-429f-bec5-a2d1ecc4af82,"[(3, 93), (163, 177), (433, 442), (447, 521), (537, 543)]"
14490cb8-9227-48ba-8249-44438de640c9,"[(4, 95), (155, 221), (222, 301)]"
7768cb73-ee47-4703-8309-b8e4e6c2f569,"[(80, 102), (103, 112), (137, 187), (197, 202), (211, 252), (269, 306), (313, 319), (331, 423), (424, 569), (692, 724), (754, 959), (995, 1039), (1345, 1414), (1415, 1536)]"
b6a67f6f-aa8e-48c8-9cbf-8a254a6316c9,"[(34, 35), (203, 239)]"
2ffbd593-9798-48cb-b7d9-49d3c5f5d46d,[]
18060fe2-f4e6-4d9f-950e-cc562a111524,"[(3, 4), (8, 17), (30, 51), (52, 79), (87, 113), (124, 130), (137, 151), (303, 310), (433, 437), (454, 469), (478, 509), (732, 748), (754, 759), (958, 1115), (1225, 1236), (1240, 1242), (1254, 1263), (1535, 1539), (1629, 1669)]"
3a2d4a60-51c5-4ae9-acdd-626d1258dcba,"[(0, 0), (26, 30), (53, 253), (257, 259), (263, 344), (379, 382), (386, 387), (424, 452), (454, 640), (646, 647), (874, 939)]"
bc61bd7d-c6e7-4141-b114-a3a741d46658,"[(0, 306)]"
88f4a122-88d2-441f-a899-506dce0ba770,"[(933, 977)]"
eb939635-9877-43f1-95c8-9fb6b1489c5b,"[(5, 51), (55, 74), (85, 89), (98, 106), (188, 276), (281, 288), (292, 342), (352, 382), (436, 441), (562, 570), (573, 586), (612, 616), (622, 625), (639, 710), (716, 787), (791, 866), (1058, 1066), (1069, 1122), (1124, 1186), (1192, 1202), (1208, 1222), (1227, 1233), (1234, 1237), (1258, 1262), (1276, 1326), (1332, 1482), (1488, 1543), (1549, 1712)]"
9a987e19-5fd1-4ecb-b799-c661402a671a,"[(0, 86), (95, 101), (104, 113), (137, 182), (188, 189), (196, 199), (209, 211), (221, 400)]"
36940fb8-137c-41b2-9f0b-a541c9f22839,[]
261df277-0cc1-4c64-b635-307030c0e283,[]
d8c1a2e3-a2b0-4088-a4ef-c30d91925819,"[(0, 85)]"
eda248f4-5456-4640-9a12-32568c987df1,"[(23, 73), (148, 172), (176, 198), (199, 224), (240, 241), (506, 515)]"
e0e4ffb8-7d7b-4094-b883-4fead528001a,[]
4d67d2a8-5f1c-4039-b18f-df9772c942f9,"[(0, 61), (116, 214), (229, 286)]"
49a38765-91fa-41ac-8274-e357026d6c64,[]
319eb378-406b-4b1d-97af-ba34ead6e110,[]
e25f80c3-3d0b-412f-90f6-4a48995e4d17,"[(1093, 1122), (1169, 1178), (1623, 1650), (1679, 1724)]"
833d14df-e10b-4057-a345-3924da286c34,"[(0, 38), (40, 42), (47, 55), (80, 235), (237, 260), (296, 298), (307, 320), (331, 345), (354, 380), (382, 412), (413, 428), (440, 453)]"
36cee09d-9bc1-41d8-8cae-66bb7d7f5339,"[(0, 43), (44, 208), (211, 246), (249, 270), (279, 438), (450, 455)]"
f79d8e40-5672-4f65-9041-d72402494df3,"[(74, 84), (89, 98), (349, 509), (511, 646)]"
f0c8146a-b823-40ae-bcd7-df3ecf36243a,"[(0, 7), (8, 35), (192, 195), (204, 226), (299, 379), (380, 395)]"
efc40c24-93cb-4751-8be6-904c653c9420,[]
183a4ebe-5aea-481a-bdee-b763c7d53cd8,"[(0, 0), (5, 6), (14, 27), (60, 199)]"
2e99180c-f20d-448d-87eb-5443993e2a68,"[(54, 69), (86, 168)]"
c62cdc43-58e9-4704-a38e-851823dd9889,"[(11, 142), (152, 177), (178, 243), (259, 272), (330, 337), (513, 594), (615, 629), (640, 648), (653, 709)]"
8aa59484-882a-454d-9f1e-22221934d954,"[(3, 28), (29, 42), (86, 90), (106, 118), (134, 169), (203, 220), (241, 253), (280, 283), (290, 296), (437, 462), (463, 508)]"
aa43ea7e-5d2e-4697-ae85-b973134ec340,"[(236, 272), (282, 284), (300, 325), (327, 352), (367, 370)]"
688c873b-18ee-477d-8713-9950d0a8c5aa,"[(57, 84), (117, 136), (143, 150), (236, 251), (316, 340), (381, 382), (383, 500)]"
fc4757c7-ce41-4ccf-9c16-a5fa4f43a9fb,"[(129, 153), (209, 214), (289, 296), (302, 308), (369, 537)]"
2e212512-23d5-487c-982f-09c32a1b90a9,[]
1cdd29e3-e977-4d02-bd43-d66162bcf18a,[]
70f84cdb-8445-4c36-88d6-a9e0c8c85736,"[(4, 34), (35, 77), (159, 168), (169, 176), (177, 183), (184, 192), (193, 195), (196, 200)]"
74406e54-7354-4558-803e-0de7d2ad245b,"[(296, 304), (309, 331), (347, 348), (352, 360), (416, 498), (681, 689), (692, 708), (715, 735)]"
f6be009a-6942-449d-8dda-d47827174000,"[(41, 112), (117, 118), (154, 189), (265, 294), (295, 332), (334, 482), (483, 485), (519, 527), (529, 550), (551, 686), (694, 697), (707, 716), (762, 885), (948, 1024), (1046, 1054), (1056, 1076), (1095, 1154), (1155, 1195), (1271, 1405), (1437, 1442), (1474, 1477), (1550, 1553), (1730, 1741), (1803, 1807)]"
1812c938-f5d8-4035-b1da-63beacf12d0b,"[(0, 7), (31, 50), (87, 122), (126, 127), (131, 135), (142, 146), (150, 159), (196, 197), (235, 380)]"
0ff32a80-4b6b-489c-9ff6-8a41467c83dd,[]
4182d09f-a20c-4ca0-9752-7567c63c3f3d,"[(15, 60), (422, 479), (493, 499), (897, 898), (908, 937)]"
77b1ef85-bcce-468b-a892-c31abca5887e,[]
6f2e9628-8d08-4d56-9d58-d92acdb3c65a,[]
77a9e9b0-1e20-4967-843a-bed10096cb7b,"[(45, 157)]"
c19318ef-cc59-44c5-a3c5-ecbb23267514,[]
3e9c25c7-0d0e-4d31-9efe-29a7a4f20080,"[(94, 169)]"
9ce327cf-ce09-423a-84ca-d218447b0777,"[(2, 29), (39, 51), (289, 296), (300, 339), (343, 431)]"
bddb999d-8c82-4685-b094-a98500fdaae8,[]
b2500785-9091-4459-8802-f8083281671b,[]
a91e5087-1114-4a67-b396-a3d09d5af03f,"[(0, 337)]"
24485c0c-5edf-4cdc-a981-bbb29145dab0,"[(683, 689), (691, 725)]"
9c0f8a66-fa3b-4e3a-be4f-51a0e28f5f9a,"[(150, 214), (260, 306), (489, 495)]"
5b9dd065-5958-45bb-b0cf-9e220c557387,"[(118, 159)]"
7a92cc4b-7202-4cdc-9497-b633504d8c58,[]
c1d3175c-6fd3-47c7-b5c8-3f23a45be1af,"[(152, 170), (174, 200), (202, 276)]"
7700ae45-3ac6-4100-a70e-02bbe9a4b499,"[(191, 215), (218, 293)]"
5c70914f-1248-4494-aade-a3374ca9e43a,"[(0, 4), (25, 26), (41, 44), (65, 354), (358, 538), (539, 541), (545, 741)]"
0f1b00ec-14ac-4e07-bd78-bf4e4b5a737b,"[(0, 0), (33, 49), (55, 57), (67, 360)]"
a57fec5b-e2f0-47fb-a3c4-6b96cc5f83bd,"[(14, 21), (22, 27), (28, 33), (89, 108), (110, 200), (201, 285), (330, 351), (1044, 1063), (1298, 1301), (1394, 1420)]"
1d5fa2c7-dc0c-4630-9b62-8867ced039e1,"[(8, 35)]"
6d119c36-8f91-42bc-9f3d-a0555391bc3f,"[(0, 1), (20, 26), (29, 35), (41, 47), (134, 434)]"
53e5eec1-6326-41f2-bd97-7cd63eea9b3d,"[(0, 1), (40, 43), (97, 98), (161, 464)]"
5c6d98a1-fc51-43a0-b725-513667a93081,[]
dc95dcc1-ccff-4436-b755-4acb1c2ae124,"[(0, 87), (104, 105), (115, 116), (136, 141), (187, 201), (214, 233), (236, 499)]"
1c2142a1-7cef-4ff6-9539-511e7fe6097b,"[(0, 127), (137, 146), (155, 168), (181, 193), (234, 508)]"
23c0c7e4-c809-44fb-a856-37c4d24c33fb,"[(4, 56)]"
9e61f309-7d18-41d9-9dac-3de6191d744d,"[(0, 16), (120, 135), (170, 176), (183, 190), (214, 216), (222, 252), (255, 256), (288, 317), (344, 345), (368, 369), (374, 477)]"
f6161739-4bf2-4d77-81b1-3748cb99ffe8,"[(0, 11), (17, 33), (38, 94), (96, 450), (453, 477), (482, 485), (500, 517), (557, 566), (574, 598), (600, 779), (786, 1013), (1017, 1020), (1023, 1054)]"
c6c0f9d9-3a66-4e5b-b7cd-6fbc8166075e,"[(0, 92), (122, 139), (142, 158), (161, 193), (194, 199)]"
42c1dd77-b173-4158-b384-b2d573ba0188,"[(2, 20), (25, 32), (164, 169), (175, 194), (220, 229), (233, 235), (238, 285), (287, 289), (292, 295), (301, 311), (313, 323)]"
e4c3ff11-689b-4080-9f1c-7a6f2fe72122,"[(52, 133)]"
e7226f4c-5bb4-4ad7-83bc-951fe0bd9a1b,"[(0, 1828)]"
36d15ebd-5ad5-432b-9e2e-30f69a4ad518,[]
76531904-de14-47bb-85d8-f7a397a800ce,"[(0, 0), (6, 63), (66, 126), (223, 772)]"
04b946d6-a2ee-4c64-8b91-18880e5adf26,"[(194, 198), (241, 331)]"
9e704bd4-c8fc-4a91-9f6d-e03166fbd915,[]
ab813d86-deab-43bf-a819-e65cc646d6e3,[]
1534f152-368e-4c90-b2d2-3eb1fe37e635,[]
f81963b1-858f-4b74-9519-d9957afeba6e,"[(0, 33), (38, 114), (121, 205)]"
ee87bf17-590c-44e1-bb38-1959963ac2e2,"[(112, 173)]"
d9664149-b234-4626-bd07-b68e7595ccd5,"[(0, 27), (28, 55), (56, 66), (87, 129), (187, 251), (260, 279), (308, 319), (328, 335), (535, 542), (744, 763)]"
7f275767-0633-4eab-98dd-c6e2c9047e20,"[(134, 221)]"
82b785c6-7a11-467b-af4f-8616e08c3a31,"[(0, 6), (16, 17), (22, 79), (232, 245), (248, 256)]"
c10a4dc3-57f1-4494-8957-e9e2d53d23d4,"[(0, 178), (185, 187), (240, 244), (249, 279), (281, 482), (495, 496), (497, 498), (524, 525)]"
a21e562c-fd9e-41e6-9b38-e68c9cb86f26,"[(0, 262)]"
ffb5b443-d624-487f-809f-3aec427309ea,"[(35, 48), (66, 73), (126, 165)]"
439c3e64-8b7d-4666-b6ea-40fa9b230d2b,"[(13, 19), (58, 111), (112, 166)]"
94ddd3b2-de30-4762-bb6a-d54768afcdd6,"[(8, 75), (175, 178), (183, 230), (239, 250), (255, 257), (338, 356), (361, 394), (471, 526), (531, 673), (800, 801), (814, 972)]"
bb587601-1e5f-452f-b8ca-32177e72bb65,[]
4c388f31-1964-4e13-a44d-d2ee1d195850,"[(110, 191), (192, 202)]"
53d3b9ed-f8ee-4766-ac70-e7a8e568becf,[]
5876c568-fa14-4c17-b592-b5d6b7304b69,"[(0, 1), (8, 278), (310, 318), (327, 431), (435, 469), (488, 492), (496, 930)]"
afe48f5a-1daa-4bcf-b3a9-56448eb64faf,"[(14, 87), (88, 142)]"
6a387fbb-1bdd-4ad0-bbc5-be9afc786238,"[(13, 18), (23, 27), (37, 41), (64, 86), (106, 109), (114, 127), (154, 160), (184, 206)]"
c03ee63d-2818-4cca-bd65-9aa48507d72f,"[(170, 173), (174, 180)]"
6663338f-22ed-4dde-a49d-65dbd3d9c4c1,"[(18, 45)]"
3c5382e9-3351-46c8-b36a-0d1c19fb4fe3,"[(89, 176), (177, 178)]"
930a7403-9988-431d-8dbf-2bfae0b59f5a,[]
c4faf4ab-ac55-4adf-8550-c2b1fb8c3ecb,"[(0, 9), (10, 28), (36, 160)]"
04650d24-6e9a-4536-a810-fd71742f20dd,"[(0, 0), (64, 0)]"
a1b2b666-ffaf-466e-897f-e5463ea9b9a5,"[(3, 219), (220, 249), (254, 264), (274, 365), (370, 487), (492, 549), (603, 608), (611, 612), (615, 641), (728, 742), (1201, 1247)]"
8c5c73ab-da3b-40cc-8f01-373729b6bf4b,"[(0, 120)]"
284b0a17-dc0b-4425-98f7-2003cadaf9ef,"[(81, 83), (88, 108), (300, 355)]"
fea01f61-6fa1-463e-ac17-a83c15eff319,[]
17b484ea-3cb1-4538-95c0-fa32afbdb57c,[]
58d82403-fd87-4b5f-8c70-2434d5bc672e,"[(59, 143)]"
54f432a4-9b18-47ea-927d-aff7fd970edc,"[(0, 0), (10, 105)]"
b3f6f007-bc09-4ece-9b7a-c1b7ce165ba6,"[(0, 1215), (1238, 1239)]"
f9038ad0-bb0a-40d3-bc25-953d2c511d3a,[]
84bf8c12-6973-4181-baa4-6eb3c9b08bca,"[(0, 231)]"
dbb0ee50-3348-4bbd-9123-d66f5db7b775,"[(122, 128), (145, 241)]"
fd3c45c9-0098-4419-a832-b61b0871dbae,[]
70c088e3-c8ff-40e9-9edb-7dea8c9a9c30,[]
a2b474b6-c379-499a-be25-a130ee4c3b8d,"[(0, 70), (77, 79), (81, 155), (157, 176), (186, 200), (465, 638), (831, 942), (943, 960)]"
0fd7f176-bbb6-45b6-907e-77811ee4d9fd,"[(0, 304)]"
2002b6f1-809f-4a84-8328-872e535ef372,"[(13, 16), (215, 226)]"
d8630644-97ad-476a-a0e1-0624a214adfd,[]
0c2863d5-ceac-4135-bc78-6f110236773e,"[(4, 40), (41, 64), (66, 124)]"
1a143929-603b-498c-b33c-7644cb80376c,"[(76, 117), (138, 186)]"
9e3b2c92-1dd4-4b35-8b85-fcf2f32195ab,"[(0, 0), (13, 14), (19, 81), (137, 141), (155, 162), (165, 182), (215, 259), (274, 275), (286, 426)]"
6059f44a-c9ba-438c-9ac7-5ea13e2ffa29,"[(76, 91), (101, 109), (322, 325), (374, 394), (396, 459), (515, 518), (627, 637), (645, 666), (684, 742)]"
ea7cd994-ee8d-4da2-aad9-2ca8030a0e7c,"[(0, 1), (5, 6), (7, 52), (104, 306)]"
95d041f5-28c6-41c8-b14f-66e4df5dd673,"[(0, 0), (9, 367)]"
cfe24bd2-af10-490a-853d-5f6c207a39d7,"[(0, 209)]"
a9ca9d3d-bcd4-4e13-9e05-71d4c22f13f0,"[(95, 101), (104, 253)]"
72461c19-f49c-4d2c-8fc4-aaefb6081b40,"[(2, 75)]"
67d736a2-75ad-4f1e-b9e8-6f27e5739eb3,"[(66, 117), (166, 168), (174, 175), (192, 199), (323, 328)]"
05afca05-e784-4c24-8495-0a4e5ba8dce2,"[(2, 43), (50, 64), (373, 411)]"
72dff403-8680-4736-84ba-f206f34a69a1,[]
1b5442dc-c2f4-4bff-bb44-ecffc3659738,"[(547, 651), (660, 670), (672, 755), (827, 857), (1051, 1136)]"
3fcc676a-cf5b-4099-a579-e9d9364f6a88,"[(212, 213), (307, 362)]"
b8777edf-c212-42b5-a65e-bc8a2b8482cf,[]
9e597498-d414-4e2d-a9c2-7e46eeea20cb,"[(0, 31), (81, 541), (689, 696), (720, 724), (729, 748)]"
08d7cf3f-1a0f-4996-b674-97dd22246c0e,[]
022248b8-1bb1-47ed-974e-ca368e7c6474,"[(0, 0), (30, 34), (67, 74), (112, 261)]"
4278e868-4714-486c-80ba-951cb613e4ff,[]
c918c2f3-d8c5-40c5-9ab0-b719cd64e626,"[(79, 207), (208, 248)]"
464ce171-d50f-4ab5-951e-b15a8d7b03af,"[(4, 13), (14, 38), (56, 101), (115, 118)]"
22b01bff-557c-4169-b156-0b4769c4f741,"[(0, 363)]"
f2b17895-37a7-4451-956e-9b4cbb041a36,"[(0, 0), (58, 0)]"
6a18ea8c-438c-430c-9f99-49260b65f1b2,"[(23, 74), (75, 93)]"
60e3a959-9c1d-4de0-93e4-158a41ae4b23,[]
93b7df08-1243-4e19-a685-2520cbaec5e1,"[(466, 476), (478, 493), (494, 511), (818, 852)]"
43f27cad-eb7c-4a9c-8cc1-9033fcb6843c,"[(96, 102), (132, 178), (494, 498)]"
1fac0ad0-34de-404a-abd0-2ab089ac44aa,"[(0, 81), (173, 174), (239, 291), (299, 302), (312, 315), (339, 363), (366, 525)]"
4f65a208-f369-47ea-aea0-32f09c7fda12,"[(376, 382), (389, 435), (549, 577)]"
3a1a0075-3e6c-45ee-afb0-9703b6647613,[]
238b66da-1917-4dd9-88fc-9c27236cb03d,"[(52, 83), (84, 132), (134, 135)]"
1889eea7-fa0b-4242-b838-02183ae1eb09,"[(0, 162)]"
64616f15-80b1-4506-a586-ea29d05a3ea9,"[(2, 4), (5, 9), (15, 94)]"
f9e06168-dd1a-4b85-a407-dff3799a9e92,"[(65, 98)]"
bd6bc0f6-434d-42c4-8a83-d2e2586f4d04,"[(79, 186), (187, 188)]"
9e1be177-b146-4b75-96ef-8d7ec1554617,"[(0, 114)]"
213efc5b-9d68-4fb2-b1fc-48c264d041bb,"[(0, 191), (232, 693), (696, 697), (709, 716), (743, 746), (758, 765), (777, 1015), (1031, 1034), (1115, 1116), (1185, 1186), (1236, 1255)]"
121c27f7-d635-4b0a-bbac-b1c5fcecc6ac,[]
9678e312-63a3-445e-bdcb-401f0d3010a8,"[(128, 187), (192, 232), (293, 343), (511, 526)]"
efb08b98-3086-4342-9ce7-082e1b4b21cb,"[(0, 43), (45, 52), (57, 117), (123, 243)]"
3d688960-7e69-476d-876f-e1fe6bcc86c7,"[(0, 286)]"
d382e9df-09ab-495e-b8ea-26185c56f1d7,[]
881a1b0e-62b0-4b39-8ed5-518b33e9b631,"[(39, 85), (418, 427), (451, 453)]"
26264c4c-b351-458b-8568-4c6fe7bfca94,"[(0, 23)]"
dcdc5a6d-3cb6-481d-b56e-f66149868435,[]
283ae337-ab2f-49c7-b8c6-399ca00de2e0,"[(0, 0), (13, 14), (30, 279), (280, 281)]"
e31cf514-1e0b-4386-9545-5db0d90de27b,"[(0, 37), (41, 79), (82, 151), (154, 158)]"
a57204b8-ed2d-462d-9dca-006f55666ab5,"[(0, 78), (100, 101)]"
e1730093-1417-472b-b6fa-c31368543aa2,[]
958e6e51-b78c-4d53-ba58-cd42613d386f,"[(0, 203), (213, 216), (230, 408), (477, 727)]"
e07be865-b301-4eb7-a6b7-0bf7583ac1ca,"[(246, 249), (415, 424), (513, 516)]"
bf552b30-d762-4b3a-ac1a-ff90ef73d552,[]
20a8ae93-d7b0-428d-b8ca-0c1fa9f34920,"[(192, 245), (246, 267), (283, 285), (310, 322), (362, 369), (372, 483), (485, 487), (491, 493), (495, 559), (571, 572), (578, 594), (596, 677), (696, 697), (704, 705), (747, 750), (763, 793), (809, 938), (1303, 1307), (1324, 1347), (1443, 1448), (1754, 1755), (1767, 1795), (1846, 1848)]"
e1a9bb77-8fff-447c-ae5b-c3628466040f,[]
52f81a7f-b08d-4857-87cd-a749454ccf3a,"[(0, 0), (37, 57), (60, 156), (157, 282)]"
dba4e1f3-673f-4a04-b58e-87ddee0da5c6,"[(0, 138)]"
da80e107-59d8-4924-9aa1-c93a223e8fa9,"[(0, 51), (183, 186)]"
571d9e2a-3cfa-4358-9680-4e49955f894e,"[(0, 0), (13, 106), (169, 171), (216, 233), (236, 237), (245, 255), (260, 636)]"
2b350095-a70b-418c-be8c-5c775e1dda8f,[]
16186e4d-bbab-48c4-ab00-ff8e4a5133ed,"[(0, 0), (9, 355), (366, 367), (379, 386), (397, 446)]"
8d5e996f-597f-47a1-85bc-5d40fde96ef6,[]
59418002-b708-49cc-82a9-ba39c28f716e,"[(70, 80), (81, 171), (244, 281), (282, 283)]"
c0788b58-a782-4780-9202-aa8ee81d12ac,[]
213ce1f7-15ab-4067-b239-3f8fd9c97665,"[(0, 1), (4, 252), (276, 321), (330, 377), (401, 503), (507, 565), (567, 670), (689, 756), (758, 878), (890, 893), (897, 913), (922, 923), (930, 1027), (1040, 1087), (1110, 1190), (1205, 1312), (1324, 1350), (1376, 1425), (1446, 1530), (1534, 1651)]"
13395f0d-fea6-4dae-8835-b323f394e2a5,"[(89, 99), (100, 105)]"
63d81512-8571-439d-a178-70ac0f84fe92,"[(37, 77), (79, 126)]"
fa08244f-96ec-4076-af25-97eb965aa6f1,"[(83, 101), (104, 110)]"
7a3cf4cf-62e2-4662-a0f2-5d82e60ac5b8,"[(0, 168)]"
11d763ae-ce8e-49fb-ab3c-31163cb696f8,[]
67b50a51-8688-4781-a89d-14283f922e5b,"[(0, 151), (160, 161), (165, 318), (343, 444), (456, 490), (500, 552), (563, 565), (570, 573), (580, 598), (603, 1163), (1165, 1200), (1230, 1234), (1284, 1285), (1289, 1357), (1369, 1371), (1382, 1388), (1410, 1425), (1437, 1445), (1452, 1455), (1470, 1481), (1620, 1623), (1727, 1728), (1844, 1872), (1878, 1881), (2043, 2044), (2139, 2142)]"
6c515985-7df8-4602-a9f4-389ffc2b42d5,"[(4, 5), (8, 14), (22, 23), (26, 33), (34, 62), (104, 109), (112, 125)]"
f94e1230-83a0-40e6-8ca7-621dbf721276,"[(0, 2), (3, 33), (285, 289), (303, 311), (319, 443)]"
fe5f7566-707b-454e-a93a-04d93ba3d91e,"[(33, 39)]"
99ff48fa-7568-4952-98aa-1d0b3a40cc67,[]
b85f82d1-bda5-4869-addc-b1526738b148,[]
8fc20d7a-56ae-4e67-92a5-5379ce6508d8,"[(0, 264)]"
6f008205-3667-41c5-ae83-a1e22dd5ab96,[]
c0cacafe-0738-4555-8f30-69d9c057c99f,"[(0, 1), (3, 120)]"
24145c54-cfa0-4a1b-8bab-34138d8b9b9c,"[(0, 0), (36, 190)]"
c549c454-a381-4ce0-ba36-36dee3fb1d93,"[(0, 0), (31, 32), (74, 151), (153, 220)]"
bbbe4515-532d-40e8-ba31-31afeda96039,[]
64345690-f43e-4824-83cc-b57d2afd6548,"[(17, 20), (25, 80), (81, 125), (127, 175), (183, 192), (275, 283), (320, 322), (399, 462), (660, 669), (674, 686), (690, 694), (697, 725), (727, 844), (851, 855), (862, 866), (879, 882), (887, 1003), (1005, 1061), (1094, 1097), (1098, 1101), (1143, 1214), (1223, 1226), (1296, 1363), (1365, 1408), (1409, 1435), (1496, 1583), (1584, 1633), (1713, 1716), (1786, 1799)]"
6cea3523-3f54-4a2d-95dc-f28e3ae92d0a,"[(157, 219), (220, 233)]"
3cc9f5a3-3525-476e-a3ea-e8e8a1684b53,"[(96, 101), (103, 110), (111, 122)]"
f8d5a997-4bce-4f5a-ae6c-ba972e71018f,"[(424, 544), (559, 562), (564, 573), (575, 601), (604, 619)]"
e38fe045-684f-40cb-b77f-e0d5e2ee5849,"[(33, 64), (65, 82), (86, 88)]"
1729394c-11e2-4397-b202-c4104c26e30b,"[(0, 0), (42, 333), (480, 500), (506, 684), (689, 1054)]"
4cad3755-238f-4fc8-9cf5-f8c71a9f35f7,[]
9f1341a3-e574-49c2-804b-c3c12119b210,"[(6, 11), (14, 70)]"
d2abde26-fa4d-435b-ad8d-3445697f14a8,"[(0, 0), (21, 731)]"
083e6e29-48d9-49c9-a9c8-e0b162f17273,"[(0, 0)]"
e6e4afb4-bbd4-479f-8e7d-5ca96503ef18,"[(0, 157)]"
c6acea0f-e217-4368-8456-31d4fd511247,"[(113, 118)]"
18e64c9b-4165-47ef-87ee-d361e71e7b2f,"[(3, 10), (18, 20), (23, 31), (33, 36), (43, 165), (190, 194), (197, 216), (221, 227), (250, 350), (351, 379), (385, 409), (410, 415), (417, 464), (465, 472), (476, 478), (482, 485), (533, 592), (598, 653), (655, 669), (670, 673), (680, 883)]"
6251e3f5-6340-41e1-a955-3f331707b092,"[(0, 1), (42, 44), (120, 251)]"
25119ea6-2970-4e3a-99db-8d671b166415,"[(30, 42), (43, 114)]"
934f2063-d52a-46ab-b3c7-2b7800995240,"[(85, 129), (132, 134), (219, 225), (261, 321)]"
8cf22072-8c5b-44fc-b254-3e629cca4b0a,"[(0, 115), (138, 139), (147, 148), (156, 157), (165, 166), (183, 188), (214, 215), (252, 253), (264, 265), (312, 322), (329, 455)]"
5dadc18f-ac59-4e55-b34f-2da31cc4a676,[]
a0009a5f-3a25-47bd-b361-e97bf39397d2,"[(0, 0)]"
c612d2fa-1aec-4b76-bcdc-f2ecb9dc3111,"[(630, 633), (663, 771)]"
6aadda80-6f10-4b58-a516-31ad25bc00ee,[]
5678c6b1-e787-484f-9260-b632c153354e,"[(0, 157), (173, 174), (554, 562)]"
5bec037c-b8cb-4dc2-bf9f-a3d55a288f6a,"[(19, 25), (82, 95), (133, 136), (137, 154)]"
a7144b93-be52-4f77-855c-188dcf4743b6,"[(0, 17), (53, 74), (568, 570), (593, 671), (672, 679)]"
9332a469-053e-4688-a3b5-c818841912ee,"[(4, 117)]"
82a252d1-f19e-46bf-9836-14b04df22ff0,"[(0, 702), (716, 717)]"
9bbed06d-6bb9-41af-b260-7d0f169f9550,[]
10f0bcb2-aee5-4d11-8bc1-c178f9ac016f,"[(16, 36), (41, 52)]"
19b293ec-65aa-4792-89c6-22f4d82fad82,"[(0, 217)]"
4de9af5d-d982-4f5d-bef0-eded95164251,"[(0, 239), (243, 302), (323, 329), (331, 900)]"
96183599-9622-431a-b72c-988b2e0a917c,"[(0, 94), (142, 286), (289, 296)]"
432d4e94-a83a-4ddf-af2d-4aa36b8548ae,"[(67, 106), (290, 296), (371, 379)]"
76483ec2-e1f9-4627-a6fe-ae13e7937bc2,"[(72, 73), (76, 94), (309, 316), (321, 341), (350, 356), (358, 403), (405, 459), (467, 513)]"
fd0758db-98da-40bb-8567-dbd2e531057f,"[(0, 0), (3, 26), (27, 28), (59, 71), (73, 234)]"
61759b88-630c-479f-ac59-04b01de8bbc9,[]
ed2caee1-f22a-4ab8-97fe-d33e7a671335,"[(0, 15), (21, 238)]"
c74e9996-1c3c-476f-baa2-33c7eea09465,"[(20, 56), (113, 267), (268, 307)]"
bd0ea9bf-b1fd-4c56-9ec3-4476461445fd,[]
7975e2c3-7339-4e47-8b7d-934fa0e79a36,"[(20, 26), (43, 62), (78, 88), (91, 99)]"
81c517c7-80ef-4d22-abdc-fbd1da9b5782,[]
73c2a1e0-f014-4b15-8b7f-fa8433d9df5a,"[(85, 97), (100, 104)]"
596cc35e-02e5-40fd-8d9e-a0329a80d256,"[(105, 164)]"
3fcd34b9-0dc5-4ece-869a-6cafa095f42e,"[(0, 0), (29, 31), (64, 69), (95, 103), (141, 321)]"
8785558f-5554-448c-9af2-364cca825480,"[(62, 65), (373, 475)]"
619e714e-c28c-45be-8d31-801e4c46e1ef,"[(54, 58), (223, 327)]"
625ea784-5bca-488d-bff9-2028183deb84,"[(0, 165), (180, 184), (200, 201), (227, 246), (507, 508), (556, 837)]"
ce0b6553-da40-463f-83b4-40d501d97fa8,"[(93, 96), (97, 114), (225, 240), (244, 262), (388, 414), (431, 440)]"
0da4257d-e174-4eb8-9223-3014f38d8169,"[(0, 80), (86, 135), (268, 286), (337, 342), (347, 357), (483, 489), (494, 545), (557, 562), (570, 605), (627, 629), (698, 705), (707, 755), (797, 976), (977, 1120), (1123, 1177), (1179, 1200), (1242, 1304), (1461, 1492)]"
6750835b-2429-42fa-8629-54ed0a0fb012,"[(154, 206), (254, 264)]"
eec9d4e1-baf6-4a7d-b58d-b27ef6e09e31,"[(0, 19), (31, 32), (61, 145), (167, 168), (218, 274), (287, 289), (300, 349), (374, 375), (422, 441), (447, 448), (467, 468), (499, 727), (742, 983), (1018, 1027), (1088, 1193), (1197, 1653)]"
b40c3d94-7e54-4c14-a596-953f0cbbb25f,[]
a77b817d-83bb-4d60-9df4-527c9ac5967e,"[(285, 291)]"
55f22be5-2521-438d-a6b3-6500980bac6a,[]
ee9f274b-1ce2-4889-b425-6c89be3e0672,"[(0, 0), (43, 44), (89, 96), (110, 164)]"
69945b90-4263-4b58-ac38-ec153113cfee,"[(0, 154)]"
5aaaf10e-856b-4799-94a2-b1d714894769,"[(0, 0), (28, 38), (41, 178)]"
c9b2a993-4a92-4955-ae62-7087b7a3c2fb,[]
f2e165ea-e5db-4b57-be9e-67c5eafe2168,"[(0, 43), (50, 53)]"
d2d46f10-badb-4d0e-8f7a-4c052d2550c7,"[(0, 1), (25, 26), (39, 118)]"
da3700c4-a4f9-4e8a-8a82-710d8a96d5d2,"[(0, 656), (713, 718), (871, 911), (936, 937), (978, 979), (1031, 1032), (1038, 1071), (1078, 1081), (1127, 1128), (1136, 1166), (1219, 1512), (1526, 1531), (1541, 1552), (1586, 1587), (1727, 1733), (1741, 1752), (1758, 1759), (1761, 0)]"
a2a79694-8072-4bf9-a861-f0ac3bccddf3,[]
509410bb-347e-40ef-be63-c751496d0c13,[]
a5806b6f-99cb-463f-a9d3-e638b2ce3266,"[(0, 1), (2, 3), (4, 5), (7, 59), (61, 86), (89, 109)]"
3508986c-b4fb-4f6a-90fb-c6fa6efae335,"[(74, 103)]"
cd3739f8-3671-4938-915a-8ec549216255,[]
137933a2-da88-4fa8-aaa1-2eac8230e552,[]
fc13c1a6-63e9-427f-ae4f-63c6372a5988,[]
ae5e6fc2-3280-40a7-9ab6-9f02d6189062,"[(0, 1), (39, 155)]"
001d4950-d7d5-4072-8302-ff18cad1d70b,"[(142, 151), (375, 459), (464, 556), (561, 708), (709, 729)]"
5bf83b0e-13fa-4d5d-8012-7df45c98caf5,"[(56, 62), (63, 69), (206, 207), (218, 223), (229, 256), (258, 367)]"
16fa8211-a335-4d28-96ef-3060b43ce737,"[(282, 300), (323, 329), (359, 374), (426, 552), (703, 759)]"
7b3e44e4-6f58-47d8-b66a-01206f14f97f,"[(0, 0), (18, 24), (38, 39), (45, 47), (49, 68), (70, 77), (84, 93), (99, 108), (117, 1105)]"
caf463ac-7f07-44e9-a742-27b565c77329,"[(50, 104), (105, 128), (146, 262)]"
38eb0638-0b5c-4413-bb86-9ceabe419409,"[(0, 0), (7, 33), (43, 216), (331, 334), (354, 355), (441, 784)]"
0d702196-dd6f-41d7-9316-4e81bb26b4d4,"[(0, 123)]"
e7e2593b-1058-43f8-9bb9-14bc2bd3cd96,[]
27d58df5-bf69-406b-8d23-c03ed0b96702,"[(0, 0), (20, 55), (57, 242), (312, 315), (339, 465), (505, 506), (539, 661), (697, 698)]"
f3de4c66-589d-4284-b1d2-c725bb794f0e,[]
01bae304-c2ab-44c6-9d58-a4ff31915e8a,[]
016f9037-02a3-4f4d-b542-63e1d5f918d3,"[(0, 47), (120, 155), (293, 314), (338, 344), (356, 359), (390, 487), (490, 515), (536, 591), (603, 613), (631, 643)]"
ceb87bf5-1e18-4959-be98-e2f0257ec4e7,"[(0, 0), (21, 30), (32, 66), (68, 466), (476, 477), (484, 485)]"
8ea9b54f-062c-4cf6-8c0b-b269fa397ee9,"[(5, 49), (50, 100), (104, 274), (440, 445), (454, 465), (474, 501), (502, 510)]"
64ac4c56-4743-45dc-9af5-87e05eeea9f6,[]
9a13bf01-3a9b-4689-8799-eb1d35eec650,"[(0, 237), (239, 308)]"
23a4d284-a28e-40dd-9519-0f2e8a80abe9,[]
a4929366-55ca-4b67-a0af-e87187828f5d,[]
deba8115-76bb-423f-af02-e8f577ddce27,"[(2, 33), (37, 42), (43, 45), (47, 57)]"
3b25eee6-e583-4941-8fa5-6d3e381b9fa4,"[(1406, 1409), (1428, 1441), (1447, 1449), (1460, 1473), (1482, 1489)]"
f2981630-6064-43e3-90e9-12cf4487582e,"[(60, 74), (76, 150), (167, 195), (293, 391)]"
47d0105b-1926-46a2-982b-fa26bdc5aa1d,"[(83, 110), (111, 137)]"
0a58d3c6-baa5-4701-b3d1-13efcee3c654,[]
c4622ffd-bcc9-4955-b740-8301f427fd75,"[(93, 98), (101, 128), (134, 141), (156, 162), (173, 238), (384, 418)]"
7facedba-37c6-4feb-871e-a80f8a4f9076,"[(0, 215), (238, 239), (242, 248), (251, 274), (327, 336), (429, 439), (445, 449), (454, 534)]"
6c440b5c-a43a-4852-b30f-8f347663ded3,"[(0, 289)]"
03866be2-9e8f-4dbd-9d50-e672cb9eb176,"[(17, 77)]"
48b1f6b9-3976-4733-aef4-c86ac60c567b,"[(0, 316)]"
1086bb88-0d55-4e12-85c8-0ebc1c1ca28a,"[(0, 277), (296, 314), (336, 339), (342, 549)]"
f4ca6adb-a148-4e62-827e-6e5067f007d5,"[(0, 11), (14, 17), (31, 33), (41, 46), (48, 83), (150, 154), (382, 496), (682, 755)]"
44018bb4-b07e-48d2-a527-14de2ce02bef,"[(0, 191)]"
fe3596ac-22fd-461d-af65-e1d35257dbec,[]
8cc898ff-9acb-48f0-a305-c4cde6adecbb,"[(0, 0), (13, 89), (148, 149), (182, 341), (400, 401), (407, 647)]"
be02259c-734e-49ad-897c-11a0d7a0d039,"[(0, 1), (3, 4), (8, 9), (25, 274)]"
9b833439-bdc3-4969-b521-c328f56d4dfa,"[(31, 35)]"
96884032-8402-4d41-95ff-f75cf90b91a9,[]
83cdb2de-cfc9-410b-939a-c764faf61564,[]
0c94cbda-e4cb-4b8b-8d84-3978d6a707c3,"[(9, 20), (41, 92)]"
9c35759d-60e4-4835-ab63-d46f92b54915,[]
5bc91cee-0382-49a9-a10c-8dfe35373def,"[(0, 0), (8, 581)]"
48ea7fd4-8547-4f4a-8cff-576048befc3e,"[(0, 51), (62, 162), (175, 341), (352, 353), (382, 390), (441, 453), (481, 536), (554, 569), (575, 576), (584, 585), (594, 608), (629, 630), (652, 679), (715, 719), (725, 749), (762, 772), (781, 786), (802, 805), (808, 1037)]"
3c736b61-b332-43d1-9e34-e9b42d194ab2,"[(0, 1), (26, 106)]"
df32bb77-16f0-4316-9be1-5576f4b6568f,"[(0, 246)]"
715c3e4e-e514-42f5-9d12-6cb339398020,"[(3, 26), (27, 102), (104, 111), (132, 133), (154, 155)]"
59f75544-7445-4471-9e86-e713c3f388d1,"[(3, 6), (37, 72), (73, 107)]"
3ae9fd44-e66a-4328-bbd8-7e5bd9221d6e,"[(0, 0), (67, 73), (106, 211)]"
45879c87-9a99-46e4-b6e4-93db638ca605,[]
0f111664-bd58-42d6-8002-cf0b1da8fb50,"[(28, 34), (35, 44), (55, 74), (102, 111), (113, 192), (200, 204), (212, 216)]"
9db201f2-b637-465b-9907-0b9269ce5183,[]
cd581f17-405c-4ebb-986d-1d09a51e8c91,[]
4ea12e9d-26fd-4a62-9386-b091da4f307d,"[(0, 0), (28, 29), (33, 85), (117, 119), (125, 127), (135, 137), (155, 219), (226, 230), (236, 237), (253, 254), (265, 266), (275, 276), (296, 297), (315, 643), (785, 1093)]"
72ab21e8-6089-429d-8cbb-7896392d4d76,"[(111, 157), (175, 189), (195, 200), (203, 207)]"
8c78c5c5-ffc5-4810-a00f-04ca37348ed2,"[(48, 52), (58, 60), (63, 80), (81, 84)]"
c136af4b-3b56-4a38-b2e8-5785c9efdf8d,"[(35, 43), (46, 50), (66, 76), (84, 129), (412, 602), (652, 664), (824, 942), (943, 1022), (1224, 1229), (1233, 1240), (1253, 1312), (1315, 1329), (1342, 1347), (1415, 1443), (1452, 1487), (1599, 1605), (1606, 1613), (1616, 1620), (1635, 1649), (1656, 1662), (1668, 1699)]"
3df7cad4-961d-4480-86a5-2b4ccbb519f3,"[(20, 64), (81, 128), (130, 156), (328, 456), (457, 553), (557, 563), (618, 623), (627, 629), (1471, 1526), (1620, 1626), (1758, 1775), (1792, 1809)]"
c8dca69e-6a12-43bc-a523-3011a94d65ac,"[(0, 21), (54, 79), (81, 84), (132, 184), (186, 192), (194, 200), (246, 265), (359, 478)]"
fc1d2adb-e1c6-4aab-ab0f-f61d2572ddda,"[(0, 0), (21, 26), (30, 46), (62, 109), (118, 332)]"
fbc05171-a6f7-4eab-bc7b-6416eefb94a0,"[(0, 0), (2, 43), (106, 124)]"
0bfc58bd-c984-4651-af7f-e8a338b94906,"[(366, 417), (418, 459)]"
c8b9653b-b0ee-4d2d-be73-33be81083aac,"[(10, 37), (47, 54), (55, 66), (85, 87), (191, 201), (224, 228), (303, 347), (919, 951), (958, 960), (1036, 1041), (1528, 1566), (1568, 1610)]"
16dc20be-a2b0-43f9-b674-40537aeed8e9,"[(0, 0), (18, 225), (341, 342), (367, 368), (371, 517), (526, 564), (569, 634), (746, 754), (775, 782), (784, 1061), (1077, 1097), (1151, 1301), (1319, 1320), (1325, 1368), (1370, 1632), (1635, 1687), (1689, 1860), (1862, 1934)]"
d5cb6581-5320-47ce-8fe5-ca9383e5c19c,"[(179, 182)]"
d6a19334-3a4a-4088-b9f1-1459b292cafd,"[(11, 116), (119, 125), (253, 258), (270, 272), (273, 279), (290, 304), (307, 552)]"
f298982f-9f07-43cc-a7d1-06fbffc2ff0b,"[(0, 386)]"
ea3919dc-78d7-4cae-98af-eaf439a29e68,"[(0, 662)]"
3ba4db5b-4534-4102-b66e-158d5d21f25c,"[(378, 394), (395, 408), (415, 422), (429, 479), (480, 482), (524, 547)]"
0f6bb45b-49f8-4faf-97dc-e75ca5434886,"[(160, 165), (180, 188), (292, 306), (356, 379), (421, 422), (468, 470), (474, 492), (514, 516), (521, 593), (644, 708)]"
8e5bfec1-ddb3-4d90-a019-a077bbf48269,"[(9, 12), (21, 30)]"
8ef1038d-9040-4f58-8732-4560469d09bd,"[(0, 0), (18, 78), (119, 199)]"
7283e0b7-2156-42b7-b703-d26c25ab088b,"[(36, 41), (42, 55)]"
0f11758b-1d23-449a-9f17-ffa5d9143c9f,"[(111, 112), (120, 127)]"
74cc56a2-6cee-48a2-a87d-3deafdf0db6a,"[(0, 46), (179, 219)]"
e89e3884-65f4-4d98-9645-38b1daafd433,"[(0, 0), (31, 55), (58, 437)]"
370907fd-894f-4f5d-8a64-80169db127c3,"[(0, 0), (13, 102), (124, 125), (131, 139), (147, 316)]"
1d30c12c-013e-42e4-873d-5bbe43733008,"[(0, 143)]"
6a8b38b3-552e-4e00-9157-da9bad9dbafc,"[(141, 169)]"
86d5dc81-4965-4de2-93ce-fb4ea5fdf366,"[(17, 55), (148, 216)]"
11389677-564d-42ef-8896-4ba3ddf81dfa,"[(435, 481), (483, 484), (485, 486), (487, 488)]"
58cf3baf-457f-43ed-a390-1aebe6a00bec,"[(0, 110), (117, 125), (134, 166), (407, 428)]"
f2d6b4d0-9ca0-4061-ab6b-ba1660d45699,"[(1, 59)]"
97250579-fa93-4503-98cb-6574d0a6b6cb,"[(0, 107), (114, 156), (192, 233)]"
4c95590e-fecb-4175-8043-6ab6584fe63c,"[(0, 7), (10, 13), (19, 94)]"
73540e98-f132-4b1c-ade2-9aad3593e539,"[(0, 0), (19, 244)]"
2b7dfcbd-f7f1-4b37-9277-a8f96fb57d80,"[(0, 86), (93, 94), (95, 96), (101, 102)]"
db296b75-4e46-426f-95fe-c031ad7a1ada,"[(52, 59), (63, 91), (95, 108), (112, 116), (435, 439), (448, 472), (478, 482)]"
23aaf7f6-f5ea-4817-8d74-7934a8d4d266,"[(0, 402)]"
3d5c5134-cbf4-434d-94b9-5f422bca5362,"[(35, 40), (48, 50), (61, 67), (74, 87), (91, 94), (102, 111), (122, 216)]"
59e3c283-3bbc-4522-8be3-9352077e80e2,"[(0, 14), (32, 36), (70, 71), (86, 197)]"
34c76f4d-c880-49bb-ab89-4b2a37d1017d,"[(0, 40), (41, 190)]"
e0c3f4ca-b297-4828-807a-960928763c66,"[(45, 50), (51, 55), (59, 62), (127, 128), (178, 200), (201, 204), (218, 248), (346, 352), (365, 410), (570, 574), (892, 898), (915, 918)]"
bb6b7255-424a-432d-a105-e347a6d879f0,"[(0, 120), (131, 160), (163, 182), (183, 212)]"
f7797306-38d9-4871-80e8-0e76687890b5,[]
f6be630b-c928-4e56-aa76-a0b9aa254422,"[(0, 201)]"
854a552d-bac6-42aa-96ad-6f6607e91fbd,"[(58, 69), (77, 180)]"
a3abbfa0-2330-46b4-94d6-26915662076d,"[(0, 0), (1, 49), (51, 52), (100, 103), (107, 108), (126, 127), (132, 183), (186, 274)]"
3d24b582-df79-4297-b4b2-b7f0488327d4,"[(4, 54), (86, 102)]"
b09021b8-313e-40df-b58c-d3619916b658,"[(0, 126)]"
7d2303a2-1b8b-4755-a2fd-97767d04aa17,"[(610, 680), (722, 723), (732, 849)]"
c0c0138e-5529-4521-bf3b-1436a80214f2,"[(67, 72), (91, 103), (150, 159)]"
2fe558bc-7e62-4598-aa3f-4cc8a2f43dd1,[]
c7639e74-d78b-4e6e-aa6d-223b4efaf256,"[(3, 26), (29, 101)]"
d0f86023-d68b-42a9-aeb0-cd8e2b0e2294,"[(9, 31), (47, 52), (57, 66), (88, 149), (162, 185), (197, 226), (230, 259), (261, 612), (690, 697), (701, 739), (742, 751), (763, 849), (1002, 1006), (1072, 1096), (1098, 1109), (1110, 1210), (1212, 1258), (1406, 1464), (1475, 1490), (1496, 1503), (1681, 1926), (2006, 2014), (2016, 2019)]"
f5ca9a82-bf3d-41fd-8ce6-1df08ab498d5,"[(47, 73)]"
a4e842be-df83-4053-ae4a-40e646ff8358,"[(0, 44), (45, 123)]"
d9f0854f-aa51-4f76-bf40-32b8c1544758,"[(12, 100)]"
1186945f-c883-4333-be8a-2f897dcc7851,"[(2, 69), (411, 481)]"
9a03e302-5616-4883-a96f-26a1648a6cc2,"[(64, 68), (120, 147), (333, 373)]"
c08a2ffb-ff8d-49e4-81c3-86977b805f49,"[(37, 54), (55, 65), (77, 82), (83, 180), (354, 356), (379, 381), (454, 457), (490, 563), (597, 630), (637, 638), (644, 672)]"
4caa158c-1163-47fb-9b30-7782d3f17e85,[]
748c9ef8-a63a-4eb3-967d-7252f0625549,[]
abac4c0a-b937-431c-b80e-ebc0cd6280bb,"[(177, 181), (183, 192)]"
386b7d15-2fa6-4adf-b9c1-dc896b80cb6b,"[(126, 139), (717, 733)]"
edb15438-616f-46f4-9652-b5ee808e1906,"[(0, 0), (19, 55), (61, 64), (69, 80), (83, 101), (103, 506), (510, 623), (624, 625), (627, 628), (630, 631)]"
f7ef300b-b9da-4e28-90db-23bc066304ee,"[(364, 372), (375, 388)]"
382c68d7-5f82-465c-9bbc-369de3fce65b,"[(32, 60), (61, 87), (88, 118)]"
87cd3979-2e01-4b37-ab29-a4a19aace3e5,[]
36ff04de-6e1a-4173-8dd5-f9a951a42f60,"[(0, 0), (4, 21), (25, 427), (428, 588)]"
1e488ec3-4511-4c63-a0d3-06c30d36966f,[]
b7efb1e2-c11e-4a77-b9c6-c12591887a01,"[(1208, 1223)]"
8b6cd9e1-fcaa-4ddb-a3e0-b27d5b964832,"[(54, 114), (138, 152), (159, 165)]"
e6769cb2-a9fd-4fcd-84eb-2e03b9a179ef,[]
ee26fa84-0c02-4b8d-adec-2b1579acf924,"[(0, 60), (96, 120), (171, 192), (422, 516), (560, 570), (642, 722), (725, 752)]"
f86e8c75-4096-4a82-b737-70599568b492,"[(37, 41), (70, 79), (94, 102), (150, 215)]"
abf757e1-2c69-4d1d-823c-4493a8da8bbf,[]
8300b07a-dec0-4360-8fd0-05176cfaf93e,"[(0, 0), (29, 78), (80, 108), (112, 225), (228, 317), (335, 354), (359, 379), (381, 414), (422, 425), (435, 451), (453, 460), (465, 570), (573, 633), (635, 1412), (1424, 1850)]"
86898a45-f483-4a6d-82f0-ffb8f4087f64,"[(72, 191), (192, 270)]"
f3dd9d5b-0c9a-4cbb-880c-77ad52e87127,"[(31, 65), (70, 106), (229, 268), (271, 274)]"
fcc1fd6f-6945-4d28-b50a-8efc2dcac75a,"[(0, 255)]"
e9fdc6f4-f564-4384-913a-af4ae0effca0,"[(94, 101), (102, 103), (104, 107), (108, 109)]"
45d7d371-4077-48e4-b524-39375425c7ea,[]
4c893fc3-621a-445b-8eb3-b2b7cc4657c2,"[(2, 9), (64, 105), (113, 118), (123, 288), (289, 312), (313, 358), (363, 373), (381, 451), (452, 454), (485, 489), (540, 544), (581, 584), (616, 638), (700, 814), (817, 818), (820, 822), (825, 831), (1457, 1517)]"
7f105a7c-a2e8-40c7-b1d7-a42e598d8436,"[(0, 12), (15, 16)]"
607e29f7-4843-4e54-b460-6bff2773ade3,"[(0, 8), (12, 20), (29, 275)]"
e13da546-c140-4d6c-84c5-32d874664bf6,"[(0, 109)]"
4167aa0c-2f8d-4b13-9bb3-ba5624eb36fb,"[(24, 42), (52, 57), (65, 83), (104, 107), (142, 165), (261, 335), (339, 371), (403, 407), (418, 428), (548, 599), (613, 626), (639, 648), (656, 657), (660, 714), (716, 835), (845, 935), (1029, 1033), (1034, 1228), (1229, 1235), (1413, 1430)]"
80dc0a34-1734-4da8-8fb3-1c551b225451,"[(14, 34), (365, 412), (451, 457), (568, 570)]"
dbceb464-a810-4e7f-b1b3-d5c0b7cd7cd8,"[(0, 0), (88, 97), (99, 133), (157, 171), (173, 202), (204, 222), (331, 646)]"
8aa8adb7-de42-43e6-9fc5-a06fccce6b77,"[(66, 107), (167, 177), (178, 184), (186, 204), (205, 394), (405, 406), (414, 571), (596, 788)]"
c8a8228d-8d13-4202-ab0e-2c038e1645c7,"[(112, 192), (195, 281), (282, 314), (316, 336), (337, 616)]"
83e3fea1-6ea0-4475-9725-313f2c82ee71,"[(3, 46), (48, 116), (274, 275)]"
365e64b4-fda0-4a30-b9da-a9e6cd33a278,"[(0, 346)]"
2bececfd-ef20-485c-9e28-c147283e2578,[]
b89659b8-9bc9-4a29-bdda-3fcc7f8dc7ce,"[(126, 132), (314, 322), (375, 380), (466, 478), (481, 554), (640, 748), (808, 817), (818, 834), (835, 906)]"
360a0547-493a-4608-8ddc-09d2fc927e64,"[(4, 21), (212, 216), (236, 240), (300, 363), (377, 383), (824, 866), (909, 920), (922, 994), (1309, 1319)]"
fdd34059-e7a2-45e2-8c68-1ccb932ae328,[]
a4f4c0f6-767e-4649-85d1-aa2a029298a3,[]
be9d8015-e021-402a-856a-1ae41c8345bb,"[(113, 116), (652, 671), (677, 757), (952, 960)]"
674c020f-ef01-4374-9eed-9e05bea4048d,"[(45, 49), (346, 352), (354, 361), (366, 377), (391, 394)]"
8e1ad310-2712-40b5-a0e1-c07939b0ae34,[]
515610a1-cde3-430f-a6be-5db52f0f0a73,"[(4, 13), (359, 407), (408, 437), (799, 882)]"
e2099cbe-3815-41c9-96e3-aaf92ea9fb6a,"[(14, 59), (75, 100), (103, 107), (122, 134), (136, 137)]"
4135a6ea-9618-457d-9478-9e4ef7e0a437,"[(19, 28), (29, 35), (236, 239)]"
8ab577fc-aef5-4d00-9047-a3daf013284f,[]
97943692-69b9-4f9f-a3ac-a899baf8019e,[]
c6103d74-63f9-4d35-b3f3-36dc12fd6aee,"[(2, 18), (21, 37), (94, 95)]"
21599f6a-5cb6-4892-bb6d-6c4ed77034f5,[]
18b49ed8-b6dd-440d-aebc-1ec848948a42,"[(36, 46), (50, 56), (60, 67), (70, 93)]"
6d74ba52-d772-42a4-8576-b6f17f39d59e,"[(0, 78)]"
9e61593e-0d78-429a-8b10-9bdb5aa9aa62,[]
84628e4d-057b-43e6-aa7d-043d8f33bc72,"[(0, 0), (8, 226)]"
fab29d2c-9b63-4cd8-b624-b94493eb8d35,"[(186, 197), (203, 229)]"
8bd1fa19-87c9-4cda-8010-24ce0076db9f,"[(0, 0), (60, 61), (66, 74), (78, 120), (214, 234), (350, 351), (373, 379), (417, 433), (435, 805)]"
cb7b94d7-c49d-47d7-a636-1836fad054c7,"[(0, 0), (83, 297)]"
4a537b41-419e-451a-9151-04d28b02b867,"[(178, 181)]"
592d9311-19b5-4e6a-a575-c40c2502a83a,"[(0, 0), (25, 26), (48, 169)]"
9dd0ffda-a0a6-46ad-aeca-88c50fb1c175,"[(62, 140), (155, 159), (190, 254), (257, 294)]"
1b84a944-0fe5-438a-b3f8-8d031e6fb294,"[(28, 42), (97, 143), (388, 486)]"
9a0a9b74-e993-4af6-b4d2-dd9615b4fa1d,[]
0af59178-0bec-4d5b-9ed3-a23a14d0136b,"[(0, 261), (265, 279), (301, 637), (744, 745), (801, 802), (814, 835), (843, 844), (916, 1004)]"
444a1b15-383b-4d15-a882-34c74e72d64f,"[(0, 0), (28, 233)]"
391381a4-ccf3-4c0c-979b-45ee8c420305,"[(0, 62), (68, 119)]"
d9276e6d-42e8-4555-a12e-238bf3fe1aa7,"[(0, 0), (10, 34), (74, 174)]"
ce71549e-9c28-4e56-bb5b-42f94bb926a5,[]
cc1a8482-5a75-4b07-acc5-5d48f45e9980,"[(20, 34), (35, 141), (151, 293), (295, 349), (350, 410), (412, 524)]"
3596ea48-92d5-4670-a124-58df8857cd91,"[(0, 28), (29, 92), (142, 145), (148, 155)]"
bb73997a-d24a-4962-9613-282ff750edeb,"[(61, 66), (70, 93), (94, 98), (100, 103), (107, 115), (117, 121), (125, 131), (291, 297), (316, 331)]"
99c3937c-1b05-40e4-b059-b9f69b7fe13b,[]
71e32e00-d4d2-4f3f-aa26-89ce0ac5150e,"[(0, 44), (64, 74), (120, 130), (134, 140), (177, 178), (192, 222), (263, 724)]"
87762560-9eee-4014-8da9-e42538846564,[]
bcc043a5-44e5-43d7-a8a3-50cea971696e,[]
66c81d79-b4cd-411a-9ba5-072e608b325c,"[(2, 24)]"
15b617aa-b411-4860-983d-596274b476e0,"[(0, 111)]"
d69f5a05-f891-45c0-bf93-eedd5e09555d,"[(26, 39), (250, 252)]"
971e2d96-4273-435f-97f5-8f0416676ddc,"[(0, 15), (22, 117), (127, 130), (150, 154), (162, 168), (174, 176), (183, 193), (202, 208), (218, 238), (246, 268), (280, 502)]"
5b05e6c6-ae71-49b4-9975-acbe3ce538fa,"[(0, 38)]"
fd1fe76b-b1d9-491d-9c9f-27113f980807,"[(210, 308), (317, 427)]"
4a18f088-268c-4b36-8082-46aa232b4b0e,"[(0, 531), (541, 542)]"
1088182c-9f12-4675-a53d-3b99773f0154,"[(76, 108), (135, 141), (278, 323)]"
eafd571c-060f-407c-9c3e-ef3c3194d50a,"[(0, 0), (43, 61), (70, 120), (137, 147), (183, 404), (431, 432), (481, 522), (528, 532), (598, 600), (604, 623), (632, 755)]"
eaa9cf84-2819-4008-bef1-28f5e08401bb,"[(151, 247)]"
4b32f3a3-dcbc-495b-a9fe-f6557f3a6eb8,"[(252, 296), (312, 318)]"
9d9161ae-13e9-4536-a403-4d529e1b03f3,"[(0, 104)]"
00ca550f-2a70-4cd4-af67-cc606d6f9137,"[(39, 42), (157, 167), (327, 563), (572, 579), (631, 650), (760, 766), (775, 915), (1046, 1089)]"
04a143ba-0d85-4570-97d2-954dbd061a5f,"[(0, 13), (20, 33), (51, 61), (65, 128)]"
5402596d-5d9d-4279-bf1f-20dcd1135239,"[(85, 132), (165, 176), (556, 605), (610, 684)]"
83d56166-4f0b-4d2c-b683-69c347edf514,"[(4, 30), (31, 34), (48, 163), (183, 188), (237, 316), (359, 380), (395, 398), (402, 403), (411, 412), (420, 427), (429, 469), (484, 495), (497, 503), (506, 523), (546, 620)]"
acf547e9-30e6-4d5e-b076-f8ab4f6526dc,[]
7e0d068a-4781-477e-b801-4b1bf647cb3b,"[(0, 76)]"
6dc3d640-2ee6-4dcb-a9ad-19c55b95cb55,"[(0, 62), (133, 134)]"
7d3e81b3-c1bf-4fb3-9911-0ae5c5c90030,"[(0, 136)]"
f6e46a4b-b1a1-4743-927e-fac40867ffb2,"[(14, 29), (69, 120), (902, 909), (927, 931), (950, 953), (961, 972), (978, 982), (1445, 1469), (1731, 1806), (1809, 1886)]"
cb6a0823-6199-4287-b35d-8162ed932f03,"[(359, 366), (368, 491)]"
459af2ed-9faf-4964-9574-873dbe0e0f2d,"[(41, 59), (71, 94), (269, 273), (283, 334), (345, 388), (389, 396)]"
d33e9aad-343d-44fa-8dfc-3a2c055d163f,"[(2, 129)]"
e7c29933-e5ed-4ccb-ba9c-dba20a21641c,"[(0, 68), (69, 71), (109, 129), (130, 190), (329, 382)]"
80bdecd4-a6f3-4361-88ab-fd7360038de1,"[(90, 93), (98, 128), (263, 296), (297, 444), (445, 459)]"
01d45a48-f013-4d09-9fc4-376a4219ff22,"[(0, 10), (11, 64), (80, 82), (115, 162)]"
e8006d08-32db-40af-b6ce-0681dcf7ac91,"[(15, 30), (37, 38), (55, 56), (198, 204), (222, 223), (293, 365), (366, 396)]"
0e19bcfc-5b40-4c64-a9c4-e3ffd81daf17,"[(0, 0), (1, 29), (117, 168), (188, 205), (211, 364)]"
0eb965b2-8d38-4253-8a92-f8ace905df76,"[(31, 37)]"
1a929c84-07ee-4dfa-8988-d3badbd70724,"[(0, 35), (127, 204), (270, 321), (332, 334), (344, 705)]"
40627dde-acb7-42cb-a1bb-e8b2beeb1789,"[(0, 1), (33, 34), (107, 469), (480, 483), (489, 491), (502, 515), (517, 521), (525, 588), (601, 676), (684, 686), (689, 699), (718, 849), (945, 946), (981, 999)]"
01576c12-f180-4845-8b57-bc91ae53f212,"[(4, 19), (36, 47), (206, 305), (317, 324), (327, 332), (335, 340), (344, 351), (363, 404), (405, 433), (694, 702)]"
ef7b5e4e-4727-450d-a9fb-ea4f39122e11,"[(0, 118), (119, 300), (301, 326), (329, 583), (587, 597), (602, 604), (608, 737), (745, 919), (927, 928), (953, 959), (964, 965), (975, 986), (987, 1015), (1020, 1086), (1102, 1103), (1121, 1131), (1134, 1146), (1457, 1499), (1510, 1537), (1538, 1544)]"
d774c220-49b6-4ef2-b493-675eb2107ac4,[]
ad044ea4-f6bd-4962-95d8-0aa39d22deb8,"[(251, 264), (294, 309), (317, 322), (330, 333), (341, 347), (350, 407), (415, 426)]"
f54438b4-769d-4a4c-8f45-9c64ee340cdd,"[(0, 47), (48, 109), (207, 213), (214, 223), (224, 272), (275, 465), (467, 540), (596, 634)]"
a068969f-bfce-4582-972d-889f76bcd20b,"[(0, 0), (4, 37), (39, 49), (58, 67), (69, 72), (76, 118), (121, 149), (177, 179), (190, 207), (210, 212), (215, 293), (318, 321), (323, 410), (412, 552), (602, 642), (653, 660), (693, 766), (774, 816), (818, 0)]"
c9b41eb6-dd44-4ed4-bd1f-d2479032508e,"[(0, 112)]"
04a3354b-1787-4ea3-88b3-19c1a869bb0b,"[(0, 1), (3, 123), (126, 665), (669, 778), (782, 783), (977, 978), (1010, 1042), (1057, 1059), (1099, 1102), (1110, 1118), (1184, 1189), (1192, 1193), (1364, 1369), (1404, 1405), (1549, 1550), (1567, 1902)]"
e43b0cde-076e-45b3-a282-6c7d732a77c9,[]
dc400b4d-58d7-41f0-ba3a-0f5640c84d35,"[(72, 73), (79, 93), (96, 99), (109, 129), (159, 171), (290, 319), (321, 327), (329, 403), (410, 454)]"
3baa5ad3-669e-43e5-b799-21b0d62cd1f9,"[(0, 192)]"
851731cb-abf6-41f0-874f-6b23e3a1426e,"[(150, 158)]"
ef010687-ee12-4340-a86a-2fcc77704efe,"[(2, 81), (82, 108)]"
1da0f7d4-1085-4ede-8d7f-424912a204dc,[]
1dc43f1a-d35d-4dc1-85f0-60a6ec506067,"[(319, 432), (446, 451), (474, 484), (489, 515)]"
f747c24f-c59b-48f5-bbca-fd10dd516d2d,"[(0, 40), (44, 74), (248, 253), (266, 308)]"
e8085e30-d5c7-49b0-8e4b-a47d0ef2458d,[]
811ad446-2d25-4baf-a129-7c7c14a7eec7,[]
b48bcec3-3cc8-4812-aa50-13103724d3a6,"[(0, 1), (2, 187), (199, 205), (240, 256), (258, 259)]"
fce7a504-4467-4a2e-b7a4-85d5bf63586f,"[(0, 38), (40, 63), (65, 149), (194, 249)]"
6ba74b0c-9d80-4633-8205-9103d6e52296,[]
43735624-29f2-4427-8706-ed95e22bb724,"[(0, 1), (41, 182), (183, 206)]"
e9972388-4b19-4e95-9318-c1efd91b8871,"[(0, 38), (41, 82)]"
e98bd46c-2383-4640-9562-aeeaddb3c90f,"[(0, 96), (230, 231), (232, 233)]"
7edf1a1f-bf9b-484e-be83-27f598e772f2,"[(143, 144), (541, 603), (604, 647)]"
0179cda8-d8ce-41c4-97d8-e87024b58c4b,"[(0, 1), (15, 16), (94, 155), (157, 336), (338, 426)]"
62d7c2ce-3def-45dc-aad0-505b54a26c49,"[(198, 203)]"
51639d51-4e16-4819-a308-56570e8e3625,[]
64ea555d-c172-477f-a946-6ad5cae9c60d,"[(0, 83), (86, 122), (139, 335)]"
af18a7dc-882a-4d79-9da4-fc3e2f3ce8fd,"[(21, 38), (65, 85)]"
5b74374a-449c-4033-a104-d077c389d070,"[(212, 409)]"
abf5e4e4-a4cb-40cc-af7e-211523b8c231,"[(50, 55), (60, 62), (140, 148), (159, 173), (178, 189), (203, 257), (269, 270), (276, 302), (309, 423), (435, 440), (441, 487)]"
3c156eb0-856a-417b-bd12-4ce8065e6424,"[(0, 0), (25, 34), (39, 45), (69, 86), (89, 621), (627, 686), (716, 800), (802, 1409), (1436, 1507), (1509, 0)]"
9e8c9886-1a8c-4149-b5e0-8221f1d465cc,"[(100, 126), (196, 260), (272, 277), (309, 378)]"
4ad7c9b3-7827-4fac-8388-35857345f9ab,"[(0, 88), (95, 100)]"
aca8295a-22c4-4ae1-8251-7df5d382ded0,"[(0, 122)]"
3a73edd1-0e2e-48c2-918c-da17696229b3,"[(56, 79), (106, 148)]"
839f7328-850e-40de-a34b-10847daab960,"[(123, 134), (135, 233), (234, 261)]"
cd86898d-cdfa-4c9e-a3fa-ecdd3936c3b4,"[(5, 16), (17, 228), (229, 287), (288, 294), (797, 940)]"
b70e78ba-c466-459d-a6cf-d14f1af8d73b,[]
a4115b1d-b827-49e8-a279-bb0a46e9abd5,"[(0, 121)]"
4ea72acf-4433-4568-b8b5-86eadcc59fb1,"[(0, 101)]"
44daeb1b-eb73-4aa6-a21e-344086c7cba6,"[(0, 0), (2, 142), (173, 175), (213, 553), (556, 772), (882, 883), (945, 946), (993, 1056), (1061, 1062), (1063, 1076)]"
f423fa2d-a9e5-4d63-9d19-312f341891eb,"[(107, 108), (109, 125), (140, 143), (183, 239), (240, 254), (267, 293), (1190, 1207), (1214, 1215)]"
cd787506-2669-4fdc-b6bd-efd884430dec,"[(26, 66), (72, 85), (86, 95), (106, 113), (123, 131)]"
3098daa8-8ef4-4a87-abba-df2817ef4da9,"[(0, 665)]"
c21b64fe-6e43-4a3a-a75a-772111a7c93b,[]
3515733a-f662-4749-848d-c45658f8c897,"[(327, 334), (335, 447)]"
b4f32cdf-4304-4c7d-b0f1-4d6458890857,[]
820fef3b-aa7e-4112-b5d2-ebd7e36ed9b0,"[(104, 119), (145, 187), (189, 286), (287, 306), (325, 326), (351, 390), (524, 530), (631, 658), (670, 679), (739, 746), (750, 752), (756, 935), (936, 996)]"
76e2dffe-cfb2-4165-a44e-97f2a271bbb1,"[(0, 240), (241, 242)]"
e402dde8-c4fc-479b-82ed-7f3f375cc82a,"[(0, 105), (159, 160)]"
4e36bd52-c8d5-454a-af43-717479f36f9f,"[(0, 148), (151, 215), (308, 427)]"
28975fbb-9fe4-43c9-912c-65f9e1d2d641,"[(79, 177)]"
474ae167-fc23-4564-9b5e-4c0457993f7a,"[(94, 105), (106, 123)]"
161b8f91-a148-4f9c-87e7-5d8350c973d2,"[(0, 72), (73, 80), (95, 97), (106, 127), (156, 175), (180, 222)]"
55de691a-941e-424a-8089-c6fa1ad571a6,"[(0, 67), (69, 103), (104, 109), (110, 154), (167, 209), (215, 277), (839, 877)]"
c6697a3e-b9ee-4a67-9473-d65d3d8fa9be,[]
cfa64e2f-ce25-415d-b445-a47f62058b6a,"[(18, 61), (63, 149), (186, 211), (217, 235), (239, 253), (393, 427)]"
b09fd3f3-ade6-4f69-b1bc-90d1a6253159,"[(106, 166), (167, 291), (292, 293)]"
c97eb378-3599-4802-b94d-92370f14a319,"[(0, 230), (232, 244), (248, 249), (356, 409), (460, 461)]"
a951679c-21e1-4e4e-b801-fab353913401,"[(0, 2), (6, 9), (19, 20), (26, 27), (89, 259)]"
f29c3b3f-a4d0-4804-8e44-da5c279e79f9,[]
6d9bfcbf-dc56-47b9-8cdb-67e1b6e5673c,[]
14a06a08-e44e-41dc-a808-8a50e819b31a,[]
debb971b-b18f-4c65-bbf3-d798f5999ffe,[]
456da405-87d1-4b05-a895-6e9214f7e51e,"[(107, 127), (128, 136), (210, 387), (401, 409), (444, 453), (482, 524), (525, 559)]"
5a990a21-1516-42d6-82bf-ccd105626a4d,"[(0, 241)]"
a80ff449-c61a-46e2-a8bd-c7eccafd4a21,"[(2, 32)]"
2f1f391e-0732-45cf-963c-f452b6433c82,"[(470, 485), (486, 499), (500, 516), (517, 566)]"
468879f6-0859-4461-a642-53aec3a201b9,"[(0, 187)]"
96c04ba3-0e53-4a73-81de-9c8919aec094,"[(6, 38), (39, 42), (46, 61), (96, 105), (106, 176)]"
8d2dac30-a387-42e6-9947-21442dc85b26,"[(0, 576)]"
3d4c8ce8-8a46-46ec-bd8c-4bcaa40d7f5a,[]
9561cf38-ae9e-431b-b188-9dfca2b804bc,"[(0, 0), (70, 71), (120, 341)]"
7a3fff57-5f87-41ad-9b51-1592c43cf2a7,"[(0, 161), (164, 165)]"
250d0dfa-067a-419e-b644-0f3d760083f6,"[(0, 48), (50, 182)]"
e87eebc9-6826-4b22-8301-1279db0eb345,"[(92, 117), (148, 160)]"
1b519b46-62bf-4730-b28a-83fdc79c4da3,"[(0, 0), (39, 217)]"
3a28751e-73d4-4e88-84b5-5c242b3c04c7,"[(360, 393)]"
d6f738a6-5468-4c6c-8dc5-dddd40fb84d2,"[(128, 155), (156, 191)]"
f5a1e62b-a1f2-4701-9b2f-941231eb2e7b,"[(0, 0), (35, 36), (83, 84), (134, 173), (195, 196), (307, 1075)]"
c51f56d9-3d8e-4b55-af59-261d4596ae22,"[(464, 465)]"
6822e345-7355-403b-90a5-1a062449bc69,"[(0, 23), (47, 52), (98, 137), (146, 149), (152, 179), (185, 190), (196, 197), (205, 208), (220, 230), (291, 647), (658, 684), (689, 711), (714, 715), (717, 719), (728, 1904)]"
026846bf-8510-46ba-9a88-10b9ab8f90ae,[]
81b0a63c-e37f-408f-aa54-3c98fc424434,"[(0, 84), (111, 119), (121, 193), (238, 248), (260, 393)]"
5ef2f945-fe1d-4532-997b-34ab211cd5c4,"[(0, 88), (184, 220), (322, 348), (398, 419), (423, 446), (456, 469), (562, 594), (600, 744), (836, 873), (878, 904), (907, 981), (986, 1174), (1179, 1256), (1506, 1638), (1648, 1649), (1658, 1662), (1679, 1682), (1689, 1690), (1702, 1726), (1740, 1742)]"
7086a369-ad47-4d10-96ca-cce5ac0b1752,[]
17eca93f-ba47-4aea-9782-5b93dde3f8ef,[]
fe9aa386-f773-455e-8ce5-d63bc5c83416,"[(10, 28), (29, 98), (217, 362), (363, 469), (551, 559), (567, 597), (632, 641)]"
d51617ba-10b7-4f7f-9f9e-e8e1cfdfe847,"[(0, 161), (174, 189), (192, 251)]"
18c64a83-d819-42ff-ae82-d183401787c3,"[(0, 137), (148, 151), (163, 426), (430, 433), (477, 478), (545, 950)]"
0512589f-a27f-4784-b7cf-8ab3fa128e4c,"[(0, 7), (9, 17), (26, 27), (52, 208), (239, 246), (248, 253), (297, 299), (309, 319), (321, 329), (331, 586), (597, 870), (876, 887), (891, 923), (940, 1128), (1130, 1248), (1250, 1257), (1259, 1783), (1786, 1856), (1860, 1938)]"
60320893-885c-4a2c-b5d4-408a39b6b4e8,"[(3, 6), (29, 96), (339, 445), (450, 487), (518, 525), (533, 554), (587, 682), (687, 774), (779, 842), (847, 884), (885, 962)]"
64e8be3e-a8e9-4fa8-abfb-4117cbe32e24,"[(22, 64), (110, 114), (340, 490), (646, 724)]"
4d97de1d-ebb0-41bb-af65-261af4336355,"[(16, 17), (26, 29)]"
2bafbdaa-aa82-4d9d-8b2d-7f17aa72e0b8,"[(173, 175)]"
aaf58dbf-8cad-4019-89eb-0114215128e1,"[(0, 148)]"
0ea9df7c-d5c7-4826-8763-914162e751f3,"[(82, 98), (127, 152), (171, 172), (175, 181)]"
107ab365-f31b-4833-9436-1604a0e6afee,"[(140, 189), (299, 310)]"
efc1009f-7895-48a6-b506-5502a601102a,[]
fcaef5ab-93c7-4760-aa4a-2f944af0f7ac,"[(0, 428), (438, 448), (482, 483), (504, 555), (559, 686)]"
f0b28da5-1fbf-40b7-9f54-27a6c4060d96,[]
13125d8f-d838-4e44-af79-12a132526ff8,"[(18, 19), (51, 80), (107, 154)]"
e0978d17-909e-41b6-92f5-eb42cb6d1dae,"[(3, 36), (37, 63), (75, 132), (133, 177)]"
2ef1d687-5716-45e5-8294-745dd8215beb,[]
31c40908-d90e-48c7-af54-6ee374ab260d,[]
8c3c723f-b632-4fc8-bc8f-8179ebaa98af,"[(0, 160)]"
29952c3c-bd02-41e1-9010-c2cf502df348,"[(96, 108), (145, 154)]"
c9928ea2-6410-444c-8dda-464fba31e9ff,"[(93, 189), (993, 996), (1065, 1087)]"
7bfcf6f3-52d9-428f-8141-ebcde77abb3a,"[(0, 314), (327, 957), (962, 1159), (1172, 1404), (1430, 1453), (1456, 1815), (1828, 2176)]"
ffe1feda-1fa8-4464-9dec-025f24c93dc8,[]
31385897-0ca7-48f5-94c6-ec7d35b6792c,"[(0, 0), (111, 120), (144, 357)]"
d9e0661b-2a0a-4481-b12a-a5e7a7032f8e,"[(0, 0), (43, 47), (62, 152), (167, 170), (178, 181), (184, 187), (190, 266), (269, 271), (320, 564), (576, 577), (658, 660), (705, 708), (722, 725), (728, 738), (769, 776), (790, 937)]"
5b63d944-ee6d-4379-b087-b83c57b4728c,"[(0, 0), (27, 28), (90, 91), (95, 252)]"
5996dfca-7735-4dc5-b90d-46e128a6f387,[]
b2a33711-82e4-4403-b257-48d003975b72,"[(0, 0), (33, 34), (35, 327), (340, 346), (378, 733), (736, 895)]"
a7aa2350-c0c0-45c4-a524-92fc7eb6e514,"[(0, 0), (13, 125), (200, 201), (228, 272), (276, 279), (282, 290), (299, 388), (397, 804)]"
5a752e19-d5c3-4105-a18a-1ef52d033987,"[(28, 82)]"
c885e3cf-de67-4f3c-a579-a19c6bd5e29b,"[(13, 24)]"
eead29b6-92d7-4e7c-8675-8e35d45b522c,"[(3, 13), (14, 60), (120, 142), (188, 195), (360, 370), (424, 438)]"
532fc353-a70f-4cd0-a8ac-a132c76f858c,"[(2, 28), (29, 48), (153, 155), (241, 281), (612, 661)]"
e9abb1c2-45ff-47c2-b8b2-3713b211a9eb,"[(8, 14), (231, 313), (352, 372), (373, 400), (408, 500)]"
fbc7acf4-1ddc-4dc4-b16b-0ec7a630a45f,"[(31, 40)]"
36207843-08cf-42eb-b5ed-f2bb46f9a8e3,"[(173, 280)]"
c513bcc1-e14c-4482-a6a8-270230602298,"[(0, 9), (11, 29), (45, 52), (614, 655), (683, 684), (685, 710), (723, 735), (746, 751), (770, 849), (856, 871)]"
760f8459-652a-46d7-86e7-a08f5a56cbe5,"[(189, 203), (204, 205)]"
856a655c-3eab-4a8e-b36e-1f880463056b,"[(0, 21), (42, 62)]"
2d79aa05-9dfa-466c-b2d7-444c2c4748f1,"[(5, 37)]"
8ed36b03-1606-47b7-8369-4bfedbf8812c,"[(0, 106)]"
162db6a0-e674-4c08-85bb-9032297b6346,"[(83, 103), (216, 223), (226, 246), (292, 294), (297, 311), (317, 355), (362, 544), (545, 615)]"
fcda8460-3cbf-451b-bfc4-2183eeb55310,"[(31, 32), (43, 47), (54, 85), (89, 207), (325, 329), (330, 335), (336, 389), (490, 502), (503, 511)]"
619ce056-a7bd-4d10-bd0e-a6861f3e2619,[]
c8ef5b36-17d3-4991-8022-b18c76ee9dd9,"[(10, 48), (61, 105)]"
4f3456ba-9c4f-44a2-8545-bba0e6ec94fa,[]
ca02fc6a-1559-4d92-a873-256a5dd89eba,"[(0, 275)]"
2897b4ca-65fa-47cf-be1d-9a4652f6d556,[]
03954c8a-42b9-44c9-9ddd-f2c0760d0868,"[(0, 21), (24, 41), (105, 107), (152, 158), (735, 744)]"
1dc4850f-a2c6-4539-b033-75d9a57d0562,[]
e684493b-447d-45ec-b801-a30e9a27ba9d,"[(0, 0), (13, 684)]"
08dcdf37-f962-47ce-bbdb-2ee7bfd2eea1,[]
2f606793-1556-4123-8fba-7f8b11f328c9,"[(4, 35), (36, 91)]"
5da48d8a-73b5-437b-a3b3-adc77af900cd,"[(0, 288), (298, 305), (308, 310), (312, 701), (715, 716), (745, 984)]"
f1ed2408-aaf2-43eb-83e8-ae1632b77a76,[]
b57c0890-6371-45a0-9690-8a9b20fcb7a0,[]
34dfe73a-05b3-4a2c-a7c8-2b3853627039,"[(87, 91)]"
90327ddc-282f-4aec-9ddf-b4fd8cc3de3e,"[(0, 15), (92, 97), (99, 105), (644, 657)]"
bde7c0a0-9099-4353-bc30-4a4b7c0e4aaf,"[(0, 59), (78, 80), (85, 157), (203, 209), (293, 296), (304, 326), (328, 463), (465, 736)]"
8231b29e-16fb-4482-bcff-b1b195eabd9a,"[(0, 1260), (1262, 1263), (1275, 1276), (1280, 1370), (1400, 1421), (1452, 1456), (1555, 1585), (1587, 1644), (1646, 1792), (1794, 1942)]"
49fc5aa0-07cd-4ab3-a602-4f7c9c8fa39d,"[(0, 168)]"
61b43ea0-6b37-4302-b759-0d0b3dcb1053,[]
caea3777-06a7-438b-98a7-12f2914af5c6,"[(0, 67), (77, 85), (87, 90), (113, 139)]"
56185aef-3e2b-41f8-b103-feb8fa7cc1a0,"[(134, 137), (192, 234), (248, 251)]"
73de1a05-8027-4a71-8aa5-ac440f5a4321,"[(0, 0), (19, 101), (116, 117), (126, 144), (207, 241), (251, 303), (305, 633)]"
4d34db39-f5c5-473e-ac35-b28be58c3f91,"[(508, 543)]"
1c04561a-9caf-463c-8397-9a230414be86,"[(0, 1), (2, 108), (138, 185), (191, 194), (218, 311), (316, 382), (386, 765), (781, 782), (808, 809)]"
53a308de-2cdf-45c0-b54f-bbda70df7b30,"[(75, 116)]"
2a5224c6-2cc2-4f58-b869-f74e9fcf3c66,"[(0, 5), (12, 15), (30, 73), (229, 240), (287, 332), (334, 351)]"
f2b64f88-7a47-4cf0-b6fc-fbe116e8c34f,"[(0, 0), (11, 12), (32, 40), (44, 72), (75, 177), (201, 205), (260, 304), (322, 332), (336, 342), (349, 630), (639, 640), (653, 654)]"
62789ea7-37a7-44a5-ac8a-428d1e948ae0,"[(0, 0), (99, 186)]"
1620d84b-1edf-4c5a-b09b-66db8b16fc45,"[(0, 81)]"
8cdd807e-0d23-4615-a98b-ff17a75bceea,"[(0, 40), (157, 186), (420, 432), (435, 479), (822, 843), (844, 853), (855, 878), (903, 1013), (1014, 1066)]"
3a47a5df-a623-4519-99c3-a24d3c1fb034,"[(421, 468), (522, 525), (527, 561)]"
a4637ce9-a723-44f8-ad61-4a26cc0d31b5,"[(114, 177), (179, 205), (206, 211), (232, 237)]"
104bb418-9922-4857-8adc-126ab33a96eb,[]
089e4b2a-eabe-4bf7-bcf0-5cc4bdaf0bff,"[(25, 59), (126, 136)]"
c3eb166c-e61a-4082-92dc-524de1bac0e7,"[(0, 106), (107, 168)]"
94b99daa-cad1-4bae-a1c7-e4f0bed1f62b,[]
ceb05a32-c3ee-46ae-8083-196c307d913e,[]
3786deb7-c8ad-4f99-8352-a045e02c7e86,"[(4, 74), (98, 101), (136, 139), (144, 152), (164, 192), (193, 203), (386, 416), (437, 447), (450, 464), (467, 471), (477, 485), (862, 881), (901, 922), (936, 942)]"
9ba32a80-9879-4618-85c7-9aefa944c99e,[]
c9b1d248-2b52-40fa-8b97-af6b32b6786d,[]
98e3f6c7-61c0-4b3c-81aa-1691931b224d,[]
49807aff-1fa8-4ea7-bf39-3ddb8b89e424,[]
5b352d0a-a5d7-478a-852d-6e181ec2c1ef,[]
b2650409-2e92-4e3b-a4f1-eaf76099982e,"[(0, 0), (28, 29), (83, 299)]"
86b95136-4419-4df5-8d05-a815ea180a09,"[(18, 218), (219, 229), (256, 267), (271, 277), (324, 329), (334, 351), (357, 377)]"
bfcb263e-4575-4905-9b3f-d8e14feefd05,[]
7dec9b9e-e9e8-4a38-96cd-e31b24cca7de,"[(123, 133), (634, 644), (774, 785), (801, 821), (825, 845), (1551, 1609)]"
2bc7e6de-76ea-460f-8f41-9028109618b2,"[(16, 20), (24, 56), (62, 64), (72, 75), (78, 81), (86, 162), (165, 186), (202, 314), (316, 396)]"
e482c0da-2f88-4953-b2bb-4b78ecc92e86,[]
b4e6d0c6-8d80-4289-8fb9-dea231b7cc61,"[(0, 179)]"
d0108b15-d247-4004-ad89-64ff6c3cdb2c,"[(5, 7), (50, 141)]"
311177ea-c43d-4f90-8376-b461ee323a49,"[(0, 105), (185, 265), (269, 289), (292, 388), (391, 612), (653, 654)]"
49d5c819-fc80-45c0-990e-9bee1d91d1f1,"[(0, 60), (160, 180), (228, 321), (322, 327)]"
58de85f3-b064-4639-a017-53f06714e552,"[(0, 26), (27, 46), (123, 135), (214, 226), (228, 229)]"
b3754d16-8639-4e33-a752-b6018ea45b02,"[(8, 16), (31, 48), (108, 114), (244, 382), (383, 393)]"
1b30d70b-1f73-473b-8f12-1ff1082b02be,"[(0, 191), (201, 375), (380, 401), (408, 409), (429, 430)]"
de70d915-10cd-4d1c-ade8-012622f43978,"[(0, 0), (45, 52), (54, 158)]"
985d43f6-f6df-41f2-a562-7018a80014bd,"[(50, 63), (81, 144)]"
5b161b0c-33c1-4919-b63f-df084f5ce9d8,"[(0, 67), (69, 214), (217, 219), (223, 229), (291, 300), (336, 372)]"
30fcc3ee-af73-4fb2-8f17-b5db63ca5c40,"[(352, 374), (379, 380)]"
380d0fc3-639a-489b-af25-9d7bb346e8b5,[]
433737bf-5b72-4bca-843d-0cfb8c572e78,"[(0, 26), (52, 57), (59, 164), (165, 166)]"
8cd4871b-e2e7-4e08-ba61-6c7c6affd624,"[(3, 14), (22, 26), (27, 86), (89, 106), (118, 142), (159, 160), (165, 169)]"
03157ae8-8c81-475d-ad83-708772cb8068,"[(74, 78)]"
aad25413-97df-4a25-b631-f18bb7ec3a64,"[(159, 162), (166, 175), (178, 188)]"
5a06174c-9b1f-4b37-b92f-126158e1b9f1,[]
7cfac31e-3964-4767-9b88-3d72115fdde9,"[(0, 99), (141, 142), (146, 245)]"
607e83fa-fc77-42ce-8f53-a83ee080e961,"[(0, 392)]"
7a8a5503-4b73-418f-a6e4-4a8df5030e89,[]
440ab926-7cec-4220-a4f2-9212ad735b20,"[(0, 0), (33, 84), (95, 100), (126, 129), (131, 154), (158, 545), (552, 574), (578, 584), (591, 611), (623, 632), (649, 653), (662, 668), (675, 769), (773, 812), (816, 848), (850, 881), (885, 1211)]"
61020eff-3843-468e-bcea-8baa9ea41c8f,"[(95, 103), (160, 372)]"
3fa93213-ccc4-4d12-860e-7cb2053cbb89,"[(21, 59), (75, 109), (289, 307), (323, 375), (377, 380), (390, 405), (407, 442), (444, 455), (457, 472), (477, 479), (498, 513), (519, 862), (867, 890), (892, 965), (966, 1017), (1018, 1101), (1102, 1212), (1216, 1245), (1246, 1277), (1695, 1716), (1743, 1776), (1832, 1929), (1931, 1942)]"
405f7d5c-8476-48ec-b58f-27b29235c290,"[(257, 557), (558, 649), (974, 976), (979, 982), (991, 1004), (1005, 1032), (1034, 1097), (1098, 1373), (1374, 1399)]"
68497534-f35b-4879-8b67-6fb062944f7a,[]
211172bb-0bfb-4c20-9482-cc3bd514f4d4,"[(0, 84), (87, 88), (90, 160), (220, 221), (223, 306), (308, 434), (438, 483), (486, 487), (505, 528), (531, 532), (534, 777)]"
c53d57cf-8a5e-4223-9597-5b02936cb1c5,"[(0, 0), (28, 48), (65, 76), (88, 116), (118, 488)]"
dcd34ffc-f701-4c89-92b1-9104b780c776,"[(0, 35), (491, 494), (605, 683), (693, 695), (698, 704), (715, 717), (720, 728), (730, 827), (948, 950), (1516, 1517), (1521, 1522), (1529, 1531), (1554, 1556), (1559, 1560), (1598, 1600), (1603, 1604), (1606, 1610), (1612, 1622), (1630, 1635), (1650, 1652), (1655, 1674), (1675, 1683)]"
16b51476-4263-47e9-92ae-13cf75138aa7,"[(0, 190), (239, 240), (280, 283), (292, 299), (311, 324), (334, 339), (363, 421)]"
4d5678b9-bcbf-4cf5-a16e-b6c4a4cf044b,"[(52, 206)]"
ef45316b-83dc-4779-aacb-eb2073a5cc88,"[(52, 57), (65, 210), (239, 285), (300, 347), (438, 439), (616, 651), (672, 687), (689, 792), (797, 833), (858, 893), (895, 1029), (1043, 1044), (1087, 1115), (1229, 1266), (1404, 1504), (1508, 1519), (1529, 1544), (1784, 2074)]"
ec5e675d-82fe-466d-b812-26dcc1df0b5c,"[(317, 347), (369, 386), (412, 437), (438, 456), (485, 534), (814, 851), (893, 934), (961, 975), (1030, 1085)]"
36382d28-11f8-46b6-9688-bcfba391746f,"[(215, 235), (236, 347), (375, 398), (423, 427)]"
d1670279-bbe9-446e-b8f9-6898c37c30a4,[]
dd06a92c-1ccb-45b4-b7af-aad875ce7d2d,"[(0, 1), (111, 118), (120, 269)]"
bc138899-3f9f-47d8-9637-a357a6ec638a,"[(99, 131), (132, 163), (289, 316), (522, 563), (565, 585), (707, 786), (788, 801), (819, 832), (842, 898), (1043, 1051), (1059, 1128), (1147, 1212)]"
a7044a8e-35c2-4ac5-939d-5132c739cca3,[]
4bf59d2a-e3cf-44c8-8926-55977a1435a9,"[(71, 91), (93, 225), (269, 291), (853, 864), (1148, 1154), (1276, 1294), (1407, 1463), (1466, 1503), (1564, 1568), (1593, 1699), (1762, 1763), (1764, 1766), (1771, 1783), (1826, 1831), (1834, 1854)]"
96ccfc43-d5cb-43eb-9053-ac5e2e156a3c,"[(0, 735)]"
e5ec42a7-1e70-4fab-8ebe-bb0ca0388612,"[(0, 0), (90, 148), (261, 262), (277, 278), (283, 286), (288, 702)]"
4a969ba8-6738-4e7c-8efb-5a444b9d5c8b,"[(218, 223), (509, 531), (663, 666)]"
c48cbb24-5b32-487b-8056-dca981a5b96c,"[(0, 0), (107, 339)]"
d23b4f8b-d59f-4ab3-9bff-3f53b58e815f,"[(7, 12), (517, 520), (1327, 1399)]"
0369e166-88f0-4522-a127-51e542e3fa85,"[(83, 84), (87, 88), (94, 105), (162, 168), (173, 191), (193, 222), (854, 894), (1323, 1340), (1345, 1350), (1353, 1393), (1395, 1418), (1424, 1443), (1444, 1487)]"
e8e22b6d-0068-4afb-b606-4a1baa8a8d4c,"[(0, 0), (32, 33), (113, 261), (367, 368), (420, 421), (426, 793)]"
8b1d69b4-69ce-4e40-b4ba-dd2f370a8b6f,"[(0, 0), (3, 4), (15, 105), (174, 497)]"
c2246217-3358-4f61-bda8-e2ec21aed5b2,"[(382, 480)]"
45aa63c4-2248-4a0e-8f66-f3d23b6828ed,"[(0, 4), (67, 70), (259, 274)]"
5e68b0a8-e87c-45a3-a53a-7bde2e73471a,[]
